[09/17 18:46:41 UTC] mic 2.1.3 (ip-192-168-56-202 ubuntu 24.04 Noble Numbat)
[09/17 18:46:41 UTC] Substitute macro variable @BUILD_ID@/@ARCH@ in ks: /data/workspace/gbsbuild-ROOT//IMG_WORKSPACE/8812/WORKSPACE/mic/out/tizen-headed-aarch64.ks
[09/17 18:46:41 UTC] Retrieving repo metadata:
[09/17 18:46:41 UTC] Retrieving repomd.xml ...
[09/17 18:46:41 UTC] Retrieving 5f4859f3b2e25f778c1ea6ff64e9cc7b17ceac72b2512ad584ca81874411ca7d- ...
[09/17 18:46:41 UTC] Retrieving 6404cd10441bec14d881601b2e584811eb64d1d0d6a34eed995fc572835eac7e- ...
[09/17 18:46:41 UTC] Retrieving repomd.xml ...
[09/17 18:46:41 UTC] Retrieving af10c9b42c4af482682d8a94e444c6a3a3d7349b9a3a8eacc7c303c201a97f8a- ...
[09/17 18:46:41 UTC]  DONE
[09/17 18:46:42 UTC] Loading f2fs...
[09/17 18:46:42 UTC] Creating tizen bootstrap ...
[09/17 18:46:43 UTC] Retrieving mic-bootstrap-x86-arm-1.0-1.aarch64.rpm ...
[09/17 18:46:43 UTC] Next install: mic-bootstrap-x86-arm-1.0-1.aarch64.rpm 
[09/17 18:46:43 UTC] Installing: mic-bootstrap-x86-arm-1.0-1.aarch64.rpm            ++++++++++++++++++++++++++++++++++++++ [1/1]
[09/17 18:46:43 UTC] 
[09/17 18:47:09 UTC] Copy host mic to bootstrap
[09/17 18:47:09 UTC] Start mic in bootstrap: /var/tmp/mic-bootstrap/tizen2ujo66v9/bootstrap

[09/17 18:47:10 UTC] mic 2.1.3 (ip-192-168-56-202 tizen)
[09/17 18:47:10 UTC] Substitute macro variable @BUILD_ID@/@ARCH@ in ks: /data/workspace/gbsbuild-ROOT//IMG_WORKSPACE/8812/WORKSPACE/mic/out/tizen-headed-aarch64.ks
[09/17 18:47:10 UTC] Retrieving repo metadata:
[09/17 18:47:10 UTC] Retrieving repomd.xml ...
[09/17 18:47:10 UTC] Retrieving repomd.xml ...
[09/17 18:47:10 UTC]  DONE
[09/17 18:47:12 UTC] Refreshing repository: gbs_repo ...
[09/17 18:47:13 UTC] Refreshing repository: gbs_base_repo_0 ...
[09/17 18:47:13 UTC] zypp architecture is <aarch64>
[09/17 18:47:13 UTC] Checking packages cached ...
[09/17 18:47:13 UTC] Packages: 1262 Total, 0 Cached, 1262 Missed
[09/17 18:47:13 UTC] Downloading packages ...
[09/17 18:47:13 UTC] Retrieving boost-license-1.83.0-1.2.noarch.rpm [1/1262] ...
[09/17 18:47:13 UTC] Retrieving default-ac-domains-0.2-1.1.aarch64.rpm [2/1262] ...
[09/17 18:47:13 UTC] Retrieving libmagic-data-5.46-1.10.aarch64.rpm [3/1262] ...
[09/17 18:47:13 UTC] Retrieving pcre2-syntax-10.47-1.1.aarch64.rpm [4/1262] ...
[09/17 18:47:13 UTC] Retrieving setup-0.9-1.11.noarch.rpm [5/1262] ...
[09/17 18:47:13 UTC] Retrieving filesystem-3.1-1.1.aarch64.rpm [6/1262] ...
[09/17 18:47:13 UTC] Retrieving glibc-2.40-1.11.aarch64.rpm [7/1262] ...
[09/17 18:47:13 UTC] Retrieving zlib-1.3.1-1.11.aarch64.rpm [8/1262] ...
[09/17 18:47:13 UTC] Retrieving zip-3.0-1.1.aarch64.rpm [9/1262] ...
[09/17 18:47:13 UTC] Retrieving xdgmime-0.0.20-1.1.aarch64.rpm [10/1262] ...
[09/17 18:47:13 UTC] Retrieving update-alternatives-1.22.21-1.1.aarch64.rpm [11/1262] ...
[09/17 18:47:13 UTC] Retrieving sed-4.1c-1.10.aarch64.rpm [12/1262] ...
[09/17 18:47:13 UTC] Retrieving pkg-config-0.29.2-1.10.aarch64.rpm [13/1262] ...
[09/17 18:47:13 UTC] Retrieving pcre2-10.47-1.1.aarch64.rpm [14/1262] ...
[09/17 18:47:13 UTC] Retrieving opus-1.3.1-2.1.aarch64.rpm [15/1262] ...
[09/17 18:47:13 UTC] Retrieving nspr-4.36-1.1.aarch64.rpm [16/1262] ...
[09/17 18:47:13 UTC] Retrieving net-tools-2.0_20121208git-1.6.aarch64.rpm [17/1262] ...
[09/17 18:47:13 UTC] Retrieving libzstd1-1.5.7-1.9.aarch64.rpm [18/1262] ...
[09/17 18:47:13 UTC] Retrieving libxml2-2.15.1-1.10.aarch64.rpm [19/1262] ...
[09/17 18:47:13 UTC] Retrieving libxcrypt-4.4.36-1.11.aarch64.rpm [20/1262] ...
[09/17 18:47:13 UTC] Retrieving libwebp-1.4.0-1.1.aarch64.rpm [21/1262] ...
[09/17 18:47:13 UTC] Retrieving libv4l-1.6.0-7.1.aarch64.rpm [22/1262] ...
[09/17 18:47:13 UTC] Retrieving libuuid-2.41.2-1.4.aarch64.rpm [23/1262] ...
[09/17 18:47:13 UTC] Retrieving libunwind-1.6.2-1.1.aarch64.rpm [24/1262] ...
[09/17 18:47:13 UTC] Retrieving libsqlite-3.51.0-1.11.aarch64.rpm [25/1262] ...
[09/17 18:47:13 UTC] Retrieving libsmartcols-2.41.2-1.4.aarch64.rpm [26/1262] ...
[09/17 18:47:13 UTC] Retrieving libsmack-1.3.1-1.8.aarch64.rpm [27/1262] ...
[09/17 18:47:13 UTC] Retrieving libpopt-1.16-1.8.aarch64.rpm [28/1262] ...
[09/17 18:47:13 UTC] Retrieving libpcre-8.45-1.11.aarch64.rpm [29/1262] ...
[09/17 18:47:13 UTC] Retrieving libopenssl3-3.5.5-1.11.aarch64.rpm [30/1262] ...
[09/17 18:47:13 UTC] Retrieving libopenssl11-1.1.1w-1.10.aarch64.rpm [31/1262] ...
[09/17 18:47:13 UTC] Retrieving libogg-1.3.2-1.1.aarch64.rpm [32/1262] ...
[09/17 18:47:14 UTC] Retrieving libnl3-3.2.22-1.1.aarch64.rpm [33/1262] ...
[09/17 18:47:14 UTC] Retrieving libmtdev-1.1.6-1.1.aarch64.rpm [34/1262] ...
[09/17 18:47:14 UTC] Retrieving liblzma-5.8.1-1.10.aarch64.rpm [35/1262] ...
[09/17 18:47:14 UTC] Retrieving liblua-5.1.5-1.8.aarch64.rpm [36/1262] ...
[09/17 18:47:14 UTC] Retrieving libltdl-2.5.4-1.11.aarch64.rpm [37/1262] ...
[09/17 18:47:14 UTC] Retrieving libjpeg-8.2.2-1.1.aarch64.rpm [38/1262] ...
[09/17 18:47:14 UTC] Retrieving libgpg-error-1.51-1.1.aarch64.rpm [39/1262] ...
[09/17 18:47:14 UTC] Retrieving libgomp-14.2.0-1.11.aarch64.rpm [40/1262] ...
[09/17 18:47:14 UTC] Retrieving libgcc-14.2.0-1.11.aarch64.rpm [41/1262] ...
[09/17 18:47:14 UTC] Retrieving libfreebl3-3.109-1.1.aarch64.rpm [42/1262] ...
[09/17 18:47:14 UTC] Retrieving libffi-3.4.7-1.11.aarch64.rpm [43/1262] ...
[09/17 18:47:14 UTC] Retrieving libexpat-2.7.3-1.10.aarch64.rpm [44/1262] ...
[09/17 18:47:14 UTC] Retrieving libdrm-2.4.131-1.1.aarch64.rpm [45/1262] ...
[09/17 18:47:14 UTC] Retrieving libcom_err-1.46.0-1.4.aarch64.rpm [46/1262] ...
[09/17 18:47:14 UTC] Retrieving libcares-1.21.0-1.1.aarch64.rpm [47/1262] ...
[09/17 18:47:14 UTC] Retrieving libcap-2.73-1.9.aarch64.rpm [48/1262] ...
[09/17 18:47:14 UTC] Retrieving libbz2-1.0.8-1.10.aarch64.rpm [49/1262] ...
[09/17 18:47:14 UTC] Retrieving libblkid-2.41.2-1.4.aarch64.rpm [50/1262] ...
[09/17 18:47:14 UTC] Retrieving libattr-2.5.1-1.11.aarch64.rpm [51/1262] ...
[09/17 18:47:14 UTC] Retrieving libatomic-14.2.0-1.11.aarch64.rpm [52/1262] ...
[09/17 18:47:14 UTC] Retrieving libasound-1.2.12-1.1.aarch64.rpm [53/1262] ...
[09/17 18:47:14 UTC] Retrieving iptables-1.6.1-2.1.aarch64.rpm [54/1262] ...
[09/17 18:47:14 UTC] Retrieving iniparser-4.2.6-1.1.aarch64.rpm [55/1262] ...
[09/17 18:47:14 UTC] Retrieving giflib-5.2.2-1.2.aarch64.rpm [56/1262] ...
[09/17 18:47:14 UTC] Retrieving fribidi-1.0.10-1.1.aarch64.rpm [57/1262] ...
[09/17 18:47:14 UTC] Retrieving findutils-4.3.8-1.11.aarch64.rpm [58/1262] ...
[09/17 18:47:14 UTC] Retrieving boost-system-1.83.0-1.1.aarch64.rpm [59/1262] ...
[09/17 18:47:14 UTC] Retrieving bash-3.2.57-1.10.aarch64.rpm [60/1262] ...
[09/17 18:47:14 UTC] Retrieving minizip-1.3.1-1.11.aarch64.rpm [61/1262] ...
[09/17 18:47:14 UTC] Retrieving libmagic-5.46-1.10.aarch64.rpm [62/1262] ...
[09/17 18:47:14 UTC] Retrieving libelf-0.189-1.11.aarch64.rpm [63/1262] ...
[09/17 18:47:14 UTC] Retrieving nss-certs-3.109-1.1.aarch64.rpm [64/1262] ...
[09/17 18:47:14 UTC] Retrieving libxslt-1.1.43-1.1.aarch64.rpm [65/1262] ...
[09/17 18:47:14 UTC] Retrieving shadow-utils-4.1.4.2-7.1.aarch64.rpm [66/1262] ...
[09/17 18:47:14 UTC] Retrieving sqlite-3.51.0-1.11.aarch64.rpm [67/1262] ...
[09/17 18:47:14 UTC] Retrieving liblastlog2-2.41.2-1.4.aarch64.rpm [68/1262] ...
[09/17 18:47:14 UTC] Retrieving smack-1.3.1-1.8.aarch64.rpm [69/1262] ...
[09/17 18:47:14 UTC] Retrieving grep-2.5.2-1.10.aarch64.rpm [70/1262] ...
[09/17 18:47:14 UTC] Retrieving libvorbis-1.3.7-1.1.aarch64.rpm [71/1262] ...
[09/17 18:47:14 UTC] Retrieving libgcrypt-1.11.0-1.1.aarch64.rpm [72/1262] ...
[09/17 18:47:14 UTC] Retrieving libstdc++-14.2.0-1.11.aarch64.rpm [73/1262] ...
[09/17 18:47:14 UTC] Retrieving libkmod-34.2-1.1.aarch64.rpm [74/1262] ...
[09/17 18:47:14 UTC] Retrieving libgfortran-14.2.0-1.11.aarch64.rpm [75/1262] ...
[09/17 18:47:14 UTC] Retrieving kmod-34.2-1.1.aarch64.rpm [76/1262] ...
[09/17 18:47:14 UTC] Retrieving libext2fs-1.46.0-1.4.aarch64.rpm [77/1262] ...
[09/17 18:47:14 UTC] Retrieving libcap-tools-2.73-1.9.aarch64.rpm [78/1262] ...
[09/17 18:47:14 UTC] Retrieving libmount-2.41.2-1.4.aarch64.rpm [79/1262] ...
[09/17 18:47:14 UTC] Retrieving libfdisk-2.41.2-1.4.aarch64.rpm [80/1262] ...
[09/17 18:47:14 UTC] Retrieving libacl-2.3.2-1.10.aarch64.rpm [81/1262] ...
[09/17 18:47:14 UTC] Retrieving alsa-utils-1.2.12-3.1.aarch64.rpm [82/1262] ...
[09/17 18:47:14 UTC] Retrieving unzip-610c25-1.1.aarch64.rpm [83/1262] ...
[09/17 18:47:14 UTC] Retrieving iproute2-5.5.0-1.1.aarch64.rpm [84/1262] ...
[09/17 18:47:14 UTC] Retrieving gawk-3.1.5-1.1.aarch64.rpm [85/1262] ...
[09/17 18:47:14 UTC] Retrieving coreutils-6.9-14.1.aarch64.rpm [86/1262] ...
[09/17 18:47:14 UTC] Retrieving libdw-0.189-1.11.aarch64.rpm [87/1262] ...
[09/17 18:47:14 UTC] Retrieving libbpf-1.6.2-1.1.aarch64.rpm [88/1262] ...
[09/17 18:47:14 UTC] Retrieving libsoftokn3-3.109-1.1.aarch64.rpm [89/1262] ...
[09/17 18:47:14 UTC] Retrieving nss-3.109-1.1.aarch64.rpm [90/1262] ...
[09/17 18:47:14 UTC] Retrieving xmlsec1-1.3.9-1.1.aarch64.rpm [91/1262] ...
[09/17 18:47:14 UTC] Retrieving xmlsec1-openssl-1.3.9-1.1.aarch64.rpm [92/1262] ...
[09/17 18:47:14 UTC] Retrieving libxslt-tools-1.1.43-1.1.aarch64.rpm [93/1262] ...
[09/17 18:47:14 UTC] Retrieving shadow-utils-adm-4.1.4.2-7.1.aarch64.rpm [94/1262] ...
[09/17 18:47:14 UTC] Retrieving libvorbisenc-1.3.7-1.1.aarch64.rpm [95/1262] ...
[09/17 18:47:14 UTC] Retrieving patchelf-0.16.1-1.9.aarch64.rpm [96/1262] ...
[09/17 18:47:14 UTC] Retrieving nghttp2-1.51.0-1.1.aarch64.rpm [97/1262] ...
[09/17 18:47:14 UTC] Retrieving libtiff-4.7.0-1.1.aarch64.rpm [98/1262] ...
[09/17 18:47:14 UTC] Retrieving libpcrecpp-8.45-1.11.aarch64.rpm [99/1262] ...
[09/17 18:47:14 UTC] Retrieving libicu-78.1-1.2.aarch64.rpm [100/1262] ...
[09/17 18:47:14 UTC] Retrieving jsoncpp-1.9.6-1.9.aarch64.rpm [101/1262] ...
[09/17 18:47:14 UTC] Retrieving boost-thread-1.83.0-1.1.aarch64.rpm [102/1262] ...
[09/17 18:47:14 UTC] Retrieving boost-program-options-1.83.0-1.1.aarch64.rpm [103/1262] ...
[09/17 18:47:14 UTC] Retrieving boost-filesystem-1.83.0-1.1.aarch64.rpm [104/1262] ...
[09/17 18:47:14 UTC] Retrieving abseil-cpp-20250814.1-1.1.aarch64.rpm [105/1262] ...
[09/17 18:47:14 UTC] Retrieving kmod-compat-34.2-1.1.aarch64.rpm [106/1262] ...
[09/17 18:47:14 UTC] Retrieving e2fsprogs-1.46.0-1.4.aarch64.rpm [107/1262] ...
[09/17 18:47:14 UTC] Retrieving tar-1.17-1.1.aarch64.rpm [108/1262] ...
[09/17 18:47:14 UTC] Retrieving libarchive-3.8.1-1.4.aarch64.rpm [109/1262] ...
[09/17 18:47:14 UTC] Retrieving acl-2.3.2-1.10.aarch64.rpm [110/1262] ...
[09/17 18:47:14 UTC] Retrieving tzdata-2025b-1.1.aarch64.rpm [111/1262] ...
[09/17 18:47:14 UTC] Retrieving terminfo-base-full-6.6-1.5.aarch64.rpm [112/1262] ...
[09/17 18:47:14 UTC] Retrieving pam-1.1.6-1.5.aarch64.rpm [113/1262] ...
[09/17 18:47:14 UTC] Retrieving openssl3-3.5.5-1.11.aarch64.rpm [114/1262] ...
[09/17 18:47:14 UTC] Retrieving gzip-1.3.12-1.8.aarch64.rpm [115/1262] ...
[09/17 18:47:14 UTC] Retrieving glibc-locale-2.40-1.11.aarch64.rpm [116/1262] ...
[09/17 18:47:14 UTC] Retrieving libpsl-0.21.0-1.1.aarch64.rpm [117/1262] ...
[09/17 18:47:14 UTC] Retrieving rpm-4.14.1.1-1.6.aarch64.rpm [118/1262] ...
[09/17 18:47:14 UTC] Retrieving libarchive-tools-3.8.1-1.4.aarch64.rpm [119/1262] ...
[09/17 18:47:14 UTC] Retrieving libncurses6-6.6-1.5.aarch64.rpm [120/1262] ...
[09/17 18:47:14 UTC] Retrieving pam-modules-extra-1.1.6-1.5.aarch64.rpm [121/1262] ...
[09/17 18:47:14 UTC] Retrieving libcurl-8.11.0-1.1.aarch64.rpm [122/1262] ...
[09/17 18:47:14 UTC] Retrieving rpm-security-plugin-4.14.1.1-1.6.aarch64.rpm [123/1262] ...
[09/17 18:47:14 UTC] Retrieving procps-ng-4.0.5-1.1.aarch64.rpm [124/1262] ...
[09/17 18:47:14 UTC] Retrieving libreadline-5.2-1.11.aarch64.rpm [125/1262] ...
[09/17 18:47:14 UTC] Retrieving curl-8.11.0-1.1.aarch64.rpm [126/1262] ...
[09/17 18:47:14 UTC] Retrieving util-linux-2.41.2-1.4.aarch64.rpm [127/1262] ...
[09/17 18:47:14 UTC] Retrieving activationd-plugin-0.1.1-0.aarch64.rpm [128/1262] ...
[09/17 18:47:14 UTC] Retrieving amd-isu-1.82.3-1.aarch64.rpm [129/1262] ...
[09/17 18:47:14 UTC] Retrieving bluez-profile_common-5.79-1.aarch64.rpm [130/1262] ...
[09/17 18:47:14 UTC] Retrieving building-blocks-sub2-Preset_boards-COMMON-Sensor-11.0.0 [131/1262] ...
[09/17 18:47:14 UTC] Retrieving building-blocks-sub2-domain_API-Multimedia-Configuratio [132/1262] ...
[09/17 18:47:14 UTC] Retrieving building-blocks-sub2-domain_CSAPI-Applications-Preferen [133/1262] ...
[09/17 18:47:14 UTC] Retrieving building-blocks-sub2-domain_CSAPI-System-PlatformConfig [134/1262] ...
[09/17 18:47:14 UTC] Retrieving building-blocks-sub2-domain_CSAPI-System-Session-11.0.0 [135/1262] ...
[09/17 18:47:14 UTC] Retrieving ca-certificates-tizen-1.1.5-0.aarch64.rpm [136/1262] ...
[09/17 18:47:14 UTC] Retrieving capi-system-device-isu-0.1.0-0.aarch64.rpm [137/1262] ...
[09/17 18:47:14 UTC] Retrieving capi-system-resource-isu-1.0.0-0.aarch64.rpm [138/1262] ...
[09/17 18:47:14 UTC] Retrieving capi-system-sensor-isu-0.2.5-1.aarch64.rpm [139/1262] ...
[09/17 18:47:14 UTC] Retrieving connman-isu-1.42-4.aarch64.rpm [140/1262] ...
[09/17 18:47:14 UTC] Retrieving coreclr-dbgshim-8.0.547301-37.aarch64.rpm [141/1262] ...
[09/17 18:47:14 UTC] Retrieving crossgen2-mic-8.0.11-0.noarch.rpm [142/1262] ...
[09/17 18:47:14 UTC] Retrieving dlog-config-persistent-logs-9.0.2-1.aarch64.rpm [143/1262] ...
[09/17 18:47:14 UTC] Retrieving dlog-isu-9.0.2-1.aarch64.rpm [144/1262] ...
[09/17 18:47:14 UTC] Retrieving dumpsys-common-2.0.16-1.aarch64.rpm [145/1262] ...
[09/17 18:47:14 UTC] Retrieving efl-locale-1.25.1-0.aarch64.rpm [146/1262] ...
[09/17 18:47:14 UTC] Retrieving efl-theme-tizen-common-1.0-0.aarch64.rpm [147/1262] ...
[09/17 18:47:14 UTC] Retrieving elm-sharp-theme-common-1.0-0.aarch64.rpm [148/1262] ...
[09/17 18:47:14 UTC] Retrieving enlightenment-isu-0.20.0-tz11_3.0.1.aarch64.rpm [149/1262] ...
[09/17 18:47:14 UTC] Retrieving firmware-update-system-ui-1.2.13-0.aarch64.rpm [150/1262] ...
[09/17 18:47:14 UTC] Retrieving libfeedback-isu-0.2.0-1.aarch64.rpm [151/1262] ...
[09/17 18:47:14 UTC] Retrieving libthai-data-0.1.18-0.aarch64.rpm [152/1262] ...
[09/17 18:47:14 UTC] Retrieving mused-isu-0.5.1-0.aarch64.rpm [153/1262] ...
[09/17 18:47:14 UTC] Retrieving nnstreamer-default-configuration-2.7.0-0.aarch64.rpm [154/1262] ...
[09/17 18:47:14 UTC] Retrieving opentk-3.0.4-1.noarch.rpm [155/1262] ...
[09/17 18:47:14 UTC] Retrieving org.tizen.NUIGadgetViewer-1.82.3-1.aarch64.rpm [156/1262] ...
[09/17 18:47:14 UTC] Retrieving org.tizen.bt-syspopup-1.0.0-1.aarch64.rpm [157/1262] ...
[09/17 18:47:14 UTC] Retrieving org.tizen.bt-syspopup-profile_common-1.0.0-1.aarch64.rp [158/1262] ...
[09/17 18:47:14 UTC] Retrieving reboot-param-helper-7.5.3-0.aarch64.rpm [159/1262] ...
[09/17 18:47:14 UTC] Retrieving resourced-config-10.0.0-1.aarch64.rpm [160/1262] ...
[09/17 18:47:14 UTC] Retrieving resourced-isu-10.0.0-1.aarch64.rpm [161/1262] ...
[09/17 18:47:14 UTC] Retrieving sensord-isu-10.0.0-1.aarch64.rpm [162/1262] ...
[09/17 18:47:14 UTC] Retrieving svi-data-profile_common-0.2.0-1.aarch64.rpm [163/1262] ...
[09/17 18:47:14 UTC] Retrieving system-server-worker-10.0.0-0.aarch64.rpm [164/1262] ...
[09/17 18:47:14 UTC] Retrieving tizen-debug-2.40-1.aarch64.rpm [165/1262] ...
[09/17 18:47:14 UTC] Retrieving typelib-1_0-Atspi-2_0-2.44.1-1.aarch64.rpm [166/1262] ...
[09/17 18:47:14 UTC] Retrieving upgrade-parse-dynparts-10.0.0-0.aarch64.rpm [167/1262] ...
[09/17 18:47:14 UTC] Retrieving upgrade-resize-dynparts-10.0.0-0.aarch64.rpm [168/1262] ...
[09/17 18:47:14 UTC] Retrieving zint-2.6.7-2.aarch64.rpm [169/1262] ...
[09/17 18:47:14 UTC] Retrieving zbar-0.10-23.aarch64.rpm [170/1262] ...
[09/17 18:47:14 UTC] Retrieving xdelta3-3.0.11-1.aarch64.rpm [171/1262] ...
[09/17 18:47:14 UTC] Retrieving system-plugin-config-dlconf-0.1-1.noarch.rpm [172/1262] ...
[09/17 18:47:14 UTC] Retrieving sbc-1.2-0.aarch64.rpm [173/1262] ...
[09/17 18:47:14 UTC] Retrieving rnnoise-0-0.4.aarch64.rpm [174/1262] ...
[09/17 18:47:14 UTC] Retrieving pixman-0.38.4-0.aarch64.rpm [175/1262] ...
[09/17 18:47:14 UTC] Retrieving opencore-amr-0.1.3-2.aarch64.rpm [176/1262] ...
[09/17 18:47:14 UTC] Retrieving newfs-msdos-1.0.0-1.aarch64.rpm [177/1262] ...
[09/17 18:47:14 UTC] Retrieving nbd-client-3.25-0.aarch64.rpm [178/1262] ...
[09/17 18:47:14 UTC] Retrieving memps-0.2.0-0.aarch64.rpm [179/1262] ...
[09/17 18:47:14 UTC] Retrieving lzo-2.10-0.aarch64.rpm [180/1262] ...
[09/17 18:47:14 UTC] Retrieving libxkbcommon-1.13.2-0.aarch64.rpm [181/1262] ...
[09/17 18:47:14 UTC] Retrieving libwayland-egl-1.23.1-0.aarch64.rpm [182/1262] ...
[09/17 18:47:14 UTC] Retrieving libvpx-1.12.0-2.aarch64.rpm [183/1262] ...
[09/17 18:47:14 UTC] Retrieving libsrtp-2.3.0-2.aarch64.rpm [184/1262] ...
[09/17 18:47:14 UTC] Retrieving libspeexdsp-1.2.1-10.aarch64.rpm [185/1262] ...
[09/17 18:47:14 UTC] Retrieving liborc-0.4.40-0.aarch64.rpm [186/1262] ...
[09/17 18:47:14 UTC] Retrieving libjson-0.18-0.aarch64.rpm [187/1262] ...
[09/17 18:47:14 UTC] Retrieving libhyphen-2.8.8-1.aarch64.rpm [188/1262] ...
[09/17 18:47:14 UTC] Retrieving libfuse-2.9.9-0.aarch64.rpm [189/1262] ...
[09/17 18:47:14 UTC] Retrieving libf2fs-1.16.0-0.g4f3af3a2acfe.aarch64.rpm [190/1262] ...
[09/17 18:47:14 UTC] Retrieving libexif-0.6.22-0.aarch64.rpm [191/1262] ...
[09/17 18:47:14 UTC] Retrieving libevdev-1.13.7-0.aarch64.rpm [192/1262] ...
[09/17 18:47:14 UTC] Retrieving libdatrie-0.2.13-0.aarch64.rpm [193/1262] ...
[09/17 18:47:14 UTC] Retrieving libcms2-2.16-0.aarch64.rpm [194/1262] ...
[09/17 18:47:14 UTC] Retrieving libbugreport-1.2.0-1.aarch64.rpm [195/1262] ...
[09/17 18:47:14 UTC] Retrieving libbrotlicommon-1.1.0-0.aarch64.rpm [196/1262] ...
[09/17 18:47:14 UTC] Retrieving libavutil-8.0.1-0.aarch64.rpm [197/1262] ...
[09/17 18:47:14 UTC] Retrieving fsck-msdos-1.0.0-1.aarch64.rpm [198/1262] ...
[09/17 18:47:14 UTC] Retrieving capi-base-common-0.4.90-1.aarch64.rpm [199/1262] ...
[09/17 18:47:14 UTC] Retrieving libpng-1.6.44-0.aarch64.rpm [200/1262] ...
[09/17 18:47:14 UTC] Retrieving libglib-2.80.5-0.aarch64.rpm [201/1262] ...
[09/17 18:47:14 UTC] Retrieving rstsmack-1.1-2.aarch64.rpm [202/1262] ...
[09/17 18:47:14 UTC] Retrieving yaca-0.0.6-0.aarch64.rpm [203/1262] ...
[09/17 18:47:14 UTC] Retrieving libwebsockets-4.3.2-0.aarch64.rpm [204/1262] ...
[09/17 18:47:14 UTC] Retrieving libsqlcipher-4.6.1-0.aarch64.rpm [205/1262] ...
[09/17 18:47:14 UTC] Retrieving libpaho-mqtt-c-1.3.15-0.aarch64.rpm [206/1262] ...
[09/17 18:47:14 UTC] Retrieving libmosquitto1-1.6.8-0.aarch64.rpm [207/1262] ...
[09/17 18:47:14 UTC] Retrieving libtheora-1.1.1-14.aarch64.rpm [208/1262] ...
[09/17 18:47:14 UTC] Retrieving rust-std-shared-1.90.0-1.aarch64.rpm [209/1262] ...
[09/17 18:47:14 UTC] Retrieving libisu-9.0.6-1.aarch64.rpm [210/1262] ...
[09/17 18:47:14 UTC] Retrieving ell-0.28-0.aarch64.rpm [211/1262] ...
[09/17 18:47:14 UTC] Retrieving libgbm-1.1.1-1.aarch64.rpm [212/1262] ...
[09/17 18:47:14 UTC] Retrieving bubblewrap-0.7.0-1.aarch64.rpm [213/1262] ...
[09/17 18:47:14 UTC] Retrieving libzip-1.11.4-1.aarch64.rpm [214/1262] ...
[09/17 18:47:14 UTC] Retrieving vconf-internal-keys-config-profile_common-0.0.201-0.aar [215/1262] ...
[09/17 18:47:14 UTC] Retrieving upgrade-rw-offline-10.0.0-0.aarch64.rpm [216/1262] ...
[09/17 18:47:14 UTC] Retrieving tts-engine-rsc-0.0.2-1.aarch64.rpm [217/1262] ...
[09/17 18:47:14 UTC] Retrieving tizen-release-profile_common-11.0.0-0.aarch64.rpm [218/1262] ...
[09/17 18:47:14 UTC] Retrieving model-config-default-11.0.0-0.noarch.rpm [219/1262] ...
[09/17 18:47:14 UTC] Retrieving libhangul-0.2.0-0.aarch64.rpm [220/1262] ...
[09/17 18:47:14 UTC] Retrieving feedbackd-conf-level6-1.0.0-1.aarch64.rpm [221/1262] ...
[09/17 18:47:14 UTC] Retrieving efl-misc-profile_common-0.1.34-0.noarch.rpm [222/1262] ...
[09/17 18:47:14 UTC] Retrieving default-fonts-fc-sdk-0.0.5-1.aarch64.rpm [223/1262] ...
[09/17 18:47:14 UTC] Retrieving dali2-extension-2.5.37-1.aarch64.rpm [224/1262] ...
[09/17 18:47:14 UTC] Retrieving dali2-csharp-binder-profile_common-2.5.37-1.aarch64.rpm [225/1262] ...
[09/17 18:47:14 UTC] Retrieving crash-worker-dumpsystemstate-config-10.0.1-1.aarch64.rp [226/1262] ...
[09/17 18:47:14 UTC] Retrieving anthy-9100h-1.aarch64.rpm [227/1262] ...
[09/17 18:47:14 UTC] Retrieving platform-extension-1.0.0-0.aarch64.rpm [228/1262] ...
[09/17 18:47:14 UTC] Retrieving webrtc-audio-processing-0.3.1-2.aarch64.rpm [229/1262] ...
[09/17 18:47:14 UTC] Retrieving tizen-dlog-0.18.15-0.aarch64.rpm [230/1262] ...
[09/17 18:47:14 UTC] Retrieving srt-1.5.0-1.aarch64.rpm [231/1262] ...
[09/17 18:47:14 UTC] Retrieving soundtouch-2.1.0-0.aarch64.rpm [232/1262] ...
[09/17 18:47:14 UTC] Retrieving rive-tizen-0.2.0-1.aarch64.rpm [233/1262] ...
[09/17 18:47:14 UTC] Retrieving noise-suppression-1.2-2.aarch64.rpm [234/1262] ...
[09/17 18:47:14 UTC] Retrieving nnfw-1.28.0-1.aarch64.rpm [235/1262] ...
[09/17 18:47:14 UTC] Retrieving libtbb-2019U3-0.aarch64.rpm [236/1262] ...
[09/17 18:47:14 UTC] Retrieving libnss-security-manager-2.5.4-0.aarch64.rpm [237/1262] ...
[09/17 18:47:14 UTC] Retrieving libleveldb-1.23-1.aarch64.rpm [238/1262] ...
[09/17 18:47:14 UTC] Retrieving libconfig-1.6-0.aarch64.rpm [239/1262] ...
[09/17 18:47:14 UTC] Retrieving flatbuffers-24.3.25-1.aarch64.rpm [240/1262] ...
[09/17 18:47:14 UTC] Retrieving dali2-extension-key-extension-2.5.37-1.aarch64.rpm [241/1262] ...
[09/17 18:47:14 UTC] Retrieving dali2-2.5.37-1.aarch64.rpm [242/1262] ...
[09/17 18:47:14 UTC] Retrieving cynara-db-migration-0.26.0-1.aarch64.rpm [243/1262] ...
[09/17 18:47:14 UTC] Retrieving context-sensor-recorder-dummy-4.0.1-1.aarch64.rpm [244/1262] ...
[09/17 18:47:14 UTC] Retrieving context-job-scheduler-dummy-4.0.5-1.aarch64.rpm [245/1262] ...
[09/17 18:47:14 UTC] Retrieving context-app-history-dummy-4.0.2-1.aarch64.rpm [246/1262] ...
[09/17 18:47:14 UTC] Retrieving bow-restore-7.5.3-0.aarch64.rpm [247/1262] ...
[09/17 18:47:14 UTC] Retrieving libopenblas_pthreads0-0.3.21-1.aarch64.rpm [248/1262] ...
[09/17 18:47:14 UTC] Retrieving libopenblas_openmp0-0.3.21-1.aarch64.rpm [249/1262] ...
[09/17 18:47:14 UTC] Retrieving tizen-platform-config-5.0-1.aarch64.rpm [250/1262] ...
[09/17 18:47:14 UTC] Retrieving isu-tools-9.0.6-1.aarch64.rpm [251/1262] ...
[09/17 18:47:14 UTC] Retrieving isf-config-common-0.1.3-1.noarch.rpm [252/1262] ...
[09/17 18:47:14 UTC] Retrieving autofill-config-mobile-0.1.11-1.noarch.rpm [253/1262] ...
[09/17 18:47:14 UTC] Retrieving protobuf-33.1-1.aarch64.rpm [254/1262] ...
[09/17 18:47:14 UTC] Retrieving libre2-20250812-1.aarch64.rpm [255/1262] ...
[09/17 18:47:14 UTC] Retrieving libsystemd-244-0.aarch64.rpm [256/1262] ...
[09/17 18:47:14 UTC] Retrieving tizen-locale-0.1-2.aarch64.rpm [257/1262] ...
[09/17 18:47:14 UTC] Retrieving building-blocks-mapping-files-11.0.0-0.aarch64.rpm [258/1262] ...
[09/17 18:47:14 UTC] Retrieving factory-reset-userdata-backup-1.1-2.aarch64.rpm [259/1262] ...
[09/17 18:47:14 UTC] Retrieving psmisc-23.7-1.aarch64.rpm [260/1262] ...
[09/17 18:47:14 UTC] Retrieving liboauth-1.0.3-1.aarch64.rpm [261/1262] ...
[09/17 18:47:14 UTC] Retrieving building-blocks-sub2-domain_Feature-ISU-AppFramework_Am [262/1262] ...
[09/17 18:47:14 UTC] Retrieving building-blocks-sub2-domain_Feature-ISU-Network_Connman [263/1262] ...
[09/17 18:47:14 UTC] Retrieving coreclr-8.0.11-0.aarch64.rpm [264/1262] ...
[09/17 18:47:14 UTC] Retrieving dlog-9.0.2-1.aarch64.rpm [265/1262] ...
[09/17 18:47:14 UTC] Retrieving building-blocks-sub2-domain_Feature-ISU-System_Dlog-11. [266/1262] ...
[09/17 18:47:14 UTC] Retrieving building-blocks-sub2-domain_Feature-ISU-Display_Enlight [267/1262] ...
[09/17 18:47:14 UTC] Retrieving building-blocks-sub2-domain_Feature-ISU-Multimedia_Muse [268/1262] ...
[09/17 18:47:14 UTC] Retrieving building-blocks-sub2-domain_Feature-ISU-System_Resource [269/1262] ...
[09/17 18:47:14 UTC] Retrieving building-blocks-sub2-domain_Feature-ISU-System_Sensord- [270/1262] ...
[09/17 18:47:14 UTC] Retrieving system-server-10.0.0-0.aarch64.rpm [271/1262] ...
[09/17 18:47:14 UTC] Retrieving openvpn-2.5.11-0.aarch64.rpm [272/1262] ...
[09/17 18:47:14 UTC] Retrieving btrfs-progs-7.0-1.aarch64.rpm [273/1262] ...
[09/17 18:47:14 UTC] Retrieving minicoredumper-2.9.11-0.aarch64.rpm [274/1262] ...
[09/17 18:47:14 UTC] Retrieving f2fs-tools-1.16.0-0.g4f3af3a2acfe.aarch64.rpm [275/1262] ...
[09/17 18:47:14 UTC] Retrieving libthai-0.1.18-0.aarch64.rpm [276/1262] ...
[09/17 18:47:14 UTC] Retrieving libbrotlienc-1.1.0-0.aarch64.rpm [277/1262] ...
[09/17 18:47:14 UTC] Retrieving libbrotlidec-1.1.0-0.aarch64.rpm [278/1262] ...
[09/17 18:47:14 UTC] Retrieving libswscale-8.0.1-0.aarch64.rpm [279/1262] ...
[09/17 18:47:14 UTC] Retrieving libswresample-8.0.1-0.aarch64.rpm [280/1262] ...
[09/17 18:47:14 UTC] Retrieving libavcodec-8.0.1-0.aarch64.rpm [281/1262] ...
[09/17 18:47:14 UTC] Retrieving ttrace-1.1.0-1.aarch64.rpm [282/1262] ...
[09/17 18:47:14 UTC] Retrieving thorvg-1.0.0-1.aarch64.rpm [283/1262] ...
[09/17 18:47:14 UTC] Retrieving libfreetype-2.13.2-1.aarch64.rpm [284/1262] ...
[09/17 18:47:14 UTC] Retrieving GraphicsMagick-1.3.45-2.aarch64.rpm [285/1262] ...
[09/17 18:47:14 UTC] Retrieving shared-mime-info-1.7-0.aarch64.rpm [286/1262] ...
[09/17 18:47:14 UTC] Retrieving libgthread-2.80.5-0.aarch64.rpm [287/1262] ...
[09/17 18:47:14 UTC] Retrieving libgobject-2.80.5-0.aarch64.rpm [288/1262] ...
[09/17 18:47:14 UTC] Retrieving libgmodule-2.80.5-0.aarch64.rpm [289/1262] ...
[09/17 18:47:14 UTC] Retrieving building-blocks-sub2-domain_API-Security-YACA-11.0.0-0. [290/1262] ...
[09/17 18:47:14 UTC] Retrieving rust-regex-syntax-0.6.28-1.aarch64.rpm [291/1262] ...
[09/17 18:47:14 UTC] Retrieving upgrade-rw-online-10.0.0-0.aarch64.rpm [292/1262] ...
[09/17 18:47:14 UTC] Retrieving tizen-release-11.0.0-0.aarch64.rpm [293/1262] ...
[09/17 18:47:14 UTC] Retrieving openusd-24.03-0.aarch64.rpm [294/1262] ...
[09/17 18:47:14 UTC] Retrieving libusbgx-0.1.0-0.aarch64.rpm [295/1262] ...
[09/17 18:47:14 UTC] Retrieving libtzplatform-config-5.0-1.aarch64.rpm [296/1262] ...
[09/17 18:47:14 UTC] Retrieving protobuf-lite-33.1-1.aarch64.rpm [297/1262] ...
[09/17 18:47:14 UTC] Retrieving protobuf-compiler-33.1-1.aarch64.rpm [298/1262] ...
[09/17 18:47:14 UTC] Retrieving nsjail-3.0.20210707-0.aarch64.rpm [299/1262] ...
[09/17 18:47:14 UTC] Retrieving libdevmapper-1.02.196-1.aarch64.rpm [300/1262] ...
[09/17 18:47:14 UTC] Retrieving dbus-libs-1.12.20-3.aarch64.rpm [301/1262] ...
[09/17 18:47:14 UTC] Retrieving building-blocks-sub2-domain_API-Account-libOAuth-11.0.0 [302/1262] ...
[09/17 18:47:14 UTC] Retrieving mscorlib-8.0.11-0.aarch64.rpm [303/1262] ...
[09/17 18:47:14 UTC] Retrieving dlog-logger-9.0.2-1.aarch64.rpm [304/1262] ...
[09/17 18:47:14 UTC] Retrieving initrd-2.3-1.aarch64.rpm [305/1262] ...
[09/17 18:47:14 UTC] Retrieving libjxl-0.11.1-0.aarch64.rpm [306/1262] ...
[09/17 18:47:14 UTC] Retrieving libavfilter-8.0.1-0.aarch64.rpm [307/1262] ...
[09/17 18:47:14 UTC] Retrieving libavformat-8.0.1-0.aarch64.rpm [308/1262] ...
[09/17 18:47:14 UTC] Retrieving libinput-1.31.3-0.aarch64.rpm [309/1262] ...
[09/17 18:47:14 UTC] Retrieving libharfbuzz-8.2.2-0.aarch64.rpm [310/1262] ...
[09/17 18:47:14 UTC] Retrieving building-blocks-sub2-domain_API-UI-Freetype-11.0.0-0.aa [311/1262] ...
[09/17 18:47:14 UTC] Retrieving libgio-2.80.5-0.aarch64.rpm [312/1262] ...
[09/17 18:47:14 UTC] Retrieving gio-branding-upstream-2.80.5-0.noarch.rpm [313/1262] ...
[09/17 18:47:14 UTC] Retrieving girepository-1.80-0.aarch64.rpm [314/1262] ...
[09/17 18:47:14 UTC] Retrieving libgirepository-1.80-0.aarch64.rpm [315/1262] ...
[09/17 18:47:14 UTC] Retrieving rust-regex-1.7.1-1.aarch64.rpm [316/1262] ...
[09/17 18:47:14 UTC] Retrieving xkb-tizen-data-0.0.7-0.noarch.rpm [317/1262] ...
[09/17 18:47:14 UTC] Retrieving tizen-platform-config-tools-5.0-1.aarch64.rpm [318/1262] ...
[09/17 18:47:14 UTC] Retrieving libphonenumber-7.0.6-1.aarch64.rpm [319/1262] ...
[09/17 18:47:14 UTC] Retrieving libgrpc-1.76.0-0.aarch64.rpm [320/1262] ...
[09/17 18:47:14 UTC] Retrieving device-mapper-1.02.196-1.aarch64.rpm [321/1262] ...
[09/17 18:47:14 UTC] Retrieving wpa_supplicant-profile_common-2.10-2.aarch64.rpm [322/1262] ...
[09/17 18:47:14 UTC] Retrieving libusb-1.0.25-0.aarch64.rpm [323/1262] ...
[09/17 18:47:14 UTC] Retrieving libatspi0-2.44.1-1.aarch64.rpm [324/1262] ...
[09/17 18:47:14 UTC] Retrieving dnsmasq-2.88-1.aarch64.rpm [325/1262] ...
[09/17 18:47:14 UTC] Retrieving corefx-native-8.0.11-0.aarch64.rpm [326/1262] ...
[09/17 18:47:14 UTC] Retrieving libdlog-9.0.2-1.aarch64.rpm [327/1262] ...
[09/17 18:47:14 UTC] Retrieving opencv-4.7.0-8.aarch64.rpm [328/1262] ...
[09/17 18:47:14 UTC] Retrieving building-blocks-sub2-domain_API-UI-HarfBuzz-11.0.0-0.aa [329/1262] ...
[09/17 18:47:14 UTC] Retrieving libsyscommon-5.0.0-0.aarch64.rpm [330/1262] ...
[09/17 18:47:14 UTC] Retrieving libjson-glib-1.8.0-0.aarch64.rpm [331/1262] ...
[09/17 18:47:14 UTC] Retrieving libactd-0.2.2-0.aarch64.rpm [332/1262] ...
[09/17 18:47:14 UTC] Retrieving libatk-2.36.0-0.aarch64.rpm [333/1262] ...
[09/17 18:47:14 UTC] Retrieving xkeyboard-config-2.13-0.aarch64.rpm [334/1262] ...
[09/17 18:47:14 UTC] Retrieving obexd-5.79-1.aarch64.rpm [335/1262] ...
[09/17 18:47:14 UTC] Retrieving cryptsetup-2.6.1-1.aarch64.rpm [336/1262] ...
[09/17 18:47:14 UTC] Retrieving corefx-managed-8.0.11-0.aarch64.rpm [337/1262] ...
[09/17 18:47:14 UTC] Retrieving wrtjs-1.1.1-1.aarch64.rpm [338/1262] ...
[09/17 18:47:14 UTC] Retrieving vision-source-1.0.0-0.aarch64.rpm [339/1262] ...
[09/17 18:47:14 UTC] Retrieving training-engine-interface-common-0.3.2-0.aarch64.rpm [340/1262] ...
[09/17 18:47:14 UTC] Retrieving systemd-244-0.aarch64.rpm [341/1262] ...
[09/17 18:47:14 UTC] Retrieving parcel-0.18.15-0.aarch64.rpm [342/1262] ...
[09/17 18:47:14 UTC] Retrieving openal-soft-1.17.2-19.aarch64.rpm [343/1262] ...
[09/17 18:47:14 UTC] Retrieving nnstreamer-edge-0.2.8-1.aarch64.rpm [344/1262] ...
[09/17 18:47:14 UTC] Retrieving nan-manager-0.2.2-1.aarch64.rpm [345/1262] ...
[09/17 18:47:14 UTC] Retrieving manifest-parser-1.9.2-1.aarch64.rpm [346/1262] ...
[09/17 18:47:14 UTC] Retrieving lottie-player-0.2.5-1.aarch64.rpm [347/1262] ...
[09/17 18:47:14 UTC] Retrieving libwebauthn-common-1.0.14-1.aarch64.rpm [348/1262] ...
[09/17 18:47:14 UTC] Retrieving libwayland-server-1.23.1-0.aarch64.rpm [349/1262] ...
[09/17 18:47:14 UTC] Retrieving libwayland-egl-tizen-1.1.1-0.aarch64.rpm [350/1262] ...
[09/17 18:47:14 UTC] Retrieving libwayland-client-1.23.1-0.aarch64.rpm [351/1262] ...
[09/17 18:47:14 UTC] Retrieving libtracker-1.0.1-1.aarch64.rpm [352/1262] ...
[09/17 18:47:14 UTC] Retrieving libsyscommon-plugin-api-update-control-0.1.0-0.aarch64. [353/1262] ...
[09/17 18:47:14 UTC] Retrieving libsyscommon-plugin-api-sessiond-0.1.0-0.aarch64.rpm [354/1262] ...
[09/17 18:47:14 UTC] Retrieving libsyscommon-plugin-api-resourced-0.1.0-0.aarch64.rpm [355/1262] ...
[09/17 18:47:14 UTC] Retrieving libsyscommon-plugin-api-deviced-0.1.0-0.aarch64.rpm [356/1262] ...
[09/17 18:47:14 UTC] Retrieving libsessiond-11.0.0-1.aarch64.rpm [357/1262] ...
[09/17 18:47:14 UTC] Retrieving libnice-0.1.22-2.aarch64.rpm [358/1262] ...
[09/17 18:47:14 UTC] Retrieving libnet-client-1.2.10-0.aarch64.rpm [359/1262] ...
[09/17 18:47:14 UTC] Retrieving libmtp-1.1.11-16.aarch64.rpm [360/1262] ...
[09/17 18:47:14 UTC] Retrieving libmm-display-interface-1.1.2-1.aarch64.rpm [361/1262] ...
[09/17 18:47:14 UTC] Retrieving libmm-common-0.2.130-0.aarch64.rpm [362/1262] ...
[09/17 18:47:14 UTC] Retrieving libkey-manager-common-0.1.91-1.aarch64.rpm [363/1262] ...
[09/17 18:47:14 UTC] Retrieving libdumpsys-system-2.0.16-1.aarch64.rpm [364/1262] ...
[09/17 18:47:14 UTC] Retrieving libdns_sd-1556.80.2-0.aarch64.rpm [365/1262] ...
[09/17 18:47:14 UTC] Retrieving mdnsresponder-1556.80.2-0.aarch64.rpm [366/1262] ...
[09/17 18:47:14 UTC] Retrieving libdbuspolicy-serializer-1.2.0-0.aarch64.rpm [367/1262] ...
[09/17 18:47:14 UTC] Retrieving libcynara-commons-0.26.0-1.aarch64.rpm [368/1262] ...
[09/17 18:47:14 UTC] Retrieving libaudio-effect-0.0.26-0.aarch64.rpm [369/1262] ...
[09/17 18:47:14 UTC] Retrieving klay-0.0.2-0.aarch64.rpm [370/1262] ...
[09/17 18:47:14 UTC] Retrieving inference-engine-tflite-0.0.9-0.aarch64.rpm [371/1262] ...
[09/17 18:47:14 UTC] Retrieving inference-engine-interface-common-0.5.2-0.aarch64.rpm [372/1262] ...
[09/17 18:47:14 UTC] Retrieving gstreamer-1.24.11-41.aarch64.rpm [373/1262] ...
[09/17 18:47:14 UTC] Retrieving dumpsys-2.0.16-1.aarch64.rpm [374/1262] ...
[09/17 18:47:14 UTC] Retrieving dlogutil-9.0.2-1.aarch64.rpm [375/1262] ...
[09/17 18:47:14 UTC] Retrieving dfs-adaptation-1.0.10-1.aarch64.rpm [376/1262] ...
[09/17 18:47:14 UTC] Retrieving coregl-0.4.0-0.aarch64.rpm [377/1262] ...
[09/17 18:47:14 UTC] Retrieving context-common-4.0.3-1.aarch64.rpm [378/1262] ...
[09/17 18:47:14 UTC] Retrieving context-agent-4.0.3-1.aarch64.rpm [379/1262] ...
[09/17 18:47:14 UTC] Retrieving capi-system-resource-1.0.0-0.aarch64.rpm [380/1262] ...
[09/17 18:47:14 UTC] Retrieving capi-network-vpn-setting-0.1.5-1.aarch64.rpm [381/1262] ...
[09/17 18:47:14 UTC] Retrieving capi-content-mime-type-0.1.9-1.aarch64.rpm [382/1262] ...
[09/17 18:47:14 UTC] Retrieving capi-base-utils-3.1.5-2.aarch64.rpm [383/1262] ...
[09/17 18:47:14 UTC] Retrieving argos_watchdog-0.0.3-0.aarch64.rpm [384/1262] ...
[09/17 18:47:14 UTC] Retrieving Open3D-0.17-2.aarch64.rpm [385/1262] ...
[09/17 18:47:15 UTC] Retrieving inference-engine-opencv-0.0.2-7.aarch64.rpm [386/1262] ...
[09/17 18:47:15 UTC] Retrieving dfs-opencv-1.0.12-0.aarch64.rpm [387/1262] ...
[09/17 18:47:15 UTC] Retrieving bundle-0.18.15-0.aarch64.rpm [388/1262] ...
[09/17 18:47:15 UTC] Retrieving libatk-bridge-2_0-0-2.38.0-0.aarch64.rpm [389/1262] ...
[09/17 18:47:15 UTC] Retrieving verity-tools-2.3-1.aarch64.rpm [390/1262] ...
[09/17 18:47:15 UTC] Retrieving app2sd-0.8.2-1.aarch64.rpm [391/1262] ...
[09/17 18:47:15 UTC] Retrieving coreclr-diagnostics-8.0.547301-37.aarch64.rpm [392/1262] ...
[09/17 18:47:15 UTC] Retrieving systemd-extension-kdbus-244-0.aarch64.rpm [393/1262] ...
[09/17 18:47:15 UTC] Retrieving system-plugin-0.1-1.aarch64.rpm [394/1262] ...
[09/17 18:47:15 UTC] Retrieving security-config-1.0-1.aarch64.rpm [395/1262] ...
[09/17 18:47:15 UTC] Retrieving freealut-1.1.0-5.aarch64.rpm [396/1262] ...
[09/17 18:47:15 UTC] Retrieving alure-1.2-3.aarch64.rpm [397/1262] ...
[09/17 18:47:15 UTC] Retrieving tpk-manifest-handlers-1.15.0-1.aarch64.rpm [398/1262] ...
[09/17 18:47:15 UTC] Retrieving libwayland-extension-server-1.3.85-0.aarch64.rpm [399/1262] ...
[09/17 18:47:15 UTC] Retrieving e-mod-tizen-processmgr-0.2.31-1.aarch64.rpm [400/1262] ...
[09/17 18:47:15 UTC] Retrieving libwayland-extension-client-1.3.85-0.aarch64.rpm [401/1262] ...
[09/17 18:47:15 UTC] Retrieving libwayland-cursor-1.23.1-0.aarch64.rpm [402/1262] ...
[09/17 18:47:15 UTC] Retrieving libheif-0.1.1-0.aarch64.rpm [403/1262] ...
[09/17 18:47:15 UTC] Retrieving crash-worker-dumpsystemstate-service-10.0.1-1.aarch64.r [404/1262] ...
[09/17 18:47:15 UTC] Retrieving libcynara-uid-0.26.0-1.aarch64.rpm [405/1262] ...
[09/17 18:47:15 UTC] Retrieving libcynara-session-0.26.0-1.aarch64.rpm [406/1262] ...
[09/17 18:47:15 UTC] Retrieving libcynara-creds-commons-0.26.0-1.aarch64.rpm [407/1262] ...
[09/17 18:47:15 UTC] Retrieving libcynara-agent-0.26.0-1.aarch64.rpm [408/1262] ...
[09/17 18:47:15 UTC] Retrieving gstreamer-utils-1.24.11-41.aarch64.rpm [409/1262] ...
[09/17 18:47:15 UTC] Retrieving tizen-core-0.4.2-0.aarch64.rpm [410/1262] ...
[09/17 18:47:15 UTC] Retrieving libcynara-client-0.26.0-1.aarch64.rpm [411/1262] ...
[09/17 18:47:15 UTC] Retrieving libcynara-admin-0.26.0-1.aarch64.rpm [412/1262] ...
[09/17 18:47:15 UTC] Retrieving cynara-0.26.0-1.aarch64.rpm [413/1262] ...
[09/17 18:47:15 UTC] Retrieving capi-system-resource-plugin-1.0.0-0.aarch64.rpm [414/1262] ...
[09/17 18:47:15 UTC] Retrieving building-blocks-sub2-domain_API-Content-MIME_Type-11.0. [415/1262] ...
[09/17 18:47:15 UTC] Retrieving building-blocks-sub2-domain_API-Base-Utils-11.0.0-0.aar [416/1262] ...
[09/17 18:47:15 UTC] Retrieving initrd-recovery-7.5.3-0.aarch64.rpm [417/1262] ...
[09/17 18:47:15 UTC] Retrieving system-plugin-feature-session-bind-0.1-1.aarch64.rpm [418/1262] ...
[09/17 18:47:15 UTC] Retrieving system-plugin-feature-namespace-0.1-1.noarch.rpm [419/1262] ...
[09/17 18:47:15 UTC] Retrieving system-plugin-config-3parts-0.1-1.noarch.rpm [420/1262] ...
[09/17 18:47:15 UTC] Retrieving wpa_supplicant-2.10-2.aarch64.rpm [421/1262] ...
[09/17 18:47:15 UTC] Retrieving trust-anchor-2.1.2-0.aarch64.rpm [422/1262] ...
[09/17 18:47:15 UTC] Retrieving tayga-0.9.2-1.aarch64.rpm [423/1262] ...
[09/17 18:47:15 UTC] Retrieving strongswan-5.7.1-1.aarch64.rpm [424/1262] ...
[09/17 18:47:15 UTC] Retrieving stc-iptables-0.0.26-0.aarch64.rpm [425/1262] ...
[09/17 18:47:15 UTC] Retrieving security-config-profile_iot_headed-1.0-1.aarch64.rpm [426/1262] ...
[09/17 18:47:15 UTC] Retrieving mtp-initiator-1.4.39-0.aarch64.rpm [427/1262] ...
[09/17 18:47:15 UTC] Retrieving libmm-sound-0.20.1-0.aarch64.rpm [428/1262] ...
[09/17 18:47:15 UTC] Retrieving fontconfig-2.14.2-1.aarch64.rpm [429/1262] ...
[09/17 18:47:15 UTC] Retrieving connman-1.42-4.aarch64.rpm [430/1262] ...
[09/17 18:47:15 UTC] Retrieving clat-1.4-2.aarch64.rpm [431/1262] ...
[09/17 18:47:15 UTC] Retrieving capi-system-info-0.5.2-1.aarch64.rpm [432/1262] ...
[09/17 18:47:15 UTC] Retrieving ca-certificates-0.0.4-0.noarch.rpm [433/1262] ...
[09/17 18:47:15 UTC] Retrieving bluez-5.79-1.aarch64.rpm [434/1262] ...
[09/17 18:47:15 UTC] Retrieving bluetooth-agent-0.10.0-1.aarch64.rpm [435/1262] ...
[09/17 18:47:15 UTC] Retrieving bind-9.14.12-1.aarch64.rpm [436/1262] ...
[09/17 18:47:15 UTC] Retrieving capi-media-sound-pool-0.0.28-0.aarch64.rpm [437/1262] ...
[09/17 18:47:15 UTC] Retrieving e-mod-tizen-gesture-0.3.12-1.aarch64.rpm [438/1262] ...
[09/17 18:47:15 UTC] Retrieving efl-1.25.1-0.aarch64.rpm [439/1262] ...
[09/17 18:47:15 UTC] Retrieving eina-1.25.1-0.aarch64.rpm [440/1262] ...
[09/17 18:47:15 UTC] Retrieving cbhm-2.0.10-1.aarch64.rpm [441/1262] ...
[09/17 18:47:15 UTC] Retrieving aul-server-0.85.3-1.aarch64.rpm [442/1262] ...
[09/17 18:47:15 UTC] Retrieving libcynara-uid-creds-0.26.0-1.aarch64.rpm [443/1262] ...
[09/17 18:47:15 UTC] Retrieving cyad-0.26.0-1.aarch64.rpm [444/1262] ...
[09/17 18:47:15 UTC] Retrieving security-license-manager-2.5.4-0.aarch64.rpm [445/1262] ...
[09/17 18:47:15 UTC] Retrieving dbus-tools-0.1-1.noarch.rpm [446/1262] ...
[09/17 18:47:15 UTC] Retrieving building-blocks-sub2-domain_CSAPI-Content-MIME_Type-11. [447/1262] ...
[09/17 18:47:15 UTC] Retrieving building-blocks-sub1-Preset_partition-3parts_ramdisk_re [448/1262] ...
[09/17 18:47:15 UTC] Retrieving trust-anchor-runtime-2.1.2-0.aarch64.rpm [449/1262] ...
[09/17 18:47:15 UTC] Retrieving capi-media-sound-manager-0.9.1-0.aarch64.rpm [450/1262] ...
[09/17 18:47:15 UTC] Retrieving podofo-0.9.7-0.aarch64.rpm [451/1262] ...
[09/17 18:47:15 UTC] Retrieving default-fonts-sdk-1.2.1.0-10.aarch64.rpm [452/1262] ...
[09/17 18:47:15 UTC] Retrieving connman-plugin-openvpn-1.42-4.aarch64.rpm [453/1262] ...
[09/17 18:47:15 UTC] Retrieving connman-plugin-ipsec-1.42-4.aarch64.rpm [454/1262] ...
[09/17 18:47:15 UTC] Retrieving connman-connman-vpnd-1.42-4.aarch64.rpm [455/1262] ...
[09/17 18:47:15 UTC] Retrieving wgt-manifest-handlers-1.11.4-1.aarch64.rpm [456/1262] ...
[09/17 18:47:15 UTC] Retrieving resource-information-0.1-3.aarch64.rpm [457/1262] ...
[09/17 18:47:15 UTC] Retrieving pkgmgr-0.23.4-0.aarch64.rpm [458/1262] ...
[09/17 18:47:15 UTC] Retrieving libcryptsvc-0.0.2-6.aarch64.rpm [459/1262] ...
[09/17 18:47:15 UTC] Retrieving capi-vpnsvc-1.2.1-1.aarch64.rpm [460/1262] ...
[09/17 18:47:15 UTC] Retrieving capi-system-usbhost-0.0.2-1.aarch64.rpm [461/1262] ...
[09/17 18:47:15 UTC] Retrieving capi-system-peripheral-io-0.4.3-0.aarch64.rpm [462/1262] ...
[09/17 18:47:15 UTC] Retrieving capi-system-info-tool-0.5.2-1.aarch64.rpm [463/1262] ...
[09/17 18:47:15 UTC] Retrieving capi-network-wifi-aware-0.2.0-1.aarch64.rpm [464/1262] ...
[09/17 18:47:15 UTC] Retrieving capi-network-stc-0.0.43-1.aarch64.rpm [465/1262] ...
[09/17 18:47:15 UTC] Retrieving capi-network-mtp-1.3.21-1.aarch64.rpm [466/1262] ...
[09/17 18:47:15 UTC] Retrieving capi-network-inm-0.1.24-1.aarch64.rpm [467/1262] ...
[09/17 18:47:15 UTC] Retrieving capi-network-asp-0.1.23-1.aarch64.rpm [468/1262] ...
[09/17 18:47:15 UTC] Retrieving glib-networking-2.72.alpha-0.aarch64.rpm [469/1262] ...
[09/17 18:47:15 UTC] Retrieving cert-svc-3.0.0-0.aarch64.rpm [470/1262] ...
[09/17 18:47:15 UTC] Retrieving eo-1.25.1-0.aarch64.rpm [471/1262] ...
[09/17 18:47:15 UTC] Retrieving libcynara-creds-socket-0.26.0-1.aarch64.rpm [472/1262] ...
[09/17 18:47:15 UTC] Retrieving libcynara-creds-self-0.26.0-1.aarch64.rpm [473/1262] ...
[09/17 18:47:15 UTC] Retrieving libcynara-creds-pid-0.26.0-1.aarch64.rpm [474/1262] ...
[09/17 18:47:15 UTC] Retrieving libcynara-creds-gdbus-0.26.0-1.aarch64.rpm [475/1262] ...
[09/17 18:47:15 UTC] Retrieving capi-media-wav-player-0.9.0-0.aarch64.rpm [476/1262] ...
[09/17 18:47:15 UTC] Retrieving capi-media-wav-player-tools-0.9.0-0.aarch64.rpm [477/1262] ...
[09/17 18:47:15 UTC] Retrieving capi-media-tone-player-0.2.12-0.aarch64.rpm [478/1262] ...
[09/17 18:47:15 UTC] Retrieving building-blocks-sub2-domain_API-UI-FontConfig-11.0.0-0. [479/1262] ...
[09/17 18:47:15 UTC] Retrieving resource-manager-0.1-7.aarch64.rpm [480/1262] ...
[09/17 18:47:15 UTC] Retrieving building-blocks-sub2-domain_API-Security-LibCryptSvc-11 [481/1262] ...
[09/17 18:47:15 UTC] Retrieving building-blocks-sub2-domain_API-System-USB_Host-11.0.0- [482/1262] ...
[09/17 18:47:15 UTC] Retrieving building-blocks-sub2-domain_API-System-System_Informati [483/1262] ...
[09/17 18:47:15 UTC] Retrieving building-blocks-sub2-domain_API-Network-MTP-11.0.0-0.aa [484/1262] ...
[09/17 18:47:15 UTC] Retrieving libsoup-2.72.0-1.aarch64.rpm [485/1262] ...
[09/17 18:47:15 UTC] Retrieving ecore-core-1.25.1-0.aarch64.rpm [486/1262] ...
[09/17 18:47:15 UTC] Retrieving webauthn-1.0.14-1.aarch64.rpm [487/1262] ...
[09/17 18:47:15 UTC] Retrieving pims-ipc-0.1.23-1.aarch64.rpm [488/1262] ...
[09/17 18:47:15 UTC] Retrieving libnsd-dns-sd-0.2.8-1.aarch64.rpm [489/1262] ...
[09/17 18:47:15 UTC] Retrieving libdbuspolicy-1.2.0-0.aarch64.rpm [490/1262] ...
[09/17 18:47:15 UTC] Retrieving dbus-1.12.20-3.aarch64.rpm [491/1262] ...
[09/17 18:47:15 UTC] Retrieving buxton2-1.9.14-0.aarch64.rpm [492/1262] ...
[09/17 18:47:15 UTC] Retrieving resource-center-api-0.1-1.aarch64.rpm [493/1262] ...
[09/17 18:47:15 UTC] Retrieving emile-1.25.1-0.aarch64.rpm [494/1262] ...
[09/17 18:47:15 UTC] Retrieving edbus-1.7.9-0.aarch64.rpm [495/1262] ...
[09/17 18:47:15 UTC] Retrieving building-blocks-sub2-domain_API-UI-EFL_MainLoop-11.0.0- [496/1262] ...
[09/17 18:47:15 UTC] Retrieving libwebauthn-client-1.0.14-1.aarch64.rpm [497/1262] ...
[09/17 18:47:15 UTC] Retrieving libgio-extension-kdbus-2.80.5-0.aarch64.rpm [498/1262] ...
[09/17 18:47:15 UTC] Retrieving libgum-1.0.8-0.aarch64.rpm [499/1262] ...
[09/17 18:47:15 UTC] Retrieving gumd-1.0.8-0.aarch64.rpm [500/1262] ...
[09/17 18:47:15 UTC] Retrieving libcynara-creds-dbus-0.26.0-1.aarch64.rpm [501/1262] ...
[09/17 18:47:15 UTC] Retrieving gssdp-0.14.4-1.aarch64.rpm [502/1262] ...
[09/17 18:47:15 UTC] Retrieving factory-reset-1.1-2.aarch64.rpm [503/1262] ...
[09/17 18:47:15 UTC] Retrieving dbus-libs-extension-kdbus-1.12.20-3.aarch64.rpm [504/1262] ...
[09/17 18:47:15 UTC] Retrieving vconf-compat-1.9.14-0.aarch64.rpm [505/1262] ...
[09/17 18:47:15 UTC] Retrieving crash-worker-dumpsystemstate-util-10.0.1-1.aarch64.rpm [506/1262] ...
[09/17 18:47:15 UTC] Retrieving eet-1.25.1-0.aarch64.rpm [507/1262] ...
[09/17 18:47:15 UTC] Retrieving libglib-extension-kdbus-2.80.5-0.aarch64.rpm [508/1262] ...
[09/17 18:47:15 UTC] Retrieving tlm-1.0.3-1.aarch64.rpm [509/1262] ...
[09/17 18:47:15 UTC] Retrieving gum-utils-1.0.8-0.aarch64.rpm [510/1262] ...
[09/17 18:47:15 UTC] Retrieving libnsd-ssdp-0.2.8-1.aarch64.rpm [511/1262] ...
[09/17 18:47:15 UTC] Retrieving vconf-internal-keys-0.0.201-0.aarch64.rpm [512/1262] ...
[09/17 18:47:15 UTC] Retrieving tizen-core-imf-0.2.18-0.aarch64.rpm [513/1262] ...
[09/17 18:47:15 UTC] Retrieving system-plugin-backend-deviced-headed-0.1.0-0.aarch64.rp [514/1262] ...
[09/17 18:47:15 UTC] Retrieving storaged-10.0.0-1.aarch64.rpm [515/1262] ...
[09/17 18:47:15 UTC] Retrieving stc-manager-0.1.7-0.aarch64.rpm [516/1262] ...
[09/17 18:47:15 UTC] Retrieving pkgmgr-info-parser-0.37.5-1.aarch64.rpm [517/1262] ...
[09/17 18:47:15 UTC] Retrieving pkgmgr-info-0.37.5-1.aarch64.rpm [518/1262] ...
[09/17 18:47:15 UTC] Retrieving libtapi-0.9.0-2.aarch64.rpm [519/1262] ...
[09/17 18:47:15 UTC] Retrieving libstorage-1.0.0-0.aarch64.rpm [520/1262] ...
[09/17 18:47:15 UTC] Retrieving libslp-db-util-0.1.2-0.aarch64.rpm [521/1262] ...
[09/17 18:47:15 UTC] Retrieving libmm-fileinfo-1.1.5-0.aarch64.rpm [522/1262] ...
[09/17 18:47:15 UTC] Retrieving libfeedback-0.2.0-1.aarch64.rpm [523/1262] ...
[09/17 18:47:15 UTC] Retrieving inm-manager-0.0.35-1.aarch64.rpm [524/1262] ...
[09/17 18:47:15 UTC] Retrieving e-mod-tizen-wl-textinput-0.11.28-1.aarch64.rpm [525/1262] ...
[09/17 18:47:15 UTC] Retrieving e-mod-tizen-screen-reader-0.0.6-1.aarch64.rpm [526/1262] ...
[09/17 18:47:15 UTC] Retrieving csapi-tizenfx-15.0.0.19417-1.noarch.rpm [527/1262] ...
[09/17 18:47:15 UTC] Retrieving capi-network-wifi-manager-1.3.24-0.aarch64.rpm [528/1262] ...
[09/17 18:47:15 UTC] Retrieving capi-network-wifi-direct-1.4.0-1.aarch64.rpm [529/1262] ...
[09/17 18:47:15 UTC] Retrieving capi-network-tethering-1.2.2-1.aarch64.rpm [530/1262] ...
[09/17 18:47:15 UTC] Retrieving capi-network-softap-0.1.3-1.aarch64.rpm [531/1262] ...
[09/17 18:47:15 UTC] Retrieving capi-network-connection-1.0.126-0.aarch64.rpm [532/1262] ...
[09/17 18:47:15 UTC] Retrieving bluetooth-frwk-0.10.0-1.aarch64.rpm [533/1262] ...
[09/17 18:47:15 UTC] Retrieving activationd-0.2.2-0.aarch64.rpm [534/1262] ...
[09/17 18:47:15 UTC] Retrieving ecore-con-1.25.1-0.aarch64.rpm [535/1262] ...
[09/17 18:47:15 UTC] Retrieving building-blocks-sub1-domain_Feature-Kdbus-11.0.0-0.aarc [536/1262] ...
[09/17 18:47:15 UTC] Retrieving tlm-config-common-singleseat-1.0.3-1.aarch64.rpm [537/1262] ...
[09/17 18:47:15 UTC] Retrieving building-blocks-sub2-domain_API-UI-Tizen_Core_IMF-11.0. [538/1262] ...
[09/17 18:47:15 UTC] Retrieving sessiond-11.0.0-1.aarch64.rpm [539/1262] ...
[09/17 18:47:15 UTC] Retrieving security-privilege-manager-1.4.3-0.aarch64.rpm [540/1262] ...
[09/17 18:47:15 UTC] Retrieving libdumpsys-user-2.0.16-1.aarch64.rpm [541/1262] ...
[09/17 18:47:15 UTC] Retrieving isu-plugin-parser-9.0.6-1.aarch64.rpm [542/1262] ...
[09/17 18:47:15 UTC] Retrieving capi-telephony-0.3.0-1.aarch64.rpm [543/1262] ...
[09/17 18:47:15 UTC] Retrieving capi-media-metadata-extractor-0.2.4-0.aarch64.rpm [544/1262] ...
[09/17 18:47:15 UTC] Retrieving csapi-tizenfx-full-15.0.0.19417-1.noarch.rpm [545/1262] ...
[09/17 18:47:15 UTC] Retrieving capi-network-wifi-manager-tool-1.3.24-0.aarch64.rpm [546/1262] ...
[09/17 18:47:15 UTC] Retrieving asp-manager-0.0.36-1.aarch64.rpm [547/1262] ...
[09/17 18:47:15 UTC] Retrieving capi-network-softap-tool-0.1.3-1.aarch64.rpm [548/1262] ...
[09/17 18:47:15 UTC] Retrieving ua-plugin-wifi-dummy-0.14.0-1.aarch64.rpm [549/1262] ...
[09/17 18:47:15 UTC] Retrieving setup-adaptor-0.3.1-0.aarch64.rpm [550/1262] ...
[09/17 18:47:15 UTC] Retrieving capi-network-http-0.0.39-0.aarch64.rpm [551/1262] ...
[09/17 18:47:15 UTC] Retrieving capi-network-bluetooth-0.10.0-2.aarch64.rpm [552/1262] ...
[09/17 18:47:15 UTC] Retrieving bluetooth-frwk-profile_common-0.10.0-1.aarch64.rpm [553/1262] ...
[09/17 18:47:15 UTC] Retrieving bluetooth-frwk-oal-0.10.0-1.aarch64.rpm [554/1262] ...
[09/17 18:47:15 UTC] Retrieving embryo-1.25.1-0.aarch64.rpm [555/1262] ...
[09/17 18:47:15 UTC] Retrieving eldbus-1.25.1-0.aarch64.rpm [556/1262] ...
[09/17 18:47:15 UTC] Retrieving ector-1.25.1-0.aarch64.rpm [557/1262] ...
[09/17 18:47:15 UTC] Retrieving ecore-ipc-1.25.1-0.aarch64.rpm [558/1262] ...
[09/17 18:47:15 UTC] Retrieving ecore-imf-1.25.1-0.aarch64.rpm [559/1262] ...
[09/17 18:47:15 UTC] Retrieving ecore-file-1.25.1-0.aarch64.rpm [560/1262] ...
[09/17 18:47:15 UTC] Retrieving ecore-audio-1.25.1-0.aarch64.rpm [561/1262] ...
[09/17 18:47:15 UTC] Retrieving security-privilege-manager-extension-iot-1.4.3-0.aarch6 [562/1262] ...
[09/17 18:47:15 UTC] Retrieving privilege-info-0.0.9-1.aarch64.rpm [563/1262] ...
[09/17 18:47:15 UTC] Retrieving libsecurity-manager-client-2.5.4-0.aarch64.rpm [564/1262] ...
[09/17 18:47:15 UTC] Retrieving security-manager-2.5.4-0.aarch64.rpm [565/1262] ...
[09/17 18:47:15 UTC] Retrieving security-manager-policy-2.5.4-0.aarch64.rpm [566/1262] ...
[09/17 18:47:15 UTC] Retrieving building-blocks-sub2-domain_API-Multimedia-Metadata_Ext [567/1262] ...
[09/17 18:47:15 UTC] Retrieving building-blocks-sub1-domain_Feature-Setup-11.0.0-0.aarc [568/1262] ...
[09/17 18:47:15 UTC] Retrieving webauthn-ble-1.0.8-1.aarch64.rpm [569/1262] ...
[09/17 18:47:15 UTC] Retrieving iotivity-1.2.1-0.aarch64.rpm [570/1262] ...
[09/17 18:47:15 UTC] Retrieving capi-network-vine-1.3.5-0.aarch64.rpm [571/1262] ...
[09/17 18:47:15 UTC] Retrieving efreet-1.25.1-0.aarch64.rpm [572/1262] ...
[09/17 18:47:15 UTC] Retrieving eeze-1.25.1-0.aarch64.rpm [573/1262] ...
[09/17 18:47:15 UTC] Retrieving building-blocks-sub2-domain_API-Security-Privilege_Info [574/1262] ...
[09/17 18:47:15 UTC] Retrieving aul-0.85.3-1.aarch64.rpm [575/1262] ...
[09/17 18:47:15 UTC] Retrieving rpc-port-1.21.17-0.aarch64.rpm [576/1262] ...
[09/17 18:47:15 UTC] Retrieving pkgmgr-client-0.23.4-0.aarch64.rpm [577/1262] ...
[09/17 18:47:15 UTC] Retrieving amd-1.82.3-1.aarch64.rpm [578/1262] ...
[09/17 18:47:15 UTC] Retrieving amd-mod-watchdog-1.82.3-1.aarch64.rpm [579/1262] ...
[09/17 18:47:15 UTC] Retrieving building-blocks-sub2-domain_API-Security-WebAuthn-11.0. [580/1262] ...
[09/17 18:47:15 UTC] Retrieving iotcon-0.4.0-2.aarch64.rpm [581/1262] ...
[09/17 18:47:15 UTC] Retrieving eio-1.25.1-0.aarch64.rpm [582/1262] ...
[09/17 18:47:15 UTC] Retrieving ecore-input-1.25.1-0.aarch64.rpm [583/1262] ...
[09/17 18:47:15 UTC] Retrieving amd-mod-component-manager-1.82.3-1.aarch64.rpm [584/1262] ...
[09/17 18:47:15 UTC] Retrieving building-blocks-sub2-domain_CSAPI-Security-WebAuthn-11. [585/1262] ...
[09/17 18:47:15 UTC] Retrieving amd-mod-rpc-port-1.82.3-1.aarch64.rpm [586/1262] ...
[09/17 18:47:15 UTC] Retrieving wifi-direct-manager-1.4.3-1.aarch64.rpm [587/1262] ...
[09/17 18:47:15 UTC] Retrieving united-service-1.3.2-0.aarch64.rpm [588/1262] ...
[09/17 18:47:15 UTC] Retrieving ua-manager-0.14.18-1.aarch64.rpm [589/1262] ...
[09/17 18:47:15 UTC] Retrieving rscmgr-service-0.1-13.aarch64.rpm [590/1262] ...
[09/17 18:47:15 UTC] Retrieving pkgmgr-installer-0.23.4-0.aarch64.rpm [591/1262] ...
[09/17 18:47:15 UTC] Retrieving mmi-2.2.2-0.aarch64.rpm [592/1262] ...
[09/17 18:47:15 UTC] Retrieving message-port-1.5.1-0.aarch64.rpm [593/1262] ...
[09/17 18:47:15 UTC] Retrieving libscreen_connector_input-1.9.13-1.aarch64.rpm [594/1262] ...
[09/17 18:47:15 UTC] Retrieving libaskuser-notification-common-0.8.7-1.aarch64.rpm [595/1262] ...
[09/17 18:47:15 UTC] Retrieving isu-9.0.6-1.aarch64.rpm [596/1262] ...
[09/17 18:47:15 UTC] Retrieving hal-api-common-2.0.0-2.aarch64.rpm [597/1262] ...
[09/17 18:47:15 UTC] Retrieving diagnostics-1.2.0-1.aarch64.rpm [598/1262] ...
[09/17 18:47:15 UTC] Retrieving component-based-port-1.6.7-1.aarch64.rpm [599/1262] ...
[09/17 18:47:15 UTC] Retrieving capi-media-controller-1.0.17-0.aarch64.rpm [600/1262] ...
[09/17 18:47:15 UTC] Retrieving capi-appfw-component-manager-1.2.6-1.aarch64.rpm [601/1262] ...
[09/17 18:47:15 UTC] Retrieving capi-appfw-app-manager-0.18.0-1.aarch64.rpm [602/1262] ...
[09/17 18:47:15 UTC] Retrieving building-blocks-sub2-domain_API-AppFramework-RPC_Port_A [603/1262] ...
[09/17 18:47:15 UTC] Retrieving aul-rsc-mgr-0.85.3-1.aarch64.rpm [604/1262] ...
[09/17 18:47:15 UTC] Retrieving aul-exec-checker-plugin-0.85.3-1.aarch64.rpm [605/1262] ...
[09/17 18:47:15 UTC] Retrieving app2sd-plugin-0.8.2-1.aarch64.rpm [606/1262] ...
[09/17 18:47:15 UTC] Retrieving app-svc-0.1.57-0.aarch64.rpm [607/1262] ...
[09/17 18:47:15 UTC] Retrieving amd-mod-widget-1.82.3-1.aarch64.rpm [608/1262] ...
[09/17 18:47:15 UTC] Retrieving amd-mod-wayland-core-1.82.3-1.aarch64.rpm [609/1262] ...
[09/17 18:47:15 UTC] Retrieving amd-mod-watch-1.82.3-1.aarch64.rpm [610/1262] ...
[09/17 18:47:15 UTC] Retrieving amd-mod-ui-core-1.82.3-1.aarch64.rpm [611/1262] ...
[09/17 18:47:15 UTC] Retrieving amd-mod-share-1.82.3-1.aarch64.rpm [612/1262] ...
[09/17 18:47:15 UTC] Retrieving amd-mod-light-user-1.82.3-1.aarch64.rpm [613/1262] ...
[09/17 18:47:15 UTC] Retrieving amd-mod-job-scheduler-1.82.3-1.aarch64.rpm [614/1262] ...
[09/17 18:47:15 UTC] Retrieving amd-mod-input-1.82.3-1.aarch64.rpm [615/1262] ...
[09/17 18:47:15 UTC] Retrieving amd-mod-extractor-1.82.3-1.aarch64.rpm [616/1262] ...
[09/17 18:47:15 UTC] Retrieving amd-mod-cynara-core-1.82.3-1.aarch64.rpm [617/1262] ...
[09/17 18:47:15 UTC] Retrieving amd-mod-boost-1.82.3-1.aarch64.rpm [618/1262] ...
[09/17 18:47:15 UTC] Retrieving wifi-direct-manager-profile_common-1.4.3-1.aarch64.rpm [619/1262] ...
[09/17 18:47:15 UTC] Retrieving building-blocks-sub2-domain_API-AppFramework-United_Ser [620/1262] ...
[09/17 18:47:15 UTC] Retrieving capi-network-ua-0.14.6-2.aarch64.rpm [621/1262] ...
[09/17 18:47:15 UTC] Retrieving building-blocks-sub1-domain_Feature-Rscmgr_service-11.0 [622/1262] ...
[09/17 18:47:15 UTC] Retrieving tizen-watcher-1.0.15-1.aarch64.rpm [623/1262] ...
[09/17 18:47:15 UTC] Retrieving pkgmgr-server-1.1.3-1.aarch64.rpm [624/1262] ...
[09/17 18:47:15 UTC] Retrieving launchpad-0.51.2-1.aarch64.rpm [625/1262] ...
[09/17 18:47:15 UTC] Retrieving eventsystem-0.1.58-1.aarch64.rpm [626/1262] ...
[09/17 18:47:15 UTC] Retrieving esd-mod-group-0.1.58-1.aarch64.rpm [627/1262] ...
[09/17 18:47:15 UTC] Retrieving capi-appfw-package-manager-0.15.3-1.aarch64.rpm [628/1262] ...
[09/17 18:47:15 UTC] Retrieving app-installers-1.37.9-1.aarch64.rpm [629/1262] ...
[09/17 18:47:15 UTC] Retrieving building-blocks-sub2-domain_API-UIX-Multi_modal_interac [630/1262] ...
[09/17 18:47:15 UTC] Retrieving multi-assistant-0.3.22-1.aarch64.rpm [631/1262] ...
[09/17 18:47:15 UTC] Retrieving building-blocks-sub2-domain_API-AppFramework-Message_Po [632/1262] ...
[09/17 18:47:15 UTC] Retrieving capi-privacy-privilege-manager-0.8.7-1.aarch64.rpm [633/1262] ...
[09/17 18:47:15 UTC] Retrieving hal-api-wifi-0.0.1-2.aarch64.rpm [634/1262] ...
[09/17 18:47:15 UTC] Retrieving hal-api-tdm-1.0-1.aarch64.rpm [635/1262] ...
[09/17 18:47:15 UTC] Retrieving hal-api-tbm-1.1-1.aarch64.rpm [636/1262] ...
[09/17 18:47:15 UTC] Retrieving hal-api-sensor-0.0.1-1.aarch64.rpm [637/1262] ...
[09/17 18:47:15 UTC] Retrieving hal-api-security-1.1.0-0.aarch64.rpm [638/1262] ...
[09/17 18:47:15 UTC] Retrieving hal-api-radio-1.0.1-0.aarch64.rpm [639/1262] ...
[09/17 18:47:15 UTC] Retrieving hal-api-power-0.0.2-1.aarch64.rpm [640/1262] ...
[09/17 18:47:15 UTC] Retrieving hal-api-nfc-0.0.1-1.aarch64.rpm [641/1262] ...
[09/17 18:47:15 UTC] Retrieving hal-api-location-0.0.2-1.aarch64.rpm [642/1262] ...
[09/17 18:47:15 UTC] Retrieving hal-api-common-haltests-2.0.0-2.aarch64.rpm [643/1262] ...
[09/17 18:47:15 UTC] Retrieving hal-api-camera-1.2.0-1.aarch64.rpm [644/1262] ...
[09/17 18:47:15 UTC] Retrieving hal-api-bluetooth-0.0.1-1.aarch64.rpm [645/1262] ...
[09/17 18:47:15 UTC] Retrieving hal-api-audio-0.0.23-0.aarch64.rpm [646/1262] ...
[09/17 18:47:15 UTC] Retrieving stability-monitor-6.6.0-0.aarch64.rpm [647/1262] ...
[09/17 18:47:15 UTC] Retrieving crash-worker-support-common-10.0.1-1.aarch64.rpm [648/1262] ...
[09/17 18:47:15 UTC] Retrieving mediacontroller-1.0.17-0.aarch64.rpm [649/1262] ...
[09/17 18:47:15 UTC] Retrieving building-blocks-sub2-domain_API-AppFramework-Component_ [650/1262] ...
[09/17 18:47:15 UTC] Retrieving askuser-notification-0.8.7-1.aarch64.rpm [651/1262] ...
[09/17 18:47:15 UTC] Retrieving building-blocks-sub2-domain_API-AppFramework-External_S [652/1262] ...
[09/17 18:47:15 UTC] Retrieving data-control-0.4.31-1.aarch64.rpm [653/1262] ...
[09/17 18:47:15 UTC] Retrieving building-blocks-sub2-domain_API-AppFramework-Tizen_Watc [654/1262] ...
[09/17 18:47:15 UTC] Retrieving liblaunchpad-0.51.2-1.aarch64.rpm [655/1262] ...
[09/17 18:47:15 UTC] Retrieving liblbs-dbus-1.1.2-1.aarch64.rpm [656/1262] ...
[09/17 18:47:15 UTC] Retrieving tpk-installer-1.11.6-1.aarch64.rpm [657/1262] ...
[09/17 18:47:15 UTC] Retrieving rpk-installer-0.5.6-1.aarch64.rpm [658/1262] ...
[09/17 18:47:15 UTC] Retrieving pkgmgr-tool-0.14.10-1.aarch64.rpm [659/1262] ...
[09/17 18:47:15 UTC] Retrieving building-blocks-sub2-domain_API-Security-Privacy_Privil [660/1262] ...
[09/17 18:47:15 UTC] Retrieving wifi-direct-plugin-wpasupplicant-1.4.3-1.aarch64.rpm [661/1262] ...
[09/17 18:47:15 UTC] Retrieving building-blocks-sub1-domain_HALAPI-Wifi-11.0.0-0.aarch6 [662/1262] ...
[09/17 18:47:15 UTC] Retrieving building-blocks-sub1-domain_HALAPI-Tdm-11.0.0-0.aarch64 [663/1262] ...
[09/17 18:47:15 UTC] Retrieving libtbm-4.8.7-1.aarch64.rpm [664/1262] ...
[09/17 18:47:15 UTC] Retrieving building-blocks-sub1-domain_HALAPI-Tbm-11.0.0-0.aarch64 [665/1262] ...
[09/17 18:47:15 UTC] Retrieving sensord-10.0.0-1.aarch64.rpm [666/1262] ...
[09/17 18:47:15 UTC] Retrieving building-blocks-sub1-domain_HALAPI-Sensor-11.0.0-0.aarc [667/1262] ...
[09/17 18:47:15 UTC] Retrieving libkey-manager-client-0.1.91-1.aarch64.rpm [668/1262] ...
[09/17 18:47:15 UTC] Retrieving key-manager-0.1.91-1.aarch64.rpm [669/1262] ...
[09/17 18:47:15 UTC] Retrieving device-certificate-manager-3.0.1-0.aarch64.rpm [670/1262] ...
[09/17 18:47:15 UTC] Retrieving building-blocks-sub1-domain_HALAPI-Radio-11.0.0-0.aarch [671/1262] ...
[09/17 18:47:15 UTC] Retrieving pass-2.0.1-1.aarch64.rpm [672/1262] ...
[09/17 18:47:15 UTC] Retrieving building-blocks-sub1-domain_HALAPI-Power-11.0.0-0.aarch [673/1262] ...
[09/17 18:47:15 UTC] Retrieving building-blocks-sub1-domain_HALAPI-Nfc-11.0.0-0.aarch64 [674/1262] ...
[09/17 18:47:15 UTC] Retrieving building-blocks-sub1-domain_HALAPI-Location-11.0.0-0.aa [675/1262] ...
[09/17 18:47:15 UTC] Retrieving building-blocks-sub1-domain_HALAPI-Common-11.0.0-0.aarc [676/1262] ...
[09/17 18:47:15 UTC] Retrieving building-blocks-sub1-domain_HALAPI-Camera-11.0.0-0.aarc [677/1262] ...
[09/17 18:47:15 UTC] Retrieving building-blocks-sub1-domain_HALAPI-Bluetooth-11.0.0-0.a [678/1262] ...
[09/17 18:47:15 UTC] Retrieving building-blocks-sub1-domain_HALAPI-Audio-11.0.0-0.aarch [679/1262] ...
[09/17 18:47:15 UTC] Retrieving system-plugin-config-stability-monitor-0.1-1.noarch.rpm [680/1262] ...
[09/17 18:47:15 UTC] Retrieving crash-worker-support-regdump-10.0.1-1.aarch64.rpm [681/1262] ...
[09/17 18:47:15 UTC] Retrieving crash-worker-support-livecoredump-10.0.1-1.aarch64.rpm [682/1262] ...
[09/17 18:47:15 UTC] Retrieving building-blocks-sub2-domain_API-Multimedia-Media_Contro [683/1262] ...
[09/17 18:47:15 UTC] Retrieving building-blocks-sub2-domain_API-AppFramework-Data_Contr [684/1262] ...
[09/17 18:47:15 UTC] Retrieving dotnet-launcher-8.0.11-1.aarch64.rpm [685/1262] ...
[09/17 18:47:15 UTC] Retrieving tpk-backend-1.11.6-1.aarch64.rpm [686/1262] ...
[09/17 18:47:15 UTC] Retrieving org.tizen.setting-wifi-direct-1.0.10-1.aarch64.rpm [687/1262] ...
[09/17 18:47:15 UTC] Retrieving org.tizen.setting-wifi-1.1.8-1.aarch64.rpm [688/1262] ...
[09/17 18:47:15 UTC] Retrieving org.tizen.setting-bluetooth-1.10.0-1.aarch64.rpm [689/1262] ...
[09/17 18:47:15 UTC] Retrieving org.tizen.cssetting-account-1.0.2-1.aarch64.rpm [690/1262] ...
[09/17 18:47:15 UTC] Retrieving building-blocks-sub2-domain_API-AppFramework-TPK_Instal [691/1262] ...
[09/17 18:47:15 UTC] Retrieving building-blocks-sub2-domain_CSAPI-Security-PrivacyPrivi [692/1262] ...
[09/17 18:47:15 UTC] Retrieving libwayland-tbm-server-0.9.0-0.aarch64.rpm [693/1262] ...
[09/17 18:47:15 UTC] Retrieving libwayland-tbm-client-0.9.0-0.aarch64.rpm [694/1262] ...
[09/17 18:47:15 UTC] Retrieving libtdm-3.4.0-0.aarch64.rpm [695/1262] ...
[09/17 18:47:15 UTC] Retrieving libds-0.1.24-0.aarch64.rpm [696/1262] ...
[09/17 18:47:15 UTC] Retrieving ecore-buffer-1.25.1-0.aarch64.rpm [697/1262] ...
[09/17 18:47:15 UTC] Retrieving capi-media-tool-1.2.3-0.aarch64.rpm [698/1262] ...
[09/17 18:47:15 UTC] Retrieving e-mod-tizen-wm-policy-0.6.13-1.aarch64.rpm [699/1262] ...
[09/17 18:47:15 UTC] Retrieving capi-system-sensor-0.2.5-1.aarch64.rpm [700/1262] ...
[09/17 18:47:15 UTC] Retrieving capi-context-motion-2.0.3-1.aarch64.rpm [701/1262] ...
[09/17 18:47:15 UTC] Retrieving app-core-common-1.28.4-0.aarch64.rpm [702/1262] ...
[09/17 18:47:15 UTC] Retrieving amd-mod-splash-screen-1.82.3-1.aarch64.rpm [703/1262] ...
[09/17 18:47:15 UTC] Retrieving net-config-1.2.15-1.aarch64.rpm [704/1262] ...
[09/17 18:47:15 UTC] Retrieving libwebappenc-0.1.1-1.aarch64.rpm [705/1262] ...
[09/17 18:47:15 UTC] Retrieving building-blocks-sub2-domain_API-Security-Key_Manager-11 [706/1262] ...
[09/17 18:47:15 UTC] Retrieving account-common-0.1.14-1.aarch64.rpm [707/1262] ...
[09/17 18:47:15 UTC] Retrieving building-blocks-sub2-domain_API-Security-Device_Certifi [708/1262] ...
[09/17 18:47:15 UTC] Retrieving libpass-resource-monitor-2.0.1-1.aarch64.rpm [709/1262] ...
[09/17 18:47:15 UTC] Retrieving building-blocks-sub1-domain_Feature-Power_manager-11.0. [710/1262] ...
[09/17 18:47:15 UTC] Retrieving bugreport-service-10.0.1-1.aarch64.rpm [711/1262] ...
[09/17 18:47:15 UTC] Retrieving org.tizen.share-panel_common-2.0.1-0.aarch64.rpm [712/1262] ...
[09/17 18:47:15 UTC] Retrieving org.tizen.homescreen-1.0.0-1.aarch64.rpm [713/1262] ...
[09/17 18:47:15 UTC] Retrieving org.tizen.cssetting-accessibility-1.1.0-1.aarch64.rpm [714/1262] ...
[09/17 18:47:15 UTC] Retrieving org.tizen.askuser-popup-profile_iot-3.0.0-0.aarch64.rpm [715/1262] ...
[09/17 18:47:15 UTC] Retrieving e-mod-tizen-effect-0.3.7-1.aarch64.rpm [716/1262] ...
[09/17 18:47:15 UTC] Retrieving tizen-core-wl-0.1.45-0.aarch64.rpm [717/1262] ...
[09/17 18:47:15 UTC] Retrieving ecore-wl2-1.25.1-0.aarch64.rpm [718/1262] ...
[09/17 18:47:15 UTC] Retrieving libtdm-client-3.4.0-0.aarch64.rpm [719/1262] ...
[09/17 18:47:15 UTC] Retrieving firmware-update-system-ui-common-1.2.13-0.aarch64.rpm [720/1262] ...
[09/17 18:47:15 UTC] Retrieving libds-xdg-shell-v6-0.1.24-0.aarch64.rpm [721/1262] ...
[09/17 18:47:15 UTC] Retrieving libds-tizen-0.1.18-0.aarch64.rpm [722/1262] ...
[09/17 18:47:15 UTC] Retrieving vision-source-v4l2-1.2.0-0.aarch64.rpm [723/1262] ...
[09/17 18:47:15 UTC] Retrieving capi-media-vision-common-1.0.17-0.aarch64.rpm [724/1262] ...
[09/17 18:47:15 UTC] Retrieving liblbs-location-1.4.9-1.aarch64.rpm [725/1262] ...
[09/17 18:47:15 UTC] Retrieving building-blocks-sub2-domain_API-System-Sensor_Listener- [726/1262] ...
[09/17 18:47:15 UTC] Retrieving libwidget_service-1.3.11-1.aarch64.rpm [727/1262] ...
[09/17 18:47:15 UTC] Retrieving capi-appfw-preference-0.6.24-0.aarch64.rpm [728/1262] ...
[09/17 18:47:15 UTC] Retrieving capi-appfw-app-control-0.26.3-0.aarch64.rpm [729/1262] ...
[09/17 18:47:15 UTC] Retrieving capi-appfw-app-common-0.16.4-0.aarch64.rpm [730/1262] ...
[09/17 18:47:15 UTC] Retrieving building-blocks-sub2-domain_API-Network-WiFi_Manager-11 [731/1262] ...
[09/17 18:47:15 UTC] Retrieving wgt-installer-0.18.8-1.aarch64.rpm [732/1262] ...
[09/17 18:47:15 UTC] Retrieving building-blocks-sub2-domain_CSAPI-Security-Repository-1 [733/1262] ...
[09/17 18:47:15 UTC] Retrieving libaccount-service-0.4.26-1.aarch64.rpm [734/1262] ...
[09/17 18:47:15 UTC] Retrieving account-manager-0.1.23-1.aarch64.rpm [735/1262] ...
[09/17 18:47:15 UTC] Retrieving resource-monitor-plugin-network-1.0.0-1.aarch64.rpm [736/1262] ...
[09/17 18:47:15 UTC] Retrieving capi-system-resource-monitor-0.0.1-0.aarch64.rpm [737/1262] ...
[09/17 18:47:15 UTC] Retrieving crash-worker-10.0.1-1.aarch64.rpm [738/1262] ...
[09/17 18:47:15 UTC] Retrieving libscreen_connector_provider_tcore-1.9.13-1.aarch64.rpm [739/1262] ...
[09/17 18:47:15 UTC] Retrieving capi-system-media-key-tcore-0.2.13-6.aarch64.rpm [740/1262] ...
[09/17 18:47:15 UTC] Retrieving building-blocks-sub2-domain_API-UI-Tizen_Core_Wayland-1 [741/1262] ...
[09/17 18:47:15 UTC] Retrieving app-core-tcore-1.28.4-0.aarch64.rpm [742/1262] ...
[09/17 18:47:15 UTC] Retrieving app-core-multiwindow-tcore-1.28.4-0.aarch64.rpm [743/1262] ...
[09/17 18:47:15 UTC] Retrieving tzsh-1.5.8-0.aarch64.rpm [744/1262] ...
[09/17 18:47:15 UTC] Retrieving tzsh-backend-efl-1.5.8-0.aarch64.rpm [745/1262] ...
[09/17 18:47:15 UTC] Retrieving libscreen_connector_remote_surface-1.9.13-1.aarch64.rpm [746/1262] ...
[09/17 18:47:15 UTC] Retrieving libscreen_connector_provider-1.9.13-1.aarch64.rpm [747/1262] ...
[09/17 18:47:15 UTC] Retrieving capi-system-media-key-0.2.13-6.aarch64.rpm [748/1262] ...
[09/17 18:47:15 UTC] Retrieving app-core-ui-1.28.4-0.aarch64.rpm [749/1262] ...
[09/17 18:47:15 UTC] Retrieving app-core-multiwindow-1.28.4-0.aarch64.rpm [750/1262] ...
[09/17 18:47:15 UTC] Retrieving libtpl-egl-1.13.2-0.aarch64.rpm [751/1262] ...
[09/17 18:47:15 UTC] Retrieving evas-1.25.1-0.aarch64.rpm [752/1262] ...
[09/17 18:47:15 UTC] Retrieving ecore-input-evas-1.25.1-0.aarch64.rpm [753/1262] ...
[09/17 18:47:15 UTC] Retrieving ecore-evas-1.25.1-0.aarch64.rpm [754/1262] ...
[09/17 18:47:15 UTC] Retrieving building-blocks-sub1-domain_Feature-Recovery-11.0.0-0.a [755/1262] ...
[09/17 18:47:15 UTC] Retrieving building-blocks-sub2-domain_API-Multimedia-Media_Vision [756/1262] ...
[09/17 18:47:15 UTC] Retrieving capi-media-vision-roi_tracker-1.0.17-0.aarch64.rpm [757/1262] ...
[09/17 18:47:15 UTC] Retrieving capi-media-vision-image-1.0.17-0.aarch64.rpm [758/1262] ...
[09/17 18:47:15 UTC] Retrieving capi-media-vision-barcode-1.0.17-0.aarch64.rpm [759/1262] ...
[09/17 18:47:15 UTC] Retrieving capi-media-vision-3d-1.0.17-0.aarch64.rpm [760/1262] ...
[09/17 18:47:15 UTC] Retrieving capi-location-manager-0.8.4-1.aarch64.rpm [761/1262] ...
[09/17 18:47:15 UTC] Retrieving building-blocks-sub2-domain_API-Context-Activity_Geustu [762/1262] ...
[09/17 18:47:15 UTC] Retrieving librua-0.5.17-0.aarch64.rpm [763/1262] ...
[09/17 18:47:15 UTC] Retrieving capi-network-bluetooth-test-0.10.0-2.aarch64.rpm [764/1262] ...
[09/17 18:47:15 UTC] Retrieving capi-context-1.0.6-1.aarch64.rpm [765/1262] ...
[09/17 18:47:15 UTC] Retrieving at-spi2-core-2.44.1-1.aarch64.rpm [766/1262] ...
[09/17 18:47:15 UTC] Retrieving tizen-theme-manager-1.3.3-1.aarch64.rpm [767/1262] ...
[09/17 18:47:15 UTC] Retrieving tizen-action-1.4.2-1.aarch64.rpm [768/1262] ...
[09/17 18:47:15 UTC] Retrieving notification-ex-0.12.7-1.aarch64.rpm [769/1262] ...
[09/17 18:47:15 UTC] Retrieving libmlops-agent-1.8.8-0.aarch64.rpm [770/1262] ...
[09/17 18:47:15 UTC] Retrieving hal-api-hdcp-1.0.13-0.aarch64.rpm [771/1262] ...
[09/17 18:47:15 UTC] Retrieving hal-api-drm-1.0.5-1.aarch64.rpm [772/1262] ...
[09/17 18:47:15 UTC] Retrieving hal-api-device-1.0.0-0.aarch64.rpm [773/1262] ...
[09/17 18:47:15 UTC] Retrieving hal-api-codec-1.10.1-0.aarch64.rpm [774/1262] ...
[09/17 18:47:15 UTC] Retrieving capi-ui-sticker-1.3.5-1.aarch64.rpm [775/1262] ...
[09/17 18:47:15 UTC] Retrieving capi-media-vision-machine_learning-1.0.17-0.aarch64.rpm [776/1262] ...
[09/17 18:47:15 UTC] Retrieving badge-0.5.6-1.aarch64.rpm [777/1262] ...
[09/17 18:47:15 UTC] Retrieving appcore-agent-1.7.7-1.aarch64.rpm [778/1262] ...
[09/17 18:47:15 UTC] Retrieving building-blocks-sub2-domain_API-Network-WiFi_Direct-11. [779/1262] ...
[09/17 18:47:15 UTC] Retrieving building-blocks-sub2-domain_API-Network-WiFi_Aware-11.0 [780/1262] ...
[09/17 18:47:15 UTC] Retrieving building-blocks-sub2-domain_API-Network-VPN_Service-11. [781/1262] ...
[09/17 18:47:15 UTC] Retrieving building-blocks-sub2-domain_API-Network-UserAwareness-1 [782/1262] ...
[09/17 18:47:15 UTC] Retrieving building-blocks-sub2-domain_API-Network-STC-11.0.0-0.aa [783/1262] ...
[09/17 18:47:15 UTC] Retrieving building-blocks-sub2-domain_API-Network-SSDP-11.0.0-0.a [784/1262] ...
[09/17 18:47:15 UTC] Retrieving building-blocks-sub2-domain_API-Network-IoTCon-11.0.0-0 [785/1262] ...
[09/17 18:47:15 UTC] Retrieving building-blocks-sub2-domain_API-Network-INM-11.0.0-0.aa [786/1262] ...
[09/17 18:47:15 UTC] Retrieving building-blocks-sub2-domain_API-Network-HTTP-11.0.0-0.a [787/1262] ...
[09/17 18:47:15 UTC] Retrieving building-blocks-sub2-domain_API-Network-DNSSD-11.0.0-0. [788/1262] ...
[09/17 18:47:15 UTC] Retrieving building-blocks-sub2-domain_API-Network-Curl-11.0.0-0.a [789/1262] ...
[09/17 18:47:15 UTC] Retrieving building-blocks-sub2-domain_API-Network-Connection-11.0 [790/1262] ...
[09/17 18:47:15 UTC] Retrieving building-blocks-sub2-Preset_boards-COMMON-Wifi-11.0.0-0 [791/1262] ...
[09/17 18:47:15 UTC] Retrieving wgt-backend-0.18.8-1.aarch64.rpm [792/1262] ...
[09/17 18:47:15 UTC] Retrieving unified-installer-0.1.1-1.aarch64.rpm [793/1262] ...
[09/17 18:47:15 UTC] Retrieving account-parser-0.1.6-0.aarch64.rpm [794/1262] ...
[09/17 18:47:15 UTC] Retrieving building-blocks-sub1-domain_Feature-Resource_Monitor-11 [795/1262] ...
[09/17 18:47:15 UTC] Retrieving system-plugin-backend-resourced-generic-0.1.0-0.aarch64 [796/1262] ...
[09/17 18:47:15 UTC] Retrieving building-blocks-sub2-domain_API-System-Diagnostics-11.0 [797/1262] ...
[09/17 18:47:15 UTC] Retrieving building-blocks-sub1-domain_Feature-Diagnostics-11.0.0- [798/1262] ...
[09/17 18:47:15 UTC] Retrieving component-based-tcore-1.6.7-1.aarch64.rpm [799/1262] ...
[09/17 18:47:15 UTC] Retrieving appcore-widget-base-tcore-1.6.4-1.aarch64.rpm [800/1262] ...
[09/17 18:47:15 UTC] Retrieving tzsh-backend-tcore-1.5.8-0.aarch64.rpm [801/1262] ...
[09/17 18:47:15 UTC] Retrieving libscreen_connector_watcher-1.9.13-1.aarch64.rpm [802/1262] ...
[09/17 18:47:15 UTC] Retrieving component-based-1.6.7-1.aarch64.rpm [803/1262] ...
[09/17 18:47:15 UTC] Retrieving appcore-widget-base-1.6.4-1.aarch64.rpm [804/1262] ...
[09/17 18:47:15 UTC] Retrieving libmm-evas-renderer-0.0.30-0.aarch64.rpm [805/1262] ...
[09/17 18:47:15 UTC] Retrieving libcairo-1.14.2-0.aarch64.rpm [806/1262] ...
[09/17 18:47:15 UTC] Retrieving isf-11.1.33-1.aarch64.rpm [807/1262] ...
[09/17 18:47:15 UTC] Retrieving ecore-imf-evas-1.25.1-0.aarch64.rpm [808/1262] ...
[09/17 18:47:15 UTC] Retrieving building-blocks-sub2-domain_API-Multimedia-Media_Vision [809/1262] ...
[09/17 18:47:15 UTC] Retrieving building-blocks-sub2-domain_API-Multimedia-Media_Vision [810/1262] ...
[09/17 18:47:15 UTC] Retrieving building-blocks-sub2-domain_API-Multimedia-Media_Vision [811/1262] ...
[09/17 18:47:15 UTC] Retrieving building-blocks-sub2-domain_API-Multimedia-Media_Vision [812/1262] ...
[09/17 18:47:15 UTC] Retrieving amd-mod-rua-1.82.3-1.aarch64.rpm [813/1262] ...
[09/17 18:47:15 UTC] Retrieving aurum-1.0.28-1.aarch64.rpm [814/1262] ...
[09/17 18:47:15 UTC] Retrieving org.tizen.default-light-theme-1.3.3-1.aarch64.rpm [815/1262] ...
[09/17 18:47:15 UTC] Retrieving org.tizen.default-dark-theme-1.3.3-1.aarch64.rpm [816/1262] ...
[09/17 18:47:15 UTC] Retrieving capi-appfw-tizen-theme-1.3.3-1.aarch64.rpm [817/1262] ...
[09/17 18:47:15 UTC] Retrieving tizen-action-plugin-launcher-1.4.2-1.aarch64.rpm [818/1262] ...
[09/17 18:47:15 UTC] Retrieving org.tizen.action-framework.default-actions-1.4.2-1.aarc [819/1262] ...
[09/17 18:47:15 UTC] Retrieving amd-mod-tizen-action-1.4.2-1.aarch64.rpm [820/1262] ...
[09/17 18:47:15 UTC] Retrieving notification-0.12.7-1.aarch64.rpm [821/1262] ...
[09/17 18:47:15 UTC] Retrieving nnstreamer-single-2.7.0-0.aarch64.rpm [822/1262] ...
[09/17 18:47:15 UTC] Retrieving mlops-agent-1.8.8-0.aarch64.rpm [823/1262] ...
[09/17 18:47:15 UTC] Retrieving building-blocks-sub1-domain_HALAPI-Hdcp-11.0.0-0.aarch6 [824/1262] ...
[09/17 18:47:15 UTC] Retrieving building-blocks-sub1-domain_HALAPI-Drm-11.0.0-0.aarch64 [825/1262] ...
[09/17 18:47:15 UTC] Retrieving upgrade-ro-10.0.0-0.aarch64.rpm [826/1262] ...
[09/17 18:47:15 UTC] Retrieving update-control-1.0.6-0.aarch64.rpm [827/1262] ...
[09/17 18:47:15 UTC] Retrieving initrd-flash-0.0.11-0.aarch64.rpm [828/1262] ...
[09/17 18:47:15 UTC] Retrieving deviced-tools-10.1.0-1.aarch64.rpm [829/1262] ...
[09/17 18:47:15 UTC] Retrieving capi-system-runtime-info-0.5.2-1.aarch64.rpm [830/1262] ...
[09/17 18:47:15 UTC] Retrieving capi-system-device-0.1.0-0.aarch64.rpm [831/1262] ...
[09/17 18:47:15 UTC] Retrieving building-blocks-sub1-domain_HALAPI-Device-11.0.0-0.aarc [832/1262] ...
[09/17 18:47:15 UTC] Retrieving building-blocks-sub2-domain_API-UIX-Sticker-11.0.0-0.aa [833/1262] ...
[09/17 18:47:15 UTC] Retrieving capi-media-vision-face-1.0.17-0.aarch64.rpm [834/1262] ...
[09/17 18:47:15 UTC] Retrieving wakeup-engine-default-0.2.5-1.aarch64.rpm [835/1262] ...
[09/17 18:47:15 UTC] Retrieving org.tizen.autofilld-1.11.2-1.aarch64.rpm [836/1262] ...
[09/17 18:47:15 UTC] Retrieving capi-appfw-job-scheduler-0.1.14-0.aarch64.rpm [837/1262] ...
[09/17 18:47:15 UTC] Retrieving building-blocks-sub2-domain_CSAPI-Network-WiFi_Direct-1 [838/1262] ...
[09/17 18:47:15 UTC] Retrieving building-blocks-sub2-Preset_boards-COMMON-UserAwareness [839/1262] ...
[09/17 18:47:15 UTC] Retrieving building-blocks-sub2-domain_CSAPI-Network-STC-11.0.0-0. [840/1262] ...
[09/17 18:47:15 UTC] Retrieving building-blocks-sub2-domain_CSAPI-Network-IoTCon-11.0.0 [841/1262] ...
[09/17 18:47:15 UTC] Retrieving building-blocks-sub2-domain_CSAPI-Network-NSD-11.0.0-0. [842/1262] ...
[09/17 18:47:15 UTC] Retrieving building-blocks-sub2-domain_API-Network-Vine-11.0.0-0.a [843/1262] ...
[09/17 18:47:15 UTC] Retrieving building-blocks-sub2-domain_API-Network-ASP-11.0.0-0.aa [844/1262] ...
[09/17 18:47:15 UTC] Retrieving building-blocks-sub2-Preset_boards-COMMON-WifiDirect-11 [845/1262] ...
[09/17 18:47:15 UTC] Retrieving unified-backend-0.1.1-1.aarch64.rpm [846/1262] ...
[09/17 18:47:15 UTC] Retrieving building-blocks-sub2-domain_API-Account-Account_Manager [847/1262] ...
[09/17 18:47:15 UTC] Retrieving building-blocks-sub2-domain_API-System-Resource_Monitor [848/1262] ...
[09/17 18:47:15 UTC] Retrieving building-blocks-sub2-Preset_boards-COMMON-System-11.0.0 [849/1262] ...
[09/17 18:47:15 UTC] Retrieving building-blocks-sub2-domain_CSAPI-System-Inspections-11 [850/1262] ...
[09/17 18:47:15 UTC] Retrieving pen-wave-1.4.0-2.aarch64.rpm [851/1262] ...
[09/17 18:47:15 UTC] Retrieving libcairo-gobject-1.14.2-0.aarch64.rpm [852/1262] ...
[09/17 18:47:15 UTC] Retrieving org.tizen.inputmethod-setting-0.11.4-1.aarch64.rpm [853/1262] ...
[09/17 18:47:15 UTC] Retrieving ise-engine-unikey-0.3.2-1.aarch64.rpm [854/1262] ...
[09/17 18:47:15 UTC] Retrieving ise-engine-thai-1.0.1-1.aarch64.rpm [855/1262] ...
[09/17 18:47:15 UTC] Retrieving ise-engine-tables-1.0.11-1.aarch64.rpm [856/1262] ...
[09/17 18:47:15 UTC] Retrieving ise-engine-sunpinyin-1.0.12-1.aarch64.rpm [857/1262] ...
[09/17 18:47:15 UTC] Retrieving ise-engine-loader-11.1.33-1.aarch64.rpm [858/1262] ...
[09/17 18:47:15 UTC] Retrieving ise-engine-hangul-1.0.14-1.aarch64.rpm [859/1262] ...
[09/17 18:47:15 UTC] Retrieving ise-engine-glm-1.0.18-1.aarch64.rpm [860/1262] ...
[09/17 18:47:15 UTC] Retrieving ise-engine-default-1.0.11-1.aarch64.rpm [861/1262] ...
[09/17 18:47:15 UTC] Retrieving ise-engine-anthy-1.0.12-1.aarch64.rpm [862/1262] ...
[09/17 18:47:15 UTC] Retrieving capi-ui-inputmethod-manager-0.10.1-1.aarch64.rpm [863/1262] ...
[09/17 18:47:15 UTC] Retrieving edje-1.25.1-0.aarch64.rpm [864/1262] ...
[09/17 18:47:15 UTC] Retrieving building-blocks-sub2-domain_API-AppFramework-Tizen_Them [865/1262] ...
[09/17 18:47:15 UTC] Retrieving capi-appfw-tizen-action-1.4.2-1.aarch64.rpm [866/1262] ...
[09/17 18:47:15 UTC] Retrieving download-provider-2.4.4-0.aarch64.rpm [867/1262] ...
[09/17 18:47:15 UTC] Retrieving nnstreamer-tensorflow2-lite-2.7.0-0.aarch64.rpm [868/1262] ...
[09/17 18:47:15 UTC] Retrieving nnstreamer-nnfw-2.7.0-0.aarch64.rpm [869/1262] ...
[09/17 18:47:15 UTC] Retrieving capi-machine-learning-common-1.8.8-0.aarch64.rpm [870/1262] ...
[09/17 18:47:15 UTC] Retrieving upgrade-10.0.0-0.aarch64.rpm [871/1262] ...
[09/17 18:47:15 UTC] Retrieving update-control-daemon-1.0.6-0.aarch64.rpm [872/1262] ...
[09/17 18:47:15 UTC] Retrieving mused-0.5.1-0.aarch64.rpm [873/1262] ...
[09/17 18:47:15 UTC] Retrieving wifi-tethering-manager-1.0.7-1.aarch64.rpm [874/1262] ...
[09/17 18:47:15 UTC] Retrieving storaged-module_storage-10.0.0-1.aarch64.rpm [875/1262] ...
[09/17 18:47:15 UTC] Retrieving storaged-module_block-10.0.0-1.aarch64.rpm [876/1262] ...
[09/17 18:47:15 UTC] Retrieving sdbd-3.0.50-0.aarch64.rpm [877/1262] ...
[09/17 18:47:15 UTC] Retrieving libmedia-utils-0.8.16-0.aarch64.rpm [878/1262] ...
[09/17 18:47:15 UTC] Retrieving media-server-0.8.16-0.aarch64.rpm [879/1262] ...
[09/17 18:47:15 UTC] Retrieving libalarm-0.14.14-1.aarch64.rpm [880/1262] ...
[09/17 18:47:15 UTC] Retrieving alarm-server-0.14.14-1.aarch64.rpm [881/1262] ...
[09/17 18:47:15 UTC] Retrieving feedbackd-1.0.0-1.aarch64.rpm [882/1262] ...
[09/17 18:47:15 UTC] Retrieving enlightenment-0.20.0-tz11_3.0.1.aarch64.rpm [883/1262] ...
[09/17 18:47:15 UTC] Retrieving building-blocks-root-domain_HALAPI-11.0.0-0.aarch64.rpm [884/1262] ...
[09/17 18:47:15 UTC] Retrieving building-blocks-sub2-domain_CSAPI-UIX-Sticker-11.0.0-0. [885/1262] ...
[09/17 18:47:15 UTC] Retrieving capi-media-vision-surveillance-1.0.17-0.aarch64.rpm [886/1262] ...
[09/17 18:47:15 UTC] Retrieving building-blocks-sub2-domain_API-Multimedia-Media_Vision [887/1262] ...
[09/17 18:47:15 UTC] Retrieving capi-ui-autofill-0.11.1-1.aarch64.rpm [888/1262] ...
[09/17 18:47:16 UTC] Retrieving org.tizen.volume-2.0.3-1.aarch64.rpm [889/1262] ...
[09/17 18:47:16 UTC] Retrieving org.tizen.systemui-1.0.3-1.aarch64.rpm [890/1262] ...
[09/17 18:47:16 UTC] Retrieving org.tizen.cssetting-voicecontrol-1.1.2-1.aarch64.rpm [891/1262] ...
[09/17 18:47:16 UTC] Retrieving org.tizen.cssetting-tts-1.0.0-1.aarch64.rpm [892/1262] ...
[09/17 18:47:16 UTC] Retrieving org.tizen.cssetting-stt-1.0.0-1.aarch64.rpm [893/1262] ...
[09/17 18:47:16 UTC] Retrieving org.tizen.cssetting-inputmethod-1.1.2-1.aarch64.rpm [894/1262] ...
[09/17 18:47:16 UTC] Retrieving org.tizen.cssetting-autofill-1.1.1-1.aarch64.rpm [895/1262] ...
[09/17 18:47:16 UTC] Retrieving building-blocks-sub2-domain_API-UI-PenWave-11.0.0-0.aar [896/1262] ...
[09/17 18:47:16 UTC] Retrieving building-blocks-sub2-domain_API-UI-Cairo-11.0.0-0.aarch [897/1262] ...
[09/17 18:47:16 UTC] Retrieving ise-engine-tables-zh-1.0.11-1.aarch64.rpm [898/1262] ...
[09/17 18:47:16 UTC] Retrieving emotion-1.25.1-0.aarch64.rpm [899/1262] ...
[09/17 18:47:16 UTC] Retrieving building-blocks-sub2-domain_CSAPI-Applications-ThemeMan [900/1262] ...
[09/17 18:47:16 UTC] Retrieving tizen-action-tool-1.4.2-1.aarch64.rpm [901/1262] ...
[09/17 18:47:16 UTC] Retrieving capi-web-url-download-1.2.12-0.aarch64.rpm [902/1262] ...
[09/17 18:47:16 UTC] Retrieving capi-machine-learning-inference-single-1.8.8-0.aarch64. [903/1262] ...
[09/17 18:47:16 UTC] Retrieving building-blocks-sub2-domain_API-System-Update_Control-1 [904/1262] ...
[09/17 18:47:16 UTC] Retrieving capi-media-player-1.0.12-0.aarch64.rpm [905/1262] ...
[09/17 18:47:16 UTC] Retrieving capi-media-camera-1.6.3-0.aarch64.rpm [906/1262] ...
[09/17 18:47:16 UTC] Retrieving building-blocks-sub1-domain_Feature-WiFi_Tethering-11.0 [907/1262] ...
[09/17 18:47:16 UTC] Retrieving building-blocks-sub2-domain_API-System-Storage-11.0.0-0 [908/1262] ...
[09/17 18:47:16 UTC] Retrieving system-plugin-backend-update-control-generic-1.0.6-0.aa [909/1262] ...
[09/17 18:47:16 UTC] Retrieving push-bin-0.7.0-1.aarch64.rpm [910/1262] ...
[09/17 18:47:16 UTC] Retrieving mobileap-agent-1.1.9-1.aarch64.rpm [911/1262] ...
[09/17 18:47:16 UTC] Retrieving data-provider-master-1.11.3-1.aarch64.rpm [912/1262] ...
[09/17 18:47:16 UTC] Retrieving context-service-4.0.3-1.aarch64.rpm [913/1262] ...
[09/17 18:47:16 UTC] Retrieving capi-system-system-settings-0.0.5-0.aarch64.rpm [914/1262] ...
[09/17 18:47:16 UTC] Retrieving capi-appfw-alarm-0.3.7-0.aarch64.rpm [915/1262] ...
[09/17 18:47:16 UTC] Retrieving appcore-watch-base-1.7.25-1.aarch64.rpm [916/1262] ...
[09/17 18:47:16 UTC] Retrieving e-tizen-data-profile_common-0.6.41-0.noarch.rpm [917/1262] ...
[09/17 18:47:16 UTC] Retrieving building-blocks-root-Preset_iot_core-11.0.0-0.aarch64.r [918/1262] ...
[09/17 18:47:16 UTC] Retrieving capi-media-vision-1.0.17-0.aarch64.rpm [919/1262] ...
[09/17 18:47:16 UTC] Retrieving building-blocks-sub2-domain_API-Multimedia-Media_Vision [920/1262] ...
[09/17 18:47:16 UTC] Retrieving org.tizen.autofill-setting-mobile-0.2.6-1.aarch64.rpm [921/1262] ...
[09/17 18:47:16 UTC] Retrieving capi-ui-autofill-service-0.11.1-1.aarch64.rpm [922/1262] ...
[09/17 18:47:16 UTC] Retrieving capi-ui-autofill-manager-0.11.1-1.aarch64.rpm [923/1262] ...
[09/17 18:47:16 UTC] Retrieving capi-ui-autofill-common-0.11.1-1.aarch64.rpm [924/1262] ...
[09/17 18:47:16 UTC] Retrieving ethumb-1.25.1-0.aarch64.rpm [925/1262] ...
[09/17 18:47:16 UTC] Retrieving building-blocks-sub2-domain_API-Content-Download-11.0.0 [926/1262] ...
[09/17 18:47:16 UTC] Retrieving nntrainer-core-0.5.0-0.aarch64.rpm [927/1262] ...
[09/17 18:47:16 UTC] Retrieving inference-engine-mlapi-0.4.11-0.aarch64.rpm [928/1262] ...
[09/17 18:47:16 UTC] Retrieving building-blocks-sub1-domain_Feature-Upgrade-11.0.0-0.aa [929/1262] ...
[09/17 18:47:16 UTC] Retrieving capi-media-player-utils-1.0.12-0.aarch64.rpm [930/1262] ...
[09/17 18:47:16 UTC] Retrieving singleo-0.0.1-0.aarch64.rpm [931/1262] ...
[09/17 18:47:16 UTC] Retrieving capi-media-recorder-1.0.5-0.aarch64.rpm [932/1262] ...
[09/17 18:47:16 UTC] Retrieving building-blocks-sub2-domain_CSAPI-System-Storage-11.0.0 [933/1262] ...
[09/17 18:47:16 UTC] Retrieving libpush-0.7.0-1.aarch64.rpm [934/1262] ...
[09/17 18:47:16 UTC] Retrieving building-blocks-sub2-domain_API-Network-SoftAP-11.0.0-0 [935/1262] ...
[09/17 18:47:16 UTC] Retrieving building-blocks-sub2-domain_API-AppFramework-Notificati [936/1262] ...
[09/17 18:47:16 UTC] Retrieving context-sensor-recorder-4.0.1-1.aarch64.rpm [937/1262] ...
[09/17 18:47:16 UTC] Retrieving context-job-scheduler-4.0.5-1.aarch64.rpm [938/1262] ...
[09/17 18:47:16 UTC] Retrieving context-app-history-4.0.2-1.aarch64.rpm [939/1262] ...
[09/17 18:47:16 UTC] Retrieving phonenumber-utils-0.2.11-0.aarch64.rpm [940/1262] ...
[09/17 18:47:16 UTC] Retrieving cion-mqtt-plugin-1.2.28-1.aarch64.rpm [941/1262] ...
[09/17 18:47:16 UTC] Retrieving capi-system-system-settings-util-lib-0.0.5-0.aarch64.rp [942/1262] ...
[09/17 18:47:16 UTC] Retrieving building-blocks-sub2-domain_API-System-System_Settings- [943/1262] ...
[09/17 18:47:16 UTC] Retrieving aurum-bootstrap-1.0.28-1.aarch64.rpm [944/1262] ...
[09/17 18:47:16 UTC] Retrieving SDL2-2.0.14-2.aarch64.rpm [945/1262] ...
[09/17 18:47:16 UTC] Retrieving org.tizen.action-framework.platform-actions-1.4.2-1.aar [946/1262] ...
[09/17 18:47:16 UTC] Retrieving building-blocks-sub2-domain_API-UI-Display_Server-11.0. [947/1262] ...
[09/17 18:47:16 UTC] Retrieving building-blocks-sub2-domain_API-UIX-Autofill-11.0.0-0.a [948/1262] ...
[09/17 18:47:16 UTC] Retrieving elementary-1.25.1-0.aarch64.rpm [949/1262] ...
[09/17 18:47:16 UTC] Retrieving building-blocks-sub2-domain_API-Messaging-Push-11.0.0-0 [950/1262] ...
[09/17 18:47:16 UTC] Retrieving building-blocks-sub2-domain_CSAPI-Applications-ToastMes [951/1262] ...
[09/17 18:47:16 UTC] Retrieving building-blocks-sub2-domain_API-AppFramework-Alarm_API- [952/1262] ...
[09/17 18:47:16 UTC] Retrieving building-blocks-sub2-domain_API-System-Sensor_Recorder- [953/1262] ...
[09/17 18:47:16 UTC] Retrieving building-blocks-sub2-domain_API-Context-Contextual_Trig [954/1262] ...
[09/17 18:47:16 UTC] Retrieving building-blocks-sub2-domain_API-AppFramework-Job_Schedu [955/1262] ...
[09/17 18:47:16 UTC] Retrieving building-blocks-sub2-domain_API-Context-Contextual_Hist [956/1262] ...
[09/17 18:47:16 UTC] Retrieving building-blocks-sub2-domain_API-Social-Phonenumber_util [957/1262] ...
[09/17 18:47:16 UTC] Retrieving cion-1.2.28-1.aarch64.rpm [958/1262] ...
[09/17 18:47:16 UTC] Retrieving building-blocks-sub2-domain_CSAPI-System-SystemSettings [959/1262] ...
[09/17 18:47:16 UTC] Retrieving building-blocks-sub2-domain_API-AppFramework-Tizen_Acti [960/1262] ...
[09/17 18:47:16 UTC] Retrieving building-blocks-sub2-domain_API-UI-Tizen_WS_Shell-11.0. [961/1262] ...
[09/17 18:47:16 UTC] Retrieving building-blocks-sub2-domain_API-UI-TBM_Surface-11.0.0-0 [962/1262] ...
[09/17 18:47:16 UTC] Retrieving building-blocks-sub2-domain_API-UI-SDL_GL-11.0.0-0.aarc [963/1262] ...
[09/17 18:47:16 UTC] Retrieving building-blocks-sub2-domain_API-AppFramework-Media_Key_ [964/1262] ...
[09/17 18:47:16 UTC] Retrieving building-blocks-sub2-Preset_boards-COMMON-Display-11.0. [965/1262] ...
[09/17 18:47:16 UTC] Retrieving elementary-tizen-1.25.1-0.aarch64.rpm [966/1262] ...
[09/17 18:47:16 UTC] Retrieving building-blocks-sub2-domain_CSAPI-Messaging-Push-11.0.0 [967/1262] ...
[09/17 18:47:16 UTC] Retrieving building-blocks-sub2-domain_CSAPI-Context-AppHistory-11 [968/1262] ...
[09/17 18:47:16 UTC] Retrieving esd-mod-cion-1.2.28-1.aarch64.rpm [969/1262] ...
[09/17 18:47:16 UTC] Retrieving building-blocks-sub2-domain_API-AppFramework-Cion_API-1 [970/1262] ...
[09/17 18:47:16 UTC] Retrieving building-blocks-sub2-domain_API-Multimedia-Media_Tool-1 [971/1262] ...
[09/17 18:47:16 UTC] Retrieving building-blocks-sub2-domain_CSAPI-UI-OpenTK-11.0.0-0.aa [972/1262] ...
[09/17 18:47:16 UTC] Retrieving building-blocks-sub2-domain_CSAPI-System-MediaKey-11.0. [973/1262] ...
[09/17 18:47:16 UTC] Retrieving minicontrol-0.2.1-1.aarch64.rpm [974/1262] ...
[09/17 18:47:16 UTC] Retrieving libscl-ui-0.11.11-1.aarch64.rpm [975/1262] ...
[09/17 18:47:16 UTC] Retrieving elementary-tools-1.25.1-0.aarch64.rpm [976/1262] ...
[09/17 18:47:16 UTC] Retrieving efl-modules-profile_common-0.1.1-1.aarch64.rpm [977/1262] ...
[09/17 18:47:16 UTC] Retrieving efl-extension-0.1.8-1.aarch64.rpm [978/1262] ...
[09/17 18:47:16 UTC] Retrieving efl-config-0.1-0.aarch64.rpm [979/1262] ...
[09/17 18:47:16 UTC] Retrieving component-based-application-1.6.7-1.aarch64.rpm [980/1262] ...
[09/17 18:47:16 UTC] Retrieving capi-ui-efl-util-0.9.1-1.aarch64.rpm [981/1262] ...
[09/17 18:47:16 UTC] Retrieving appcore-widget-1.6.4-1.aarch64.rpm [982/1262] ...
[09/17 18:47:16 UTC] Retrieving appcore-watch-1.7.25-1.aarch64.rpm [983/1262] ...
[09/17 18:47:16 UTC] Retrieving app-core-efl-1.28.4-0.aarch64.rpm [984/1262] ...
[09/17 18:47:16 UTC] Retrieving esd-1.1.6-1.aarch64.rpm [985/1262] ...
[09/17 18:47:16 UTC] Retrieving building-blocks-sub2-domain_CSAPI-Applications-Cion-11. [986/1262] ...
[09/17 18:47:16 UTC] Retrieving building-blocks-sub2-domain_API-UI-EFL_NativeUIToolkit- [987/1262] ...
[09/17 18:47:16 UTC] Retrieving syspopup-0.3.10-0.aarch64.rpm [988/1262] ...
[09/17 18:47:16 UTC] Retrieving ui-gadget-1-0.2.13-1.aarch64.rpm [989/1262] ...
[09/17 18:47:16 UTC] Retrieving libscl-core-0.11.3-1.aarch64.rpm [990/1262] ...
[09/17 18:47:16 UTC] Retrieving capi-appfw-application-0.11.0-0.aarch64.rpm [991/1262] ...
[09/17 18:47:16 UTC] Retrieving resourced-bin-10.0.0-1.aarch64.rpm [992/1262] ...
[09/17 18:47:16 UTC] Retrieving deviced-10.1.0-1.aarch64.rpm [993/1262] ...
[09/17 18:47:16 UTC] Retrieving capi-appfw-event-0.6.22-0.aarch64.rpm [994/1262] ...
[09/17 18:47:16 UTC] Retrieving bluetooth-frwk-service-0.10.0-1.aarch64.rpm [995/1262] ...
[09/17 18:47:16 UTC] Retrieving bluetooth-frwk-core-0.10.0-1.aarch64.rpm [996/1262] ...
[09/17 18:47:16 UTC] Retrieving building-blocks-sub2-domain_API-UI-EFL_Extension-11.0.0 [997/1262] ...
[09/17 18:47:16 UTC] Retrieving building-blocks-sub2-domain_API-UI-Aurum-11.0.0-0.aarch [998/1262] ...
[09/17 18:47:16 UTC] Retrieving building-blocks-sub2-Preset_boards-COMMON-EFL-11.0.0-0. [999/1262] ...
[09/17 18:47:16 UTC] Retrieving syspopup-tcore-0.3.10-0.aarch64.rpm [1000/1262] ...
[09/17 18:47:16 UTC] Retrieving syspopup-caller-0.3.10-0.aarch64.rpm [1001/1262] ...
[09/17 18:47:16 UTC] Retrieving my-account-profile_mobile-1.9.106-1.aarch64.rpm [1002/1262] ...
[09/17 18:47:16 UTC] Retrieving capi-ui-inputmethod-0.11.9-1.aarch64.rpm [1003/1262] ...
[09/17 18:47:16 UTC] Retrieving org.tizen.net-popup-0.3.2-1.noarch.rpm [1004/1262] ...
[09/17 18:47:16 UTC] Retrieving resourced-watchdog-handler-10.0.0-1.aarch64.rpm [1005/1262] ...
[09/17 18:47:16 UTC] Retrieving libdeviced-10.1.0-1.aarch64.rpm [1006/1262] ...
[09/17 18:47:16 UTC] Retrieving deviced-isu-10.1.0-1.aarch64.rpm [1007/1262] ...
[09/17 18:47:16 UTC] Retrieving building-blocks-sub2-domain_API-System-Device-11.0.0-0. [1008/1262] ...
[09/17 18:47:16 UTC] Retrieving building-blocks-sub2-domain_API-AppFramework-Event_API- [1009/1262] ...
[09/17 18:47:16 UTC] Retrieving building-blocks-sub2-domain_CSAPI-UI-ElmSharp-11.0.0-0. [1010/1262] ...
[09/17 18:47:16 UTC] Retrieving starter-profile_common-0.5.54-1.aarch64.rpm [1011/1262] ...
[09/17 18:47:16 UTC] Retrieving bluetooth-frwk-plugin-headed-0.10.0-1.aarch64.rpm [1012/1262] ...
[09/17 18:47:16 UTC] Retrieving resourced-10.0.0-1.aarch64.rpm [1013/1262] ...
[09/17 18:47:16 UTC] Retrieving org.tizen.system-syspopup.common-0.2.2-1.aarch64.rpm [1014/1262] ...
[09/17 18:47:16 UTC] Retrieving lbs-server-1.3.8-1.aarch64.rpm [1015/1262] ...
[09/17 18:47:16 UTC] Retrieving building-blocks-sub2-domain_Feature-ISU-System_Deviced- [1016/1262] ...
[09/17 18:47:16 UTC] Retrieving building-blocks-sub2-domain_CSAPI-System-System-11.0.0- [1017/1262] ...
[09/17 18:47:16 UTC] Retrieving building-blocks-sub2-Preset_boards-COMMON-System_Device [1018/1262] ...
[09/17 18:47:16 UTC] Retrieving building-blocks-sub2-domain_CSAPI-Applications-Common-1 [1019/1262] ...
[09/17 18:47:16 UTC] Retrieving starter-0.5.54-1.aarch64.rpm [1020/1262] ...
[09/17 18:47:16 UTC] Retrieving building-blocks-sub2-domain_API-Network-Bluetooth_LE-11 [1021/1262] ...
[09/17 18:47:16 UTC] Retrieving building-blocks-sub2-domain_API-Network-Bluetooth_BREDR [1022/1262] ...
[09/17 18:47:16 UTC] Retrieving building-blocks-sub1-domain_Feature-Resource_manager-11 [1023/1262] ...
[09/17 18:47:16 UTC] Retrieving org.tizen.powerkey-syspopup.common-0.2.2-1.aarch64.rpm [1024/1262] ...
[09/17 18:47:16 UTC] Retrieving system-servant-profile_common-0.2.2-1.aarch64.rpm [1025/1262] ...
[09/17 18:47:16 UTC] Retrieving system-servant-0.2.2-1.aarch64.rpm [1026/1262] ...
[09/17 18:47:16 UTC] Retrieving location-lbs-server-1.3.8-1.aarch64.rpm [1027/1262] ...
[09/17 18:47:16 UTC] Retrieving building-blocks-sub1-domain_Feature-ISU-11.0.0-0.aarch6 [1028/1262] ...
[09/17 18:47:16 UTC] Retrieving building-blocks-sub2-domain_CSAPI-Network-Connection-11 [1029/1262] ...
[09/17 18:47:16 UTC] Retrieving building-blocks-sub2-domain_CSAPI-Content-Download-11.0 [1030/1262] ...
[09/17 18:47:16 UTC] Retrieving building-blocks-sub2-domain_CSAPI-Applications-WidgetCo [1031/1262] ...
[09/17 18:47:16 UTC] Retrieving building-blocks-sub2-domain_CSAPI-Applications-UIGadget [1032/1262] ...
[09/17 18:47:16 UTC] Retrieving building-blocks-sub2-domain_CSAPI-Applications-Service- [1033/1262] ...
[09/17 18:47:16 UTC] Retrieving building-blocks-sub2-domain_CSAPI-Applications-PackageM [1034/1262] ...
[09/17 18:47:16 UTC] Retrieving building-blocks-sub2-domain_CSAPI-Applications-Notifica [1035/1262] ...
[09/17 18:47:16 UTC] Retrieving building-blocks-sub2-domain_CSAPI-Applications-Notifica [1036/1262] ...
[09/17 18:47:16 UTC] Retrieving building-blocks-sub2-domain_CSAPI-Applications-MessageP [1037/1262] ...
[09/17 18:47:16 UTC] Retrieving building-blocks-sub2-domain_CSAPI-Applications-EventMan [1038/1262] ...
[09/17 18:47:16 UTC] Retrieving building-blocks-sub2-domain_CSAPI-Applications-DataCont [1039/1262] ...
[09/17 18:47:16 UTC] Retrieving building-blocks-sub1-domain_Feature-Starter-11.0.0-0.aa [1040/1262] ...
[09/17 18:47:16 UTC] Retrieving building-blocks-sub2-Preset_boards-COMMON-BLE-11.0.0-0. [1041/1262] ...
[09/17 18:47:16 UTC] Retrieving building-blocks-sub2-domain_API-Network-Bluetooth_Trans [1042/1262] ...
[09/17 18:47:16 UTC] Retrieving building-blocks-sub2-domain_API-Network-Bluetooth_Media [1043/1262] ...
[09/17 18:47:16 UTC] Retrieving building-blocks-sub2-Preset_boards-COMMON-Bluetooth-11. [1044/1262] ...
[09/17 18:47:16 UTC] Retrieving building-blocks-sub2-domain_API-System-Runtime_Informat [1045/1262] ...
[09/17 18:47:16 UTC] Retrieving org.tizen.system-signal-sender-0.2.2-1.aarch64.rpm [1046/1262] ...
[09/17 18:47:16 UTC] Retrieving building-blocks-sub2-domain_API-Location-Location_Manag [1047/1262] ...
[09/17 18:47:16 UTC] Retrieving building-blocks-sub2-domain_CSAPI-Network-WiFi-11.0.0-0 [1048/1262] ...
[09/17 18:47:16 UTC] Retrieving building-blocks-sub2-domain_CSAPI-Security-Security-11. [1049/1262] ...
[09/17 18:47:16 UTC] Retrieving building-blocks-sub2-domain_CSAPI-Applications-Alarm-11 [1050/1262] ...
[09/17 18:47:16 UTC] Retrieving building-blocks-sub2-domain_CSAPI-System-Information-11 [1051/1262] ...
[09/17 18:47:16 UTC] Retrieving building-blocks-sub2-domain_CSAPI-Location-Location-11. [1052/1262] ...
[09/17 18:47:16 UTC] Retrieving building-blocks-sub2-domain_CSAPI-UI-WindowSystem-11.0. [1053/1262] ...
[09/17 18:47:16 UTC] Retrieving building-blocks-sub2-domain_CSAPI-System-Usb-11.0.0-0.a [1054/1262] ...
[09/17 18:47:16 UTC] Retrieving building-blocks-sub2-domain_CSAPI-System-Sensor-11.0.0- [1055/1262] ...
[09/17 18:47:16 UTC] Retrieving building-blocks-sub2-domain_CSAPI-Account-Account_Manag [1056/1262] ...
[09/17 18:47:16 UTC] Retrieving libsndfile-1.2.2-1.1.aarch64.rpm [1057/1262] ...
[09/17 18:47:16 UTC] Retrieving pipewire-libs-1.6.0-1.aarch64.rpm [1058/1262] ...
[09/17 18:47:16 UTC] Retrieving capi-media-audio-io-0.9.0-1.aarch64.rpm [1059/1262] ...
[09/17 18:47:16 UTC] Retrieving stt-1.100.8-1.aarch64.rpm [1060/1262] ...
[09/17 18:47:16 UTC] Retrieving org.tizen.stt-engine-default-1.100.3-1.aarch64.rpm [1061/1262] ...
[09/17 18:47:16 UTC] Retrieving gst-plugins-base-1.24.11-41.aarch64.rpm [1062/1262] ...
[09/17 18:47:16 UTC] Retrieving libpulse-15.0-50.aarch64.rpm [1063/1262] ...
[09/17 18:47:16 UTC] Retrieving voice-control-1.101.2-1.aarch64.rpm [1064/1262] ...
[09/17 18:47:16 UTC] Retrieving tts-1.100.10-1.aarch64.rpm [1065/1262] ...
[09/17 18:47:16 UTC] Retrieving pipewire-utils-1.6.0-1.aarch64.rpm [1066/1262] ...
[09/17 18:47:16 UTC] Retrieving pipewire-1.6.0-1.aarch64.rpm [1067/1262] ...
[09/17 18:47:16 UTC] Retrieving org.tizen.multi-assistant-service-0.3.43-1.aarch64.rpm [1068/1262] ...
[09/17 18:47:16 UTC] Retrieving nnstreamer-core-2.7.0-0.aarch64.rpm [1069/1262] ...
[09/17 18:47:16 UTC] Retrieving libtrackrenderer-0.2.8-0.aarch64.rpm [1070/1262] ...
[09/17 18:47:16 UTC] Retrieving libmm-wfd-0.4.11-0.aarch64.rpm [1071/1262] ...
[09/17 18:47:16 UTC] Retrieving libmm-player-1.1.13-0.aarch64.rpm [1072/1262] ...
[09/17 18:47:16 UTC] Retrieving ise-default-profile_common-1.13.8-1.aarch64.rpm [1073/1262] ...
[09/17 18:47:16 UTC] Retrieving gst-rtsp-server-1.24.11-41.aarch64.rpm [1074/1262] ...
[09/17 18:47:16 UTC] Retrieving gst-plugins-ugly-1.24.11-41.aarch64.rpm [1075/1262] ...
[09/17 18:47:16 UTC] Retrieving gst-plugins-tizen-codec-1.24.11-55.aarch64.rpm [1076/1262] ...
[09/17 18:47:16 UTC] Retrieving gst-plugins-tizen-camera-1.24.11-55.aarch64.rpm [1077/1262] ...
[09/17 18:47:16 UTC] Retrieving gst-plugins-tizen-1.24.11-55.aarch64.rpm [1078/1262] ...
[09/17 18:47:16 UTC] Retrieving gst-plugins-bad-1.24.11-41.aarch64.rpm [1079/1262] ...
[09/17 18:47:16 UTC] Retrieving gst-libav-1.24.11-41.aarch64.rpm [1080/1262] ...
[09/17 18:47:16 UTC] Retrieving gst-editing-services-1.24.11-41.aarch64.rpm [1081/1262] ...
[09/17 18:47:16 UTC] Retrieving capi-mediamuxer-0.2.1-0.aarch64.rpm [1082/1262] ...
[09/17 18:47:16 UTC] Retrieving capi-mediademuxer-0.2.2-0.aarch64.rpm [1083/1262] ...
[09/17 18:47:16 UTC] Retrieving capi-media-codec-1.2.9-0.aarch64.rpm [1084/1262] ...
[09/17 18:47:16 UTC] Retrieving gst-plugins-good-1.24.11-41.aarch64.rpm [1085/1262] ...
[09/17 18:47:16 UTC] Retrieving voice-control-elm-0.100.2-1.aarch64.rpm [1086/1262] ...
[09/17 18:47:16 UTC] Retrieving org.tizen.tts-engine-default-1.100.1-1.aarch64.rpm [1087/1262] ...
[09/17 18:47:16 UTC] Retrieving org.tizen.screen-reader-0.0.8-1.aarch64.rpm [1088/1262] ...
[09/17 18:47:16 UTC] Retrieving libscl-ui-nui-0.11.2-1.aarch64.rpm [1089/1262] ...
[09/17 18:47:16 UTC] Retrieving dali2-adaptor-profile_common-2.5.37-1.aarch64.rpm [1090/1262] ...
[09/17 18:47:16 UTC] Retrieving dali2-adaptor-2.5.37-1.aarch64.rpm [1091/1262] ...
[09/17 18:47:16 UTC] Retrieving pipewire-modules-tizen-0.9.4-1.aarch64.rpm [1092/1262] ...
[09/17 18:47:16 UTC] Retrieving nnstreamer-datarepo-2.7.0-0.aarch64.rpm [1093/1262] ...
[09/17 18:47:16 UTC] Retrieving nnstreamer-2.7.0-0.aarch64.rpm [1094/1262] ...
[09/17 18:47:16 UTC] Retrieving esplusplayer-1.4.3-0.aarch64.rpm [1095/1262] ...
[09/17 18:47:16 UTC] Retrieving mmsvc-player-1.0.4-0.aarch64.rpm [1096/1262] ...
[09/17 18:47:16 UTC] Retrieving ise-default-1.13.8-1.aarch64.rpm [1097/1262] ...
[09/17 18:47:16 UTC] Retrieving capi-media-transporter-1.3.0-0.aarch64.rpm [1098/1262] ...
[09/17 18:47:16 UTC] Retrieving capi-media-screen-mirroring-0.5.0-0.aarch64.rpm [1099/1262] ...
[09/17 18:47:16 UTC] Retrieving capi-media-editor-0.1.3-0.aarch64.rpm [1100/1262] ...
[09/17 18:47:16 UTC] Retrieving building-blocks-sub2-domain_API-Multimedia-Media_Codec- [1101/1262] ...
[09/17 18:47:16 UTC] Retrieving libmm-imgp-gstcs-1.0.2-0.aarch64.rpm [1102/1262] ...
[09/17 18:47:16 UTC] Retrieving gst-plugins-good-v4l2-1.24.11-41.aarch64.rpm [1103/1262] ...
[09/17 18:47:16 UTC] Retrieving gst-plugins-good-cairo-1.24.11-41.aarch64.rpm [1104/1262] ...
[09/17 18:47:16 UTC] Retrieving building-blocks-sub2-domain_API-Multimedia-Media_Muxer- [1105/1262] ...
[09/17 18:47:16 UTC] Retrieving building-blocks-sub2-domain_API-Multimedia-Media_Demuxe [1106/1262] ...
[09/17 18:47:16 UTC] Retrieving building-blocks-sub2-domain_API-UI-EFL_ELM_Accessbility [1107/1262] ...
[09/17 18:47:16 UTC] Retrieving org.tizen.ise-default-nui-1.0.0-1.aarch64.rpm [1108/1262] ...
[09/17 18:47:16 UTC] Retrieving launchpad-loader-0.51.2-1.aarch64.rpm [1109/1262] ...
[09/17 18:47:16 UTC] Retrieving dali2-ui-foundation-2.5.37.11319-1.aarch64.rpm [1110/1262] ...
[09/17 18:47:16 UTC] Retrieving dali2-toolkit-2.5.37-1.aarch64.rpm [1111/1262] ...
[09/17 18:47:16 UTC] Retrieving dali2-physics-3d-2.5.37-1.aarch64.rpm [1112/1262] ...
[09/17 18:47:16 UTC] Retrieving dali2-physics-2d-2.5.37-1.aarch64.rpm [1113/1262] ...
[09/17 18:47:16 UTC] Retrieving dali2-extension-vector-animation-renderer-plugin-2.5.37 [1114/1262] ...
[09/17 18:47:16 UTC] Retrieving dali2-extension-camera-player-plugin-2.5.37-1.aarch64.r [1115/1262] ...
[09/17 18:47:16 UTC] Retrieving app-core-dali-cpp-1.0.1-1.aarch64.rpm [1116/1262] ...
[09/17 18:47:16 UTC] Retrieving building-blocks-sub2-domain_API-Multimedia-AudioCore-11 [1117/1262] ...
[09/17 18:47:16 UTC] Retrieving nntrainer-0.5.0-0.aarch64.rpm [1118/1262] ...
[09/17 18:47:16 UTC] Retrieving nnstreamer-nntrainer-0.5.0-0.aarch64.rpm [1119/1262] ...
[09/17 18:47:16 UTC] Retrieving nnstreamer-protobuf-2.7.0-0.aarch64.rpm [1120/1262] ...
[09/17 18:47:16 UTC] Retrieving nnstreamer-flatbuf-2.7.0-0.aarch64.rpm [1121/1262] ...
[09/17 18:47:16 UTC] Retrieving lightweight-web-engine-profile_mobile-1.5.4-1.aarch64.r [1122/1262] ...
[09/17 18:47:16 UTC] Retrieving dali2-extension-video-player-plugin-2.5.37-1.aarch64.rp [1123/1262] ...
[09/17 18:47:16 UTC] Retrieving chromium-efl-1.1.144-1.aarch64.rpm [1124/1262] ...
[09/17 18:47:16 UTC] Retrieving capi-media-transporter-tool-1.3.0-0.aarch64.rpm [1125/1262] ...
[09/17 18:47:16 UTC] Retrieving libmm-utility-0.5.2-0.aarch64.rpm [1126/1262] ...
[09/17 18:47:16 UTC] Retrieving building-blocks-sub2-domain_API-AppFramework-Native_EFL [1127/1262] ...
[09/17 18:47:16 UTC] Retrieving team-application-1.2.5-1.aarch64.rpm [1128/1262] ...
[09/17 18:47:16 UTC] Retrieving libscl-ui-dali-0.11.11-1.aarch64.rpm [1129/1262] ...
[09/17 18:47:16 UTC] Retrieving dali2-ui-components-2.5.37.11319-1.aarch64.rpm [1130/1262] ...
[09/17 18:47:16 UTC] Retrieving libwidget_viewer_dali-1.4.12-1.aarch64.rpm [1131/1262] ...
[09/17 18:47:16 UTC] Retrieving libmm-display-1.1.2-1.aarch64.rpm [1132/1262] ...
[09/17 18:47:16 UTC] Retrieving dali2-toolkit-resources_720x1280-2.5.37-1.aarch64.rpm [1133/1262] ...
[09/17 18:47:16 UTC] Retrieving dali2-scene3d-2.5.37-1.aarch64.rpm [1134/1262] ...
[09/17 18:47:16 UTC] Retrieving dali2-extension-rive-animation-view-2.5.37-1.aarch64.rp [1135/1262] ...
[09/17 18:47:16 UTC] Retrieving boot-animation-dali-1.0.0-1.aarch64.rpm [1136/1262] ...
[09/17 18:47:16 UTC] Retrieving dali-application-1.0.1-1.aarch64.rpm [1137/1262] ...
[09/17 18:47:16 UTC] Retrieving building-blocks-sub2-domain_API-Multimedia-WAV_Player-1 [1138/1262] ...
[09/17 18:47:16 UTC] Retrieving building-blocks-sub2-domain_API-Multimedia-Tone_Player- [1139/1262] ...
[09/17 18:47:16 UTC] Retrieving building-blocks-sub2-domain_API-Multimedia-Sound_Pool-1 [1140/1262] ...
[09/17 18:47:16 UTC] Retrieving building-blocks-sub2-domain_API-Multimedia-Sound_Manage [1141/1262] ...
[09/17 18:47:16 UTC] Retrieving building-blocks-sub2-domain_API-Multimedia-OpenAL-11.0. [1142/1262] ...
[09/17 18:47:16 UTC] Retrieving building-blocks-sub2-domain_API-Multimedia-Media_Transp [1143/1262] ...
[09/17 18:47:16 UTC] Retrieving building-blocks-sub2-domain_API-Multimedia-Audio_IO-11. [1144/1262] ...
[09/17 18:47:16 UTC] Retrieving building-blocks-sub1-domain_Feature-Esplusplayer-11.0.0 [1145/1262] ...
[09/17 18:47:16 UTC] Retrieving nnstreamer-nntrainer-trainer-0.5.0-0.aarch64.rpm [1146/1262] ...
[09/17 18:47:16 UTC] Retrieving capi-machine-learning-training-0.5.0-0.aarch64.rpm [1147/1262] ...
[09/17 18:47:16 UTC] Retrieving oauth2-0.0.9-1.aarch64.rpm [1148/1262] ...
[09/17 18:47:16 UTC] Retrieving dali2-extension-web-engine-chromium-plugin-2.5.37-1.aar [1149/1262] ...
[09/17 18:47:16 UTC] Retrieving building-blocks-sub2-domain_API-Web-WebView-11.0.0-0.aa [1150/1262] ...
[09/17 18:47:16 UTC] Retrieving libmm-camcorder-1.5.1-0.aarch64.rpm [1151/1262] ...
[09/17 18:47:16 UTC] Retrieving libmedia-thumbnail-0.4.10-0.aarch64.rpm [1152/1262] ...
[09/17 18:47:16 UTC] Retrieving capi-media-webrtc-1.3.7-0.aarch64.rpm [1153/1262] ...
[09/17 18:47:16 UTC] Retrieving capi-media-image-util-0.4.7-0.aarch64.rpm [1154/1262] ...
[09/17 18:47:16 UTC] Retrieving building-blocks-sub2-domain_CSAPI-Applications-UI-11.0. [1155/1262] ...
[09/17 18:47:16 UTC] Retrieving building-blocks-sub2-domain_API-UI-Minicontrol-11.0.0-0 [1156/1262] ...
[09/17 18:47:16 UTC] Retrieving building-blocks-sub2-domain_API-Multimedia-Screen_Mirro [1157/1262] ...
[09/17 18:47:16 UTC] Retrieving building-blocks-sub2-domain_API-AppFramework-Native_EFL [1158/1262] ...
[09/17 18:47:16 UTC] Retrieving building-blocks-sub2-domain_API-AppFramework-Team_Appli [1159/1262] ...
[09/17 18:47:16 UTC] Retrieving ise-default-dali-0.3.5-1.aarch64.rpm [1160/1262] ...
[09/17 18:47:16 UTC] Retrieving building-blocks-sub2-domain_API-UI-WidgetViewerDALi-11. [1161/1262] ...
[09/17 18:47:16 UTC] Retrieving building-blocks-sub2-domain_API-Multimedia-Player-11.0. [1162/1262] ...
[09/17 18:47:16 UTC] Retrieving building-blocks-sub2-domain_API-Multimedia-Media_Editor [1163/1262] ...
[09/17 18:47:16 UTC] Retrieving dali2-usd-loader-2.5.37-1.aarch64.rpm [1164/1262] ...
[09/17 18:47:16 UTC] Retrieving dali2-csharp-binder-2.5.37-1.aarch64.rpm [1165/1262] ...
[09/17 18:47:16 UTC] Retrieving building-blocks-sub1-domain_Feature-BootAni-11.0.0-0.aa [1166/1262] ...
[09/17 18:47:16 UTC] Retrieving building-blocks-sub2-domain_API-AppFramework-Dali_Appli [1167/1262] ...
[09/17 18:47:16 UTC] Retrieving building-blocks-sub2-domain_CSAPI-Multimedia-Multimedia [1168/1262] ...
[09/17 18:47:16 UTC] Retrieving building-blocks-sub2-domain_API-UIX-TTS-11.0.0-0.aarch6 [1169/1262] ...
[09/17 18:47:16 UTC] Retrieving building-blocks-sub2-domain_API-UIX-STT-11.0.0-0.aarch6 [1170/1262] ...
[09/17 18:47:16 UTC] Retrieving building-blocks-sub2-domain_API-UIX-Multi_assistant-11. [1171/1262] ...
[09/17 18:47:16 UTC] Retrieving building-blocks-sub2-domain_API-System-Feedback-11.0.0- [1172/1262] ...
[09/17 18:47:16 UTC] Retrieving training-engine-nntrainer-0.1.5-0.aarch64.rpm [1173/1262] ...
[09/17 18:47:16 UTC] Retrieving building-blocks-sub2-domain_API-MachineLearning-NNTrain [1174/1262] ...
[09/17 18:47:16 UTC] Retrieving building-blocks-sub2-domain_API-Account-OAuth2-11.0.0-0 [1175/1262] ...
[09/17 18:47:16 UTC] Retrieving mmsvc-camera-1.4.3-0.aarch64.rpm [1176/1262] ...
[09/17 18:47:16 UTC] Retrieving capi-machine-learning-inference-1.8.8-0.aarch64.rpm [1177/1262] ...
[09/17 18:47:16 UTC] Retrieving libmedia-service-0.8.8-0.aarch64.rpm [1178/1262] ...
[09/17 18:47:16 UTC] Retrieving capi-media-thumbnail-util-0.2.0-0.aarch64.rpm [1179/1262] ...
[09/17 18:47:16 UTC] Retrieving building-blocks-sub2-domain_API-Multimedia-Webrtc-11.0. [1180/1262] ...
[09/17 18:47:16 UTC] Retrieving contacts-service-0.13.79-0.aarch64.rpm [1181/1262] ...
[09/17 18:47:16 UTC] Retrieving building-blocks-sub2-domain_API-Multimedia-Image_Util-1 [1182/1262] ...
[09/17 18:47:16 UTC] Retrieving building-blocks-sub2-domain_CSAPI-Applications-Componen [1183/1262] ...
[09/17 18:47:16 UTC] Retrieving building-blocks-sub2-domain_API-UIX-Input_Method-11.0.0 [1184/1262] ...
[09/17 18:47:16 UTC] Retrieving dali2-csharp-binder-scene3d-2.5.37-1.aarch64.rpm [1185/1262] ...
[09/17 18:47:16 UTC] Retrieving building-blocks-sub2-domain_CSAPI-Multimedia-Vision-11. [1186/1262] ...
[09/17 18:47:16 UTC] Retrieving building-blocks-sub2-domain_CSAPI-Multimedia-Remoting-1 [1187/1262] ...
[09/17 18:47:16 UTC] Retrieving building-blocks-sub2-domain_CSAPI-Multimedia-Metadata-1 [1188/1262] ...
[09/17 18:47:16 UTC] Retrieving building-blocks-sub2-domain_CSAPI-Multimedia-MediaPlaye [1189/1262] ...
[09/17 18:47:16 UTC] Retrieving building-blocks-sub2-domain_CSAPI-Multimedia-MediaCodec [1190/1262] ...
[09/17 18:47:16 UTC] Retrieving building-blocks-sub2-domain_CSAPI-Multimedia-AudioIO-11 [1191/1262] ...
[09/17 18:47:16 UTC] Retrieving building-blocks-sub2-domain_CSAPI-UIX-TtsEngine-11.0.0- [1192/1262] ...
[09/17 18:47:16 UTC] Retrieving building-blocks-sub2-domain_CSAPI-UIX-Tts-11.0.0-0.aarc [1193/1262] ...
[09/17 18:47:16 UTC] Retrieving building-blocks-sub2-domain_CSAPI-UIX-SttEngine-11.0.0- [1194/1262] ...
[09/17 18:47:16 UTC] Retrieving building-blocks-sub2-domain_CSAPI-UIX-Stt-11.0.0-0.aarc [1195/1262] ...
[09/17 18:47:16 UTC] Retrieving building-blocks-sub2-domain_CSAPI-System-Feedback-11.0. [1196/1262] ...
[09/17 18:47:16 UTC] Retrieving building-blocks-sub2-domain_API-Multimedia-Media_Vision [1197/1262] ...
[09/17 18:47:16 UTC] Retrieving building-blocks-sub2-domain_API-Multimedia-Media_Vision [1198/1262] ...
[09/17 18:47:16 UTC] Retrieving building-blocks-sub2-domain_CSAPI-MachineLearning-Train [1199/1262] ...
[09/17 18:47:16 UTC] Retrieving building-blocks-sub2-domain_CSAPI-Account-OAuth2-11.0.0 [1200/1262] ...
[09/17 18:47:16 UTC] Retrieving mmsvc-recorder-1.0.1-0.aarch64.rpm [1201/1262] ...
[09/17 18:47:16 UTC] Retrieving building-blocks-sub2-domain_API-Multimedia-Camera-11.0. [1202/1262] ...
[09/17 18:47:16 UTC] Retrieving org.tizen.vc-engine-default-1.90.1-1.aarch64.rpm [1203/1262] ...
[09/17 18:47:16 UTC] Retrieving capi-machine-learning-service-1.8.8-0.aarch64.rpm [1204/1262] ...
[09/17 18:47:16 UTC] Retrieving building-blocks-sub2-domain_API-MachineLearning-NNStrea [1205/1262] ...
[09/17 18:47:16 UTC] Retrieving capi-content-media-content-0.6.12-0.aarch64.rpm [1206/1262] ...
[09/17 18:47:16 UTC] Retrieving building-blocks-sub2-domain_API-Multimedia-Thumbnail_Ut [1207/1262] ...
[09/17 18:47:16 UTC] Retrieving building-blocks-sub2-Preset_boards-COMMON-Audio-11.0.0- [1208/1262] ...
[09/17 18:47:16 UTC] Retrieving libcontacts-service-0.13.79-0.aarch64.rpm [1209/1262] ...
[09/17 18:47:16 UTC] Retrieving building-blocks-sub2-domain_CSAPI-UIX-InputMethodManage [1210/1262] ...
[09/17 18:47:16 UTC] Retrieving building-blocks-sub2-domain_CSAPI-UIX-InputMethod-11.0. [1211/1262] ...
[09/17 18:47:16 UTC] Retrieving building-blocks-sub2-Preset_boards-COMMON-IM-11.0.0-0.a [1212/1262] ...
[09/17 18:47:16 UTC] Retrieving building-blocks-sub2-domain_API-UI-DALi2-11.0.0-0.aarch [1213/1262] ...
[09/17 18:47:16 UTC] Retrieving building-blocks-sub1-domain_Feature-DotNET-11.0.0-0.aar [1214/1262] ...
[09/17 18:47:16 UTC] Retrieving building-blocks-sub2-domain_API-Multimedia-Recorder-11. [1215/1262] ...
[09/17 18:47:16 UTC] Retrieving building-blocks-sub2-domain_CSAPI-Multimedia-Camera-11. [1216/1262] ...
[09/17 18:47:16 UTC] Retrieving building-blocks-sub2-Preset_boards-COMMON-Camera_Common [1217/1262] ...
[09/17 18:47:16 UTC] Retrieving building-blocks-sub2-domain_API-MachineLearning-Service [1218/1262] ...
[09/17 18:47:16 UTC] Retrieving building-blocks-sub2-domain_CSAPI-MachineLearning-Infer [1219/1262] ...
[09/17 18:47:16 UTC] Retrieving building-blocks-sub2-domain_API-UIX-Voice_control-11.0. [1220/1262] ...
[09/17 18:47:16 UTC] Retrieving org.tizen.inputdelegator-profile_common-0.11.3-1.aarch6 [1221/1262] ...
[09/17 18:47:16 UTC] Retrieving mtp-responder-0.0.33-1.aarch64.rpm [1222/1262] ...
[09/17 18:47:16 UTC] Retrieving building-blocks-sub2-domain_API-Content-Media_Content-1 [1223/1262] ...
[09/17 18:47:16 UTC] Retrieving building-blocks-sub2-domain_CSAPI-Multimedia-Util-11.0. [1224/1262] ...
[09/17 18:47:16 UTC] Retrieving building-blocks-sub2-Preset_boards-COMMON-Feedback-11.0 [1225/1262] ...
[09/17 18:47:16 UTC] Retrieving calendar-service-0.1.185-1.aarch64.rpm [1226/1262] ...
[09/17 18:47:16 UTC] Retrieving building-blocks-sub2-domain_API-Social-Contacts-11.0.0- [1227/1262] ...
[09/17 18:47:16 UTC] Retrieving bluetooth-agent-hfp_ag-0.10.0-1.aarch64.rpm [1228/1262] ...
[09/17 18:47:16 UTC] Retrieving building-blocks-sub2-domain_CSAPI-UI-NUI-11.0.0-0.aarch [1229/1262] ...
[09/17 18:47:16 UTC] Retrieving building-blocks-sub2-Preset_boards-COMMON-DALi2-11.0.0- [1230/1262] ...
[09/17 18:47:16 UTC] Retrieving building-blocks-root-domain_CSAPI-11.0.0-0.aarch64.rpm [1231/1262] ...
[09/17 18:47:16 UTC] Retrieving building-blocks-sub2-Preset_boards-COMMON-Codec-11.0.0- [1232/1262] ...
[09/17 18:47:16 UTC] Retrieving building-blocks-sub2-Preset_boards-COMMON-Audio_Recordi [1233/1262] ...
[09/17 18:47:16 UTC] Retrieving building-blocks-sub2-domain_CSAPI-Multimedia-Recorder-1 [1234/1262] ...
[09/17 18:47:16 UTC] Retrieving building-blocks-sub2-Preset_boards-COMMON-Camera-11.0.0 [1235/1262] ...
[09/17 18:47:16 UTC] Retrieving building-blocks-sub2-domain_CSAPI-UIX-VoiceControlManag [1236/1262] ...
[09/17 18:47:16 UTC] Retrieving building-blocks-sub2-domain_CSAPI-UIX-VoiceControl-11.0 [1237/1262] ...
[09/17 18:47:16 UTC] Retrieving building-blocks-sub2-domain_API-UIX-Voice_control_eleme [1238/1262] ...
[09/17 18:47:16 UTC] Retrieving org.tizen.inputdelegator-0.11.3-1.aarch64.rpm [1239/1262] ...
[09/17 18:47:16 UTC] Retrieving building-blocks-sub2-domain_CSAPI-Content-Media_Content [1240/1262] ...
[09/17 18:47:16 UTC] Retrieving libcalendar-service-0.1.185-1.aarch64.rpm [1241/1262] ...
[09/17 18:47:16 UTC] Retrieving building-blocks-sub2-domain_CSAPI-Social-Contacts-11.0. [1242/1262] ...
[09/17 18:47:16 UTC] Retrieving building-blocks-sub2-domain_API-Network-Bluetooth_Call_ [1243/1262] ...
[09/17 18:47:16 UTC] Retrieving building-blocks-sub1-feature_App-IoT_Headed_Ref_image-1 [1244/1262] ...
[09/17 18:47:16 UTC] Retrieving webapi-plugins-profile_mobile-2.92-0.aarch64.rpm [1245/1262] ...
[09/17 18:47:16 UTC] Retrieving sync-service-0.3.47-1.aarch64.rpm [1246/1262] ...
[09/17 18:47:16 UTC] Retrieving libbluetooth-share-0.10.0-1.aarch64.rpm [1247/1262] ...
[09/17 18:47:16 UTC] Retrieving bluetooth-share-0.10.0-1.aarch64.rpm [1248/1262] ...
[09/17 18:47:16 UTC] Retrieving building-blocks-sub2-domain_API-Social-Calendar-11.0.0- [1249/1262] ...
[09/17 18:47:16 UTC] Retrieving building-blocks-sub2-domain_CSAPI-Network-Bluetooth-11. [1250/1262] ...
[09/17 18:47:16 UTC] Retrieving building-blocks-sub2-Preset_boards-COMMON-Bluetooth_Cal [1251/1262] ...
[09/17 18:47:16 UTC] Retrieving webapi-plugins-2.92-0.aarch64.rpm [1252/1262] ...
[09/17 18:47:16 UTC] Retrieving cordova-api-0.18-0.aarch64.rpm [1253/1262] ...
[09/17 18:47:16 UTC] Retrieving libcore-sync-client-0.3.47-1.aarch64.rpm [1254/1262] ...
[09/17 18:47:16 UTC] Retrieving building-blocks-sub2-domain_CSAPI-Social-Calendar-11.0. [1255/1262] ...
[09/17 18:47:16 UTC] Retrieving building-blocks-sub1-Preset_boards-COMMON-11.0.0-0.aarc [1256/1262] ...
[09/17 18:47:16 UTC] Retrieving building-blocks-sub1-domain_Feature-WebAPI-11.0.0-0.aar [1257/1262] ...
[09/17 18:47:16 UTC] Retrieving building-blocks-sub2-domain_API-Account-Sync_Manager-11 [1258/1262] ...
[09/17 18:47:16 UTC] Retrieving building-blocks-sub1-Preset_img_headed-pkgs-11.0.0-0.aa [1259/1262] ...
[09/17 18:47:16 UTC] Retrieving building-blocks-sub2-domain_CSAPI-Account-Sync_Manager- [1260/1262] ...
[09/17 18:47:16 UTC] Retrieving building-blocks-root-Preset_iot_headed-11.0.0-0.aarch64 [1261/1262] ...
[09/17 18:47:16 UTC] Retrieving building-blocks-sub1-Preset_img_headed-common-11.0.0-0. [1262/1262] ...
[09/17 18:47:16 UTC] 

[09/17 18:47:17 UTC] Next install: filesystem 
[09/17 18:47:17 UTC] Next install: building-blocks-sub2-domain_API-Multimedia-Configuration-11.0.0-0.aarch64.rpm 
[09/17 18:47:17 UTC] Installing: building-blocks-sub2-domain_API-Multimedia-Configu                                  [   1/1262]
[09/17 18:47:17 UTC] Next install: boost-license 
[09/17 18:47:17 UTC] Installing: boost-license                                                                       [   2/1262]
[09/17 18:47:17 UTC] Next install: building-blocks-sub2-Preset_boards-COMMON-Audio-11.0.0-0.aarch64.rpm 
[09/17 18:47:17 UTC] Installing: building-blocks-sub2-Preset_boards-COMMON-Audio-11                                  [   3/1262]
[09/17 18:47:17 UTC] Next install: upgrade-parse-dynparts-10.0.0-0.aarch64.rpm 
[09/17 18:47:17 UTC] Installing: upgrade-parse-dynparts-10.0.0-0.aarch64.rpm                                         [   4/1262]
[09/17 18:47:17 UTC] Next install: dumpsys-common-2.0.16-1.aarch64.rpm 
[09/17 18:47:17 UTC] Installing: dumpsys-common-2.0.16-1.aarch64.rpm                                                 [   5/1262]
[09/17 18:47:17 UTC] Next install: ca-certificates-tizen-1.1.5-0.aarch64.rpm 
[09/17 18:47:17 UTC] Installing: ca-certificates-tizen-1.1.5-0.aarch64.rpm                                           [   6/1262]
[09/17 18:47:17 UTC] Next install: bluez-profile_common-5.79-1.aarch64.rpm 
[09/17 18:47:17 UTC] Installing: bluez-profile_common-5.79-1.aarch64.rpm                                             [   7/1262]
[09/17 18:47:17 UTC] Next install: setup 
[09/17 18:47:17 UTC] Installing: setup                                                                               [   8/1262]
[09/17 18:47:17 UTC] Next install: filesystem 
[09/17 18:47:17 UTC] Installing: filesystem                                                                          [   9/1262]
[09/17 18:47:17 UTC] Next install: glibc 
[09/17 18:47:17 UTC] Installing: glibc                                                                               [  10/1262]
[09/17 18:47:17 UTC] Next install: libgcc 
[09/17 18:47:17 UTC] Installing: libgcc                                                                              [  11/1262]
[09/17 18:47:18 UTC] Next install: bash 
[09/17 18:47:18 UTC] Installing: bash                                                                                [  12/1262]
[09/17 18:47:18 UTC] Next install: libstdc++ 
[09/17 18:47:18 UTC] Installing: libstdc++                                                                           [  13/1262]
[09/17 18:47:18 UTC] Next install: capi-base-common-0.4.90-1.aarch64.rpm 
[09/17 18:47:18 UTC] Installing: capi-base-common-0.4.90-1.aarch64.rpm                                               [  14/1262]
[09/17 18:47:18 UTC] Next install: libsqlite 
[09/17 18:47:18 UTC] Installing: libsqlite                                                                           [  15/1262]
[09/17 18:47:18 UTC] Next install: libxml2 
[09/17 18:47:18 UTC] Installing: libxml2                                                                             [  16/1262]
[09/17 18:47:18 UTC] Next install: libopenssl3 
[09/17 18:47:18 UTC] Installing: libopenssl3                                                                         [  17/1262]
[09/17 18:47:19 UTC] Next install: zlib 
[09/17 18:47:19 UTC] Installing: zlib                                                                                [  18/1262]
[09/17 18:47:19 UTC] Next install: iniparser 
[09/17 18:47:19 UTC] Installing: iniparser                                                                           [  19/1262]
[09/17 18:47:19 UTC] Next install: coreutils 
[09/17 18:47:19 UTC] Installing: coreutils                                                                           [  20/1262]
[09/17 18:47:19 UTC] Next install: dali2-2.5.37-1.aarch64.rpm 
[09/17 18:47:19 UTC] Installing: dali2-2.5.37-1.aarch64.rpm                                                          [  21/1262]
[09/17 18:47:19 UTC] Next install: libuuid 
[09/17 18:47:19 UTC] Installing: libuuid                                                                             [  22/1262]
[09/17 18:47:19 UTC] Next install: libicu 
[09/17 18:47:19 UTC] Installing: libicu                                                                              [  23/1262]
[09/17 18:47:20 UTC] Next install: libsmack 
[09/17 18:47:20 UTC] Installing: libsmack                                                                            [  24/1262]
[09/17 18:47:20 UTC] Next install: ttrace-1.1.0-1.aarch64.rpm 
[09/17 18:47:20 UTC] Installing: ttrace-1.1.0-1.aarch64.rpm                                                          [  25/1262]
[09/17 18:47:21 UTC] Next install: libpng-1.6.44-0.aarch64.rpm 
[09/17 18:47:21 UTC] Installing: libpng-1.6.44-0.aarch64.rpm                                                         [  26/1262]
[09/17 18:47:21 UTC] Next install: smack 
[09/17 18:47:21 UTC] Installing: smack                                                                               [  27/1262]
[09/17 18:47:21 UTC] Next install: jsoncpp 
[09/17 18:47:21 UTC] Installing: jsoncpp                                                                             [  28/1262]
[09/17 18:47:21 UTC] Next install: libjpeg 
[09/17 18:47:21 UTC] Installing: libjpeg                                                                             [  29/1262]
[09/17 18:47:21 UTC] Next install: libcap 
[09/17 18:47:21 UTC] Installing: libcap                                                                              [  30/1262]
[09/17 18:47:21 UTC] Next install: libblkid 
[09/17 18:47:21 UTC] Installing: libblkid                                                                            [  31/1262]
[09/17 18:47:21 UTC] Next install: libjson-0.18-0.aarch64.rpm 
[09/17 18:47:21 UTC] Installing: libjson-0.18-0.aarch64.rpm                                                          [  32/1262]
[09/17 18:47:22 UTC] Next install: libxkbcommon-1.13.2-0.aarch64.rpm 
[09/17 18:47:22 UTC] Installing: libxkbcommon-1.13.2-0.aarch64.rpm                                                   [  33/1262]
[09/17 18:47:22 UTC] Next install: libfreetype-2.13.2-1.aarch64.rpm 
[09/17 18:47:22 UTC] Installing: libfreetype-2.13.2-1.aarch64.rpm                                                    [  34/1262]
[09/17 18:47:22 UTC] Next install: abseil-cpp 
[09/17 18:47:22 UTC] Installing: abseil-cpp                                                                          [  35/1262]
[09/17 18:47:22 UTC] Next install: gawk 
[09/17 18:47:22 UTC] Installing: gawk                                                                                [  36/1262]
[09/17 18:47:22 UTC] Next install: libxcrypt 
[09/17 18:47:22 UTC] Installing: libxcrypt                                                                           [  37/1262]
[09/17 18:47:22 UTC] Next install: libavutil-8.0.1-0.aarch64.rpm 
[09/17 18:47:22 UTC] Installing: libavutil-8.0.1-0.aarch64.rpm                                                       [  38/1262]
[09/17 18:47:22 UTC] Next install: shadow-utils 
[09/17 18:47:22 UTC] Installing: shadow-utils                                                                        [  39/1262]
[09/17 18:47:22 UTC] Next install: libmount 
[09/17 18:47:22 UTC] Installing: libmount                                           +                                [  40/1262]
[09/17 18:47:23 UTC] Next install: liblzma 
[09/17 18:47:23 UTC] Installing: liblzma                                            +                                [  41/1262]
[09/17 18:47:23 UTC] Next install: pam 
[09/17 18:47:23 UTC] Installing: pam                                                +                                [  42/1262]
[09/17 18:47:23 UTC] Next install: libsystemd-244-0.aarch64.rpm 
[09/17 18:47:23 UTC] Installing: libsystemd-244-0.aarch64.rpm                       +                                [  43/1262]
[09/17 18:47:23 UTC] Next install: dbus-libs-1.12.20-3.aarch64.rpm 
[09/17 18:47:23 UTC] Installing: dbus-libs-1.12.20-3.aarch64.rpm                    +                                [  44/1262]
[09/17 18:47:23 UTC] Next install: tizen-platform-config-5.0-1.aarch64.rpm 
[09/17 18:47:23 UTC] Installing: tizen-platform-config-5.0-1.aarch64.rpm            +                                [  45/1262]
[09/17 18:47:25 UTC] Next install: libtzplatform-config-5.0-1.aarch64.rpm 
[09/17 18:47:25 UTC] Installing: libtzplatform-config-5.0-1.aarch64.rpm             +                                [  46/1262]
[09/17 18:47:26 UTC] Next install: sqlite 
[09/17 18:47:26 UTC] Installing: sqlite                                             +                                [  47/1262]
[09/17 18:47:26 UTC] Next install: xdgmime 
[09/17 18:47:26 UTC] Installing: xdgmime                                            +                                [  48/1262]
[09/17 18:47:26 UTC] Next install: libwebp 
[09/17 18:47:26 UTC] Installing: libwebp                                            +                                [  49/1262]
[09/17 18:47:26 UTC] Next install: libopenssl11 
[09/17 18:47:26 UTC] Installing: libopenssl11                                       +                                [  50/1262]
[09/17 18:47:26 UTC] Next install: libnl3 
[09/17 18:47:26 UTC] Installing: libnl3                                             +                                [  51/1262]
[09/17 18:47:26 UTC] Next install: pixman-0.38.4-0.aarch64.rpm 
[09/17 18:47:26 UTC] Installing: pixman-0.38.4-0.aarch64.rpm                        +                                [  52/1262]
[09/17 18:47:27 UTC] Next install: libexif-0.6.22-0.aarch64.rpm 
[09/17 18:47:27 UTC] Installing: libexif-0.6.22-0.aarch64.rpm                       +                                [  53/1262]
[09/17 18:47:27 UTC] Next install: protobuf-33.1-1.aarch64.rpm 
[09/17 18:47:27 UTC] Installing: protobuf-33.1-1.aarch64.rpm                        +                                [  54/1262]
[09/17 18:47:27 UTC] Next install: minizip 
[09/17 18:47:27 UTC] Installing: minizip                                            +                                [  55/1262]
[09/17 18:47:27 UTC] Next install: sed 
[09/17 18:47:27 UTC] Installing: sed                                                +                                [  56/1262]
[09/17 18:47:27 UTC] Next install: libusb-1.0.25-0.aarch64.rpm 
[09/17 18:47:27 UTC] Installing: libusb-1.0.25-0.aarch64.rpm                        +                                [  57/1262]
[09/17 18:47:27 UTC] Next install: libavcodec-8.0.1-0.aarch64.rpm 
[09/17 18:47:27 UTC] Installing: libavcodec-8.0.1-0.aarch64.rpm                     +                                [  58/1262]
[09/17 18:47:28 UTC] Next install: opus 
[09/17 18:47:28 UTC] Installing: opus                                               +                                [  59/1262]
[09/17 18:47:28 UTC] Next install: libexpat 
[09/17 18:47:28 UTC] Installing: libexpat                                           +                                [  60/1262]
[09/17 18:47:28 UTC] Next install: libcares 
[09/17 18:47:28 UTC] Installing: libcares                                           +                                [  61/1262]
[09/17 18:47:28 UTC] Next install: iptables 
[09/17 18:47:28 UTC] Installing: iptables                                           +                                [  62/1262]
[09/17 18:47:28 UTC] Next install: libswscale-8.0.1-0.aarch64.rpm 
[09/17 18:47:28 UTC] Installing: libswscale-8.0.1-0.aarch64.rpm                     +                                [  63/1262]
[09/17 18:47:29 UTC] Next install: libxslt 
[09/17 18:47:29 UTC] Installing: libxslt                                            +                                [  64/1262]
[09/17 18:47:29 UTC] Next install: tizen-dlog-0.18.15-0.aarch64.rpm 
[09/17 18:47:29 UTC] Installing: tizen-dlog-0.18.15-0.aarch64.rpm                   +                                [  65/1262]
[09/17 18:47:29 UTC] Next install: context-job-scheduler-dummy-4.0.5-1.aarch64.rpm 
[09/17 18:47:29 UTC] Installing: context-job-scheduler-dummy-4.0.5-1.aarch64.rpm    +                                [  66/1262]
[09/17 18:47:29 UTC] Next install: update-alternatives 
[09/17 18:47:29 UTC] Installing: update-alternatives                                +                                [  67/1262]
[09/17 18:47:29 UTC] Next install: nspr 
[09/17 18:47:29 UTC] Installing: nspr                                               +                                [  68/1262]
[09/17 18:47:29 UTC] Next install: libzstd1 
[09/17 18:47:29 UTC] Installing: libzstd1                                           +                                [  69/1262]
[09/17 18:47:30 UTC] Next install: libunwind 
[09/17 18:47:30 UTC] Installing: libunwind                                          +                                [  70/1262]
[09/17 18:47:30 UTC] Next install: libogg 
[09/17 18:47:30 UTC] Installing: libogg                                             +                                [  71/1262]
[09/17 18:47:30 UTC] Next install: liblua 
[09/17 18:47:30 UTC] Installing: liblua                                             +                                [  72/1262]
[09/17 18:47:30 UTC] Next install: libffi 
[09/17 18:47:30 UTC] Installing: libffi                                             +                                [  73/1262]
[09/17 18:47:30 UTC] Next install: libdrm 
[09/17 18:47:30 UTC] Installing: libdrm                                             +                                [  74/1262]
[09/17 18:47:30 UTC] Next install: libbz2 
[09/17 18:47:30 UTC] Installing: libbz2                                             +                                [  75/1262]
[09/17 18:47:31 UTC] Next install: libasound 
[09/17 18:47:31 UTC] Installing: libasound                                          +                                [  76/1262]
[09/17 18:47:31 UTC] Next install: giflib 
[09/17 18:47:31 UTC] Installing: giflib                                             +                                [  77/1262]
[09/17 18:47:31 UTC] Next install: libwayland-egl-1.23.1-0.aarch64.rpm 
[09/17 18:47:31 UTC] Installing: libwayland-egl-1.23.1-0.aarch64.rpm                +                                [  78/1262]
[09/17 18:47:31 UTC] Next install: libgbm-1.1.1-1.aarch64.rpm 
[09/17 18:47:31 UTC] Installing: libgbm-1.1.1-1.aarch64.rpm                         ++                               [  79/1262]
[09/17 18:47:31 UTC] Next install: libvorbis 
[09/17 18:47:31 UTC] Installing: libvorbis                                          ++                               [  80/1262]
[09/17 18:47:32 UTC] Next install: libkmod 
[09/17 18:47:32 UTC] Installing: libkmod                                            ++                               [  81/1262]
[09/17 18:47:32 UTC] Next install: iproute2 
[09/17 18:47:32 UTC] Installing: iproute2                                           ++                               [  82/1262]
[09/17 18:47:32 UTC] Next install: libavformat-8.0.1-0.aarch64.rpm 
[09/17 18:47:32 UTC] Installing: libavformat-8.0.1-0.aarch64.rpm                    ++                               [  83/1262]
[09/17 18:47:32 UTC] Next install: tizen-platform-config-tools-5.0-1.aarch64.rpm 
[09/17 18:47:32 UTC] Installing: tizen-platform-config-tools-5.0-1.aarch64.rpm      ++                               [  84/1262]
[09/17 18:47:32 UTC] Next install: libdevmapper-1.02.196-1.aarch64.rpm 
[09/17 18:47:32 UTC] Installing: libdevmapper-1.02.196-1.aarch64.rpm                ++                               [  85/1262]
[09/17 18:47:32 UTC] Next install: device-mapper-1.02.196-1.aarch64.rpm 
[09/17 18:47:32 UTC] Installing: device-mapper-1.02.196-1.aarch64.rpm               ++                               [  86/1262]
[09/17 18:47:32 UTC] Next install: thorvg-1.0.0-1.aarch64.rpm 
[09/17 18:47:32 UTC] Installing: thorvg-1.0.0-1.aarch64.rpm                         ++                               [  87/1262]
[09/17 18:47:32 UTC] Next install: libelf 
[09/17 18:47:32 UTC] Installing: libelf                                             ++                               [  88/1262]
[09/17 18:47:32 UTC] Next install: libwebsockets-4.3.2-0.aarch64.rpm 
[09/17 18:47:32 UTC] Installing: libwebsockets-4.3.2-0.aarch64.rpm                  ++                               [  89/1262]
[09/17 18:47:33 UTC] Next install: context-sensor-recorder-dummy-4.0.1-1.aarch64.rpm 
[09/17 18:47:33 UTC] Installing: context-sensor-recorder-dummy-4.0.1-1.aarch64.rpm  ++                               [  90/1262]
[09/17 18:47:33 UTC] Next install: context-app-history-dummy-4.0.2-1.aarch64.rpm 
[09/17 18:47:33 UTC] Installing: context-app-history-dummy-4.0.2-1.aarch64.rpm      ++                               [  91/1262]
[09/17 18:47:33 UTC] Next install: rust-std-shared-1.90.0-1.aarch64.rpm 
[09/17 18:47:33 UTC] Installing: rust-std-shared-1.90.0-1.aarch64.rpm               ++                               [  92/1262]
[09/17 18:47:33 UTC] Next install: libisu-9.0.6-1.aarch64.rpm 
[09/17 18:47:33 UTC] Installing: libisu-9.0.6-1.aarch64.rpm                         ++                               [  93/1262]
[09/17 18:47:33 UTC] Next install: default-ac-domains 
[09/17 18:47:33 UTC] Installing: default-ac-domains                                 ++                               [  94/1262]
[09/17 18:47:33 UTC] Next install: libbpf 
[09/17 18:47:33 UTC] Installing: libbpf                                             ++                               [  95/1262]
[09/17 18:47:34 UTC] Next install: libvorbisenc 
[09/17 18:47:34 UTC] Installing: libvorbisenc                                       ++                               [  96/1262]
[09/17 18:47:34 UTC] Next install: libsndfile 
[09/17 18:47:34 UTC] Installing: libsndfile                                         ++                               [  97/1262]
[09/17 18:47:34 UTC] Next install: libzip-1.11.4-1.aarch64.rpm 
[09/17 18:47:34 UTC] Installing: libzip-1.11.4-1.aarch64.rpm                        ++                               [  98/1262]
[09/17 18:47:34 UTC] Next install: kmod 
[09/17 18:47:34 UTC] Installing: kmod                                               ++                               [  99/1262]
[09/17 18:47:34 UTC] Next install: kmod-compat 
[09/17 18:47:34 UTC] Installing: kmod-compat                                        ++                               [ 100/1262]
[09/17 18:47:34 UTC] Next install: xmlsec1 
[09/17 18:47:34 UTC] Installing: xmlsec1                                            ++                               [ 101/1262]
[09/17 18:47:34 UTC] Next install: xmlsec1-openssl 
[09/17 18:47:34 UTC] Installing: xmlsec1-openssl                                    ++                               [ 102/1262]
[09/17 18:47:35 UTC] Next install: protobuf-lite-33.1-1.aarch64.rpm 
[09/17 18:47:35 UTC] Installing: protobuf-lite-33.1-1.aarch64.rpm                   ++                               [ 103/1262]
[09/17 18:47:35 UTC] Next install: wpa_supplicant-profile_common-2.10-2.aarch64.rpm 
[09/17 18:47:35 UTC] Installing: wpa_supplicant-profile_common-2.10-2.aarch64.rpm   ++                               [ 104/1262]
[09/17 18:47:35 UTC] Next install: pam-modules-extra 
[09/17 18:47:35 UTC] Installing: pam-modules-extra                                  ++                               [ 105/1262]
[09/17 18:47:35 UTC] Next install: libtiff 
[09/17 18:47:35 UTC] Installing: libtiff                                            ++                               [ 106/1262]
[09/17 18:47:35 UTC] Next install: opencv-4.7.0-8.aarch64.rpm 
[09/17 18:47:35 UTC] Installing: opencv-4.7.0-8.aarch64.rpm                         ++                               [ 107/1262]
[09/17 18:47:36 UTC] Next install: rstsmack-1.1-2.aarch64.rpm 
[09/17 18:47:36 UTC] Installing: rstsmack-1.1-2.aarch64.rpm                         ++                               [ 108/1262]
[09/17 18:47:36 UTC] Next install: libpsl 
[09/17 18:47:36 UTC] Installing: libpsl                                             ++                               [ 109/1262]
[09/17 18:47:36 UTC] Next install: openssl3 
[09/17 18:47:36 UTC] Installing: openssl3                                           ++                               [ 110/1262]
[09/17 18:47:36 UTC] Next install: gzip 
[09/17 18:47:36 UTC] Installing: gzip                                               ++                               [ 111/1262]
[09/17 18:47:36 UTC] Next install: glibc-locale 
[09/17 18:47:36 UTC] Installing: glibc-locale                                       ++                               [ 112/1262]
[09/17 18:47:37 UTC] Next install: boost-thread 
[09/17 18:47:37 UTC] Installing: boost-thread                                       ++                               [ 113/1262]
[09/17 18:47:37 UTC] Next install: soundtouch-2.1.0-0.aarch64.rpm 
[09/17 18:47:37 UTC] Installing: soundtouch-2.1.0-0.aarch64.rpm                     ++                               [ 114/1262]
[09/17 18:47:37 UTC] Next install: rive-tizen-0.2.0-1.aarch64.rpm 
[09/17 18:47:37 UTC] Installing: rive-tizen-0.2.0-1.aarch64.rpm                     ++                               [ 115/1262]
[09/17 18:47:37 UTC] Next install: libnss-security-manager-2.5.4-0.aarch64.rpm 
[09/17 18:47:37 UTC] Installing: libnss-security-manager-2.5.4-0.aarch64.rpm        ++                               [ 116/1262]
[09/17 18:47:37 UTC] Next install: unzip 
[09/17 18:47:37 UTC] Installing: unzip                                              ++                               [ 117/1262]
[09/17 18:47:37 UTC] Next install: upgrade-rw-offline-10.0.0-0.aarch64.rpm 
[09/17 18:47:37 UTC] Installing: upgrade-rw-offline-10.0.0-0.aarch64.rpm            ++                               [ 118/1262]
[09/17 18:47:37 UTC] Next install: model-config-default-11.0.0-0.noarch.rpm 
[09/17 18:47:37 UTC] Installing: model-config-default-11.0.0-0.noarch.rpm           +++                              [ 119/1262]
[09/17 18:47:38 UTC] Next install: dali2-csharp-binder-profile_common-2.5.37-1.aarch64.rpm 
[09/17 18:47:38 UTC] Installing: dali2-csharp-binder-profile_common-2.5.37-1.aarch6 +++                              [ 120/1262]
[09/17 18:47:38 UTC] Next install: crash-worker-dumpsystemstate-config-10.0.1-1.aarch64.rpm 
[09/17 18:47:38 UTC] Installing: crash-worker-dumpsystemstate-config-10.0.1-1.aarch +++                              [ 121/1262]
[09/17 18:47:38 UTC] Next install: libgfortran 
[09/17 18:47:38 UTC] Installing: libgfortran                                        +++                              [ 122/1262]
[09/17 18:47:38 UTC] Next install: ell-0.28-0.aarch64.rpm 
[09/17 18:47:38 UTC] Installing: ell-0.28-0.aarch64.rpm                             +++                              [ 123/1262]
[09/17 18:47:38 UTC] Next install: zip 
[09/17 18:47:38 UTC] Installing: zip                                                +++                              [ 124/1262]
[09/17 18:47:38 UTC] Next install: pkg-config 
[09/17 18:47:38 UTC] Installing: pkg-config                                         +++                              [ 125/1262]
[09/17 18:47:38 UTC] Next install: net-tools 
[09/17 18:47:38 UTC] Installing: net-tools                                          +++                              [ 126/1262]
[09/17 18:47:38 UTC] Next install: libv4l 
[09/17 18:47:38 UTC] Installing: libv4l                                             +++                              [ 127/1262]
[09/17 18:47:38 UTC] Next install: libpopt 
[09/17 18:47:38 UTC] Installing: libpopt                                            +++                              [ 128/1262]
[09/17 18:47:39 UTC] Next install: libpcre 
[09/17 18:47:39 UTC] Installing: libpcre                                            +++                              [ 129/1262]
[09/17 18:47:39 UTC] Next install: grep 
[09/17 18:47:39 UTC] Installing: grep                                               +++                              [ 130/1262]
[09/17 18:47:39 UTC] Next install: libpcrecpp 
[09/17 18:47:39 UTC] Installing: libpcrecpp                                         +++                              [ 131/1262]
[09/17 18:47:39 UTC] Next install: libgpg-error 
[09/17 18:47:39 UTC] Installing: libgpg-error                                       +++                              [ 132/1262]
[09/17 18:47:39 UTC] Next install: libgcrypt 
[09/17 18:47:39 UTC] Installing: libgcrypt                                          +++                              [ 133/1262]
[09/17 18:47:39 UTC] Next install: cryptsetup-2.6.1-1.aarch64.rpm 
[09/17 18:47:39 UTC] Installing: cryptsetup-2.6.1-1.aarch64.rpm                     +++                              [ 134/1262]
[09/17 18:47:39 UTC] Next install: libfreebl3 
[09/17 18:47:39 UTC] Installing: libfreebl3                                         +++                              [ 135/1262]
[09/17 18:47:40 UTC] Next install: libcom_err 
[09/17 18:47:40 UTC] Installing: libcom_err                                         +++                              [ 136/1262]
[09/17 18:47:40 UTC] Next install: fribidi 
[09/17 18:47:40 UTC] Installing: fribidi                                            +++                              [ 137/1262]
[09/17 18:47:40 UTC] Next install: findutils 
[09/17 18:47:40 UTC] Installing: findutils                                          +++                              [ 138/1262]
[09/17 18:47:40 UTC] Next install: cynara-db-migration-0.26.0-1.aarch64.rpm 
[09/17 18:47:40 UTC] Installing: cynara-db-migration-0.26.0-1.aarch64.rpm           +++                              [ 139/1262]
[09/17 18:47:40 UTC] Next install: lzo-2.10-0.aarch64.rpm 
[09/17 18:47:40 UTC] Installing: lzo-2.10-0.aarch64.rpm                             +++                              [ 140/1262]
[09/17 18:47:40 UTC] Next install: libvpx-1.12.0-2.aarch64.rpm 
[09/17 18:47:40 UTC] Installing: libvpx-1.12.0-2.aarch64.rpm                        +++                              [ 141/1262]
[09/17 18:47:40 UTC] Next install: libhyphen-2.8.8-1.aarch64.rpm 
[09/17 18:47:40 UTC] Installing: libhyphen-2.8.8-1.aarch64.rpm                      +++                              [ 142/1262]
[09/17 18:47:41 UTC] Next install: libbugreport-1.2.0-1.aarch64.rpm 
[09/17 18:47:41 UTC] Installing: libbugreport-1.2.0-1.aarch64.rpm                   +++                              [ 143/1262]
[09/17 18:47:41 UTC] Next install: libbrotlicommon-1.1.0-0.aarch64.rpm 
[09/17 18:47:41 UTC] Installing: libbrotlicommon-1.1.0-0.aarch64.rpm                +++                              [ 144/1262]
[09/17 18:47:41 UTC] Next install: libbrotlienc-1.1.0-0.aarch64.rpm 
[09/17 18:47:41 UTC] Installing: libbrotlienc-1.1.0-0.aarch64.rpm                   +++                              [ 145/1262]
[09/17 18:47:41 UTC] Next install: libbrotlidec-1.1.0-0.aarch64.rpm 
[09/17 18:47:41 UTC] Installing: libbrotlidec-1.1.0-0.aarch64.rpm                   +++                              [ 146/1262]
[09/17 18:47:41 UTC] Next install: tizen-debug-2.40-1.aarch64.rpm 
[09/17 18:47:41 UTC] Installing: tizen-debug-2.40-1.aarch64.rpm                     +++                              [ 147/1262]
[09/17 18:47:41 UTC] Next install: svi-data-profile_common-0.2.0-1.aarch64.rpm 
[09/17 18:47:41 UTC] Installing: svi-data-profile_common-0.2.0-1.aarch64.rpm        +++                              [ 148/1262]
[09/17 18:47:41 UTC] Next install: opentk-3.0.4-1.noarch.rpm 
[09/17 18:47:41 UTC] Installing: opentk-3.0.4-1.noarch.rpm                          +++                              [ 149/1262]
[09/17 18:47:41 UTC] Next install: elm-sharp-theme-common-1.0-0.aarch64.rpm 
[09/17 18:47:41 UTC] Installing: elm-sharp-theme-common-1.0-0.aarch64.rpm           +++                              [ 150/1262]
[09/17 18:47:41 UTC] Next install: efl-theme-tizen-common-1.0-0.aarch64.rpm 
[09/17 18:47:41 UTC] Installing: efl-theme-tizen-common-1.0-0.aarch64.rpm           +++                              [ 151/1262]
[09/17 18:47:41 UTC] Next install: building-blocks-sub2-domain_CSAPI-System-PlatformConfig-11.0.0-0.aarch64.rpm 
[09/17 18:47:41 UTC] Installing: building-blocks-sub2-domain_CSAPI-System-PlatformC +++                              [ 152/1262]
[09/17 18:47:41 UTC] Next install: openvpn-2.5.11-0.aarch64.rpm 
[09/17 18:47:41 UTC] Installing: openvpn-2.5.11-0.aarch64.rpm                       +++                              [ 153/1262]
[09/17 18:47:42 UTC] Next install: btrfs-progs-7.0-1.aarch64.rpm 
[09/17 18:47:42 UTC] Installing: btrfs-progs-7.0-1.aarch64.rpm                      +++                              [ 154/1262]
[09/17 18:47:42 UTC] Next install: libext2fs 
[09/17 18:47:42 UTC] Installing: libext2fs                                          +++                              [ 155/1262]
[09/17 18:47:42 UTC] Next install: e2fsprogs 
[09/17 18:47:42 UTC] Installing: e2fsprogs                                          +++                              [ 156/1262]
[09/17 18:47:42 UTC] Next install: libopenblas_pthreads0-0.3.21-1.aarch64.rpm 
[09/17 18:47:42 UTC] Installing: libopenblas_pthreads0-0.3.21-1.aarch64.rpm         +++                              [ 157/1262]
[09/17 18:47:43 UTC] Next install: upgrade-rw-online-10.0.0-0.aarch64.rpm 
[09/17 18:47:43 UTC] Installing: upgrade-rw-online-10.0.0-0.aarch64.rpm             ++++                             [ 158/1262]
[09/17 18:47:43 UTC] Next install: libphonenumber-7.0.6-1.aarch64.rpm 
[09/17 18:47:43 UTC] Installing: libphonenumber-7.0.6-1.aarch64.rpm                 ++++                             [ 159/1262]
[09/17 18:47:43 UTC] Next install: dfs-opencv-1.0.12-0.aarch64.rpm 
[09/17 18:47:43 UTC] Installing: dfs-opencv-1.0.12-0.aarch64.rpm                    ++++                             [ 160/1262]
[09/17 18:47:43 UTC] Next install: rust-regex-syntax-0.6.28-1.aarch64.rpm 
[09/17 18:47:43 UTC] Installing: rust-regex-syntax-0.6.28-1.aarch64.rpm             ++++                             [ 161/1262]
[09/17 18:47:44 UTC] Next install: rust-regex-1.7.1-1.aarch64.rpm 
[09/17 18:47:44 UTC] Installing: rust-regex-1.7.1-1.aarch64.rpm                     ++++                             [ 162/1262]
[09/17 18:47:44 UTC] Next install: libdw 
[09/17 18:47:44 UTC] Installing: libdw                                              ++++                             [ 163/1262]
[09/17 18:47:44 UTC] Next install: alsa-utils 
[09/17 18:47:44 UTC] Installing: alsa-utils                                         ++++                             [ 164/1262]
[09/17 18:47:44 UTC] Next install: libtheora-1.1.1-14.aarch64.rpm 
[09/17 18:47:44 UTC] Installing: libtheora-1.1.1-14.aarch64.rpm                     ++++                             [ 165/1262]
[09/17 18:47:44 UTC] Next install: nss-certs 
[09/17 18:47:44 UTC] Installing: nss-certs                                          ++++                             [ 166/1262]
[09/17 18:47:44 UTC] Next install: libsoftokn3 
[09/17 18:47:44 UTC] Installing: libsoftokn3                                        ++++                             [ 167/1262]
[09/17 18:47:44 UTC] Next install: nss 
[09/17 18:47:44 UTC] Installing: nss                                                ++++                             [ 168/1262]
[09/17 18:47:45 UTC] Next install: libxslt-tools 
[09/17 18:47:45 UTC] Installing: libxslt-tools                                      ++++                             [ 169/1262]
[09/17 18:47:45 UTC] Next install: protobuf-compiler-33.1-1.aarch64.rpm 
[09/17 18:47:45 UTC] Installing: protobuf-compiler-33.1-1.aarch64.rpm               ++++                             [ 170/1262]
[09/17 18:47:45 UTC] Next install: nsjail-3.0.20210707-0.aarch64.rpm 
[09/17 18:47:45 UTC] Installing: nsjail-3.0.20210707-0.aarch64.rpm                  ++++                             [ 171/1262]
[09/17 18:47:45 UTC] Next install: nghttp2 
[09/17 18:47:45 UTC] Installing: nghttp2                                            ++++                             [ 172/1262]
[09/17 18:47:45 UTC] Next install: libcurl 
[09/17 18:47:45 UTC] Installing: libcurl                                            ++++                             [ 173/1262]
[09/17 18:47:45 UTC] Next install: curl 
[09/17 18:47:45 UTC] Installing: curl                                               ++++                             [ 174/1262]
[09/17 18:47:45 UTC] Next install: liboauth-1.0.3-1.aarch64.rpm 
[09/17 18:47:45 UTC] Installing: liboauth-1.0.3-1.aarch64.rpm                       ++++                             [ 175/1262]
[09/17 18:47:46 UTC] Next install: building-blocks-sub2-domain_API-Account-libOAuth-11.0.0-0.aarch64.rpm 
[09/17 18:47:46 UTC] Installing: building-blocks-sub2-domain_API-Account-libOAuth-1 ++++                             [ 176/1262]
[09/17 18:47:46 UTC] Next install: platform-extension-1.0.0-0.aarch64.rpm 
[09/17 18:47:46 UTC] Installing: platform-extension-1.0.0-0.aarch64.rpm             ++++                             [ 177/1262]
[09/17 18:47:46 UTC] Next install: dnsmasq-2.88-1.aarch64.rpm 
[09/17 18:47:46 UTC] Installing: dnsmasq-2.88-1.aarch64.rpm                         ++++                             [ 178/1262]
[09/17 18:47:46 UTC] Next install: shadow-utils-adm 
[09/17 18:47:46 UTC] Installing: shadow-utils-adm                                   ++++                             [ 179/1262]
[09/17 18:47:46 UTC] Next install: libswresample-8.0.1-0.aarch64.rpm 
[09/17 18:47:46 UTC] Installing: libswresample-8.0.1-0.aarch64.rpm                  ++++                             [ 180/1262]
[09/17 18:47:46 UTC] Next install: libavfilter-8.0.1-0.aarch64.rpm 
[09/17 18:47:46 UTC] Installing: libavfilter-8.0.1-0.aarch64.rpm                    ++++                             [ 181/1262]
[09/17 18:47:46 UTC] Next install: libre2-20250812-1.aarch64.rpm 
[09/17 18:47:46 UTC] Installing: libre2-20250812-1.aarch64.rpm                      ++++                             [ 182/1262]
[09/17 18:47:46 UTC] Next install: libgrpc-1.76.0-0.aarch64.rpm 
[09/17 18:47:46 UTC] Installing: libgrpc-1.76.0-0.aarch64.rpm                       ++++                             [ 183/1262]
[09/17 18:47:47 UTC] Next install: building-blocks-sub2-domain_API-UI-Freetype-11.0.0-0.aarch64.rpm 
[09/17 18:47:47 UTC] Installing: building-blocks-sub2-domain_API-UI-Freetype-11.0.0 ++++                             [ 184/1262]
[09/17 18:47:47 UTC] Next install: minicoredumper-2.9.11-0.aarch64.rpm 
[09/17 18:47:47 UTC] Installing: minicoredumper-2.9.11-0.aarch64.rpm                ++++                             [ 185/1262]
[09/17 18:47:47 UTC] Next install: libfdisk 
[09/17 18:47:47 UTC] Installing: libfdisk                                           ++++                             [ 186/1262]
[09/17 18:47:47 UTC] Next install: libcap-tools 
[09/17 18:47:47 UTC] Installing: libcap-tools                                       ++++                             [ 187/1262]
[09/17 18:47:47 UTC] Next install: bubblewrap-0.7.0-1.aarch64.rpm 
[09/17 18:47:47 UTC] Installing: bubblewrap-0.7.0-1.aarch64.rpm                     ++++                             [ 188/1262]
[09/17 18:47:47 UTC] Next install: tzdata 
[09/17 18:47:47 UTC] Installing: tzdata                                             ++++                             [ 189/1262]
[09/17 18:47:48 UTC] Next install: tizen-locale-0.1-2.aarch64.rpm 
[09/17 18:47:48 UTC] Installing: tizen-locale-0.1-2.aarch64.rpm                     ++++                             [ 190/1262]
[09/17 18:48:02 UTC] Next install: terminfo-base-full 
[09/17 18:48:02 UTC] Installing: terminfo-base-full                                 ++++                             [ 191/1262]
[09/17 18:48:02 UTC] Next install: libncurses6 
[09/17 18:48:02 UTC] Installing: libncurses6                                        ++++                             [ 192/1262]
[09/17 18:48:02 UTC] Next install: libreadline 
[09/17 18:48:02 UTC] Installing: libreadline                                        ++++                             [ 193/1262]
[09/17 18:48:02 UTC] Next install: procps-ng 
[09/17 18:48:02 UTC] Installing: procps-ng                                          ++++                             [ 194/1262]
[09/17 18:48:03 UTC] Next install: psmisc-23.7-1.aarch64.rpm 
[09/17 18:48:03 UTC] Installing: psmisc-23.7-1.aarch64.rpm                          ++++                             [ 195/1262]
[09/17 18:48:03 UTC] Next install: isu-tools-9.0.6-1.aarch64.rpm 
[09/17 18:48:03 UTC] Installing: isu-tools-9.0.6-1.aarch64.rpm                      ++++                             [ 196/1262]
[09/17 18:48:03 UTC] Next install: isf-config-common-0.1.3-1.noarch.rpm 
[09/17 18:48:03 UTC] Installing: isf-config-common-0.1.3-1.noarch.rpm               ++++                             [ 197/1262]
[09/17 18:48:03 UTC] Next install: autofill-config-mobile-0.1.11-1.noarch.rpm 
[09/17 18:48:03 UTC] Installing: autofill-config-mobile-0.1.11-1.noarch.rpm         +++++                            [ 198/1262]
[09/17 18:48:03 UTC] Next install: libsqlcipher-4.6.1-0.aarch64.rpm 
[09/17 18:48:03 UTC] Installing: libsqlcipher-4.6.1-0.aarch64.rpm                   +++++                            [ 199/1262]
[09/17 18:48:03 UTC] Next install: yaca-0.0.6-0.aarch64.rpm 
[09/17 18:48:03 UTC] Installing: yaca-0.0.6-0.aarch64.rpm                           +++++                            [ 200/1262]
[09/17 18:48:03 UTC] Next install: building-blocks-sub2-domain_API-Security-YACA-11.0.0-0.aarch64.rpm 
[09/17 18:48:03 UTC] Installing: building-blocks-sub2-domain_API-Security-YACA-11.0 +++++                            [ 201/1262]
[09/17 18:48:03 UTC] Next install: libpaho-mqtt-c-1.3.15-0.aarch64.rpm 
[09/17 18:48:03 UTC] Installing: libpaho-mqtt-c-1.3.15-0.aarch64.rpm                +++++                            [ 202/1262]
[09/17 18:48:03 UTC] Next install: libmosquitto1-1.6.8-0.aarch64.rpm 
[09/17 18:48:03 UTC] Installing: libmosquitto1-1.6.8-0.aarch64.rpm                  +++++                            [ 203/1262]
[09/17 18:48:04 UTC] Next install: srt-1.5.0-1.aarch64.rpm 
[09/17 18:48:04 UTC] Installing: srt-1.5.0-1.aarch64.rpm                            +++++                            [ 204/1262]
[09/17 18:48:04 UTC] Next install: liblastlog2 
[09/17 18:48:04 UTC] Installing: liblastlog2                                        +++++                            [ 205/1262]
[09/17 18:48:04 UTC] Next install: patchelf 
[09/17 18:48:04 UTC] Installing: patchelf                                           +++++                            [ 206/1262]
[09/17 18:48:04 UTC] Next install: boost-program-options 
[09/17 18:48:04 UTC] Installing: boost-program-options                              +++++                            [ 207/1262]
[09/17 18:48:04 UTC] Next install: boost-filesystem 
[09/17 18:48:04 UTC] Installing: boost-filesystem                                   +++++                            [ 208/1262]
[09/17 18:48:04 UTC] Next install: webrtc-audio-processing-0.3.1-2.aarch64.rpm 
[09/17 18:48:04 UTC] Installing: webrtc-audio-processing-0.3.1-2.aarch64.rpm        +++++                            [ 209/1262]
[09/17 18:48:04 UTC] Next install: noise-suppression-1.2-2.aarch64.rpm 
[09/17 18:48:04 UTC] Installing: noise-suppression-1.2-2.aarch64.rpm                +++++                            [ 210/1262]
[09/17 18:48:05 UTC] Next install: nnfw-1.28.0-1.aarch64.rpm 
[09/17 18:48:05 UTC] Installing: nnfw-1.28.0-1.aarch64.rpm                          +++++                            [ 211/1262]
[09/17 18:48:05 UTC] Next install: libtbb-2019U3-0.aarch64.rpm 
[09/17 18:48:05 UTC] Installing: libtbb-2019U3-0.aarch64.rpm                        +++++                            [ 212/1262]
[09/17 18:48:05 UTC] Next install: openusd-24.03-0.aarch64.rpm 
[09/17 18:48:05 UTC] Installing: openusd-24.03-0.aarch64.rpm                        +++++                            [ 213/1262]
[09/17 18:48:06 UTC] Next install: libleveldb-1.23-1.aarch64.rpm 
[09/17 18:48:06 UTC] Installing: libleveldb-1.23-1.aarch64.rpm                      +++++                            [ 214/1262]
[09/17 18:48:06 UTC] Next install: libconfig-1.6-0.aarch64.rpm 
[09/17 18:48:06 UTC] Installing: libconfig-1.6-0.aarch64.rpm                        +++++                            [ 215/1262]
[09/17 18:48:06 UTC] Next install: libusbgx-0.1.0-0.aarch64.rpm 
[09/17 18:48:06 UTC] Installing: libusbgx-0.1.0-0.aarch64.rpm                       +++++                            [ 216/1262]
[09/17 18:48:06 UTC] Next install: flatbuffers-24.3.25-1.aarch64.rpm 
[09/17 18:48:06 UTC] Installing: flatbuffers-24.3.25-1.aarch64.rpm                  +++++                            [ 217/1262]
[09/17 18:48:06 UTC] Next install: dali2-extension-key-extension-2.5.37-1.aarch64.rpm 
[09/17 18:48:06 UTC] Installing: dali2-extension-key-extension-2.5.37-1.aarch64.rpm +++++                            [ 218/1262]
[09/17 18:48:07 UTC] Next install: bow-restore-7.5.3-0.aarch64.rpm 
[09/17 18:48:07 UTC] Installing: bow-restore-7.5.3-0.aarch64.rpm                    +++++                            [ 219/1262]
[09/17 18:48:07 UTC] Next install: vconf-internal-keys-config-profile_common-0.0.201-0.aarch64.rpm 
[09/17 18:48:07 UTC] Installing: vconf-internal-keys-config-profile_common-0.0.201- +++++                            [ 220/1262]
[09/17 18:48:07 UTC] Next install: tts-engine-rsc-0.0.2-1.aarch64.rpm 
[09/17 18:48:07 UTC] Installing: tts-engine-rsc-0.0.2-1.aarch64.rpm                 +++++                            [ 221/1262]
[09/17 18:48:09 UTC] Next install: tizen-release-profile_common-11.0.0-0.aarch64.rpm 
[09/17 18:48:09 UTC] Installing: tizen-release-profile_common-11.0.0-0.aarch64.rpm  +++++                            [ 222/1262]
[09/17 18:48:09 UTC] Next install: tizen-release-11.0.0-0.aarch64.rpm 
[09/17 18:48:09 UTC] Installing: tizen-release-11.0.0-0.aarch64.rpm                 +++++                            [ 223/1262]
[09/17 18:48:09 UTC] Next install: xkb-tizen-data-0.0.7-0.noarch.rpm 
[09/17 18:48:09 UTC] Installing: xkb-tizen-data-0.0.7-0.noarch.rpm                  +++++                            [ 224/1262]
[09/17 18:48:09 UTC] Next install: xkeyboard-config-2.13-0.aarch64.rpm 
[09/17 18:48:09 UTC] Installing: xkeyboard-config-2.13-0.aarch64.rpm                +++++                            [ 225/1262]
[09/17 18:50:02 UTC] Next install: libhangul-0.2.0-0.aarch64.rpm 
[09/17 18:50:02 UTC] Installing: libhangul-0.2.0-0.aarch64.rpm                      +++++                            [ 226/1262]
[09/17 18:50:02 UTC] Next install: feedbackd-conf-level6-1.0.0-1.aarch64.rpm 
[09/17 18:50:02 UTC] Installing: feedbackd-conf-level6-1.0.0-1.aarch64.rpm          +++++                            [ 227/1262]
[09/17 18:50:02 UTC] Next install: efl-misc-profile_common-0.1.34-0.noarch.rpm 
[09/17 18:50:02 UTC] Installing: efl-misc-profile_common-0.1.34-0.noarch.rpm        +++++                            [ 228/1262]
[09/17 18:50:02 UTC] Next install: default-fonts-fc-sdk-0.0.5-1.aarch64.rpm 
[09/17 18:50:02 UTC] Installing: default-fonts-fc-sdk-0.0.5-1.aarch64.rpm           +++++                            [ 229/1262]
[09/17 18:50:03 UTC] Next install: dali2-extension-2.5.37-1.aarch64.rpm 
[09/17 18:50:03 UTC] Installing: dali2-extension-2.5.37-1.aarch64.rpm               +++++                            [ 230/1262]
[09/17 18:50:03 UTC] Next install: anthy-9100h-1.aarch64.rpm 
[09/17 18:50:03 UTC] Installing: anthy-9100h-1.aarch64.rpm                          +++++                            [ 231/1262]
[09/17 18:50:04 UTC] Next install: initrd-2.3-1.aarch64.rpm 
[09/17 18:50:04 UTC] Installing: initrd-2.3-1.aarch64.rpm                           +++++                            [ 232/1262]
[09/17 18:50:04 UTC] Next install: libsmartcols 
[09/17 18:50:04 UTC] Installing: libsmartcols                                       +++++                            [ 233/1262]
[09/17 18:50:04 UTC] Next install: util-linux 
[09/17 18:50:04 UTC] Installing: util-linux                                         +++++                            [ 234/1262]
[09/17 18:50:04 UTC] Next install: verity-tools-2.3-1.aarch64.rpm 
[09/17 18:50:04 UTC] Installing: verity-tools-2.3-1.aarch64.rpm                     +++++                            [ 235/1262]
[09/17 18:50:04 UTC] Next install: initrd-recovery-7.5.3-0.aarch64.rpm 
[09/17 18:50:04 UTC] Installing: initrd-recovery-7.5.3-0.aarch64.rpm                +++++                            [ 236/1262]
[09/17 18:50:04 UTC] Next install: libmtdev 
[09/17 18:50:04 UTC] Installing: libmtdev                                           ++++++                           [ 237/1262]
[09/17 18:50:05 UTC] Next install: libltdl 
[09/17 18:50:05 UTC] Installing: libltdl                                            ++++++                           [ 238/1262]
[09/17 18:50:05 UTC] Next install: GraphicsMagick-1.3.45-2.aarch64.rpm 
[09/17 18:50:05 UTC] Installing: GraphicsMagick-1.3.45-2.aarch64.rpm                ++++++                           [ 239/1262]
[09/17 18:50:05 UTC] Next install: libgomp 
[09/17 18:50:05 UTC] Installing: libgomp                                            ++++++                           [ 240/1262]
[09/17 18:50:05 UTC] Next install: libopenblas_openmp0-0.3.21-1.aarch64.rpm 
[09/17 18:50:05 UTC] Installing: libopenblas_openmp0-0.3.21-1.aarch64.rpm           ++++++                           [ 241/1262]
[09/17 18:50:06 UTC] Next install: libattr 
[09/17 18:50:06 UTC] Installing: libattr                                            ++++++                           [ 242/1262]
[09/17 18:50:06 UTC] Next install: libacl 
[09/17 18:50:06 UTC] Installing: libacl                                             ++++++                           [ 243/1262]
[09/17 18:50:06 UTC] Next install: libarchive 
[09/17 18:50:06 UTC] Installing: libarchive                                         ++++++                           [ 244/1262]
[09/17 18:50:06 UTC] Next install: libarchive-tools 
[09/17 18:50:06 UTC] Installing: libarchive-tools                                   ++++++                           [ 245/1262]
[09/17 18:50:06 UTC] Next install: factory-reset-userdata-backup-1.1-2.aarch64.rpm 
[09/17 18:50:06 UTC] Installing: factory-reset-userdata-backup-1.1-2.aarch64.rpm    ++++++                           [ 246/1262]
[09/17 18:50:06 UTC] Next install: tar 
[09/17 18:50:06 UTC] Installing: tar                                                ++++++                           [ 247/1262]
[09/17 18:50:06 UTC] Next install: acl 
[09/17 18:50:06 UTC] Installing: acl                                                ++++++                           [ 248/1262]
[09/17 18:50:06 UTC] Next install: libatomic 
[09/17 18:50:06 UTC] Installing: libatomic                                          ++++++                           [ 249/1262]
[09/17 18:50:06 UTC] Next install: boost-system 
[09/17 18:50:06 UTC] Installing: boost-system                                       ++++++                           [ 250/1262]
[09/17 18:50:07 UTC] Next install: zint-2.6.7-2.aarch64.rpm 
[09/17 18:50:07 UTC] Installing: zint-2.6.7-2.aarch64.rpm                           ++++++                           [ 251/1262]
[09/17 18:50:07 UTC] Next install: zbar-0.10-23.aarch64.rpm 
[09/17 18:50:07 UTC] Installing: zbar-0.10-23.aarch64.rpm                           ++++++                           [ 252/1262]
[09/17 18:50:07 UTC] Next install: xdelta3-3.0.11-1.aarch64.rpm 
[09/17 18:50:07 UTC] Installing: xdelta3-3.0.11-1.aarch64.rpm                       ++++++                           [ 253/1262]
[09/17 18:50:07 UTC] Next install: system-plugin-config-dlconf-0.1-1.noarch.rpm 
[09/17 18:50:07 UTC] Installing: system-plugin-config-dlconf-0.1-1.noarch.rpm       ++++++                           [ 254/1262]
[09/17 18:50:07 UTC] Next install: sbc-1.2-0.aarch64.rpm 
[09/17 18:50:07 UTC] Installing: sbc-1.2-0.aarch64.rpm                              ++++++                           [ 255/1262]
[09/17 18:50:07 UTC] Next install: rnnoise 
[09/17 18:50:07 UTC] Installing: rnnoise                                            ++++++                           [ 256/1262]
[09/17 18:50:07 UTC] Next install: opencore-amr-0.1.3-2.aarch64.rpm 
[09/17 18:50:07 UTC] Installing: opencore-amr-0.1.3-2.aarch64.rpm                   ++++++                           [ 257/1262]
[09/17 18:50:08 UTC] Next install: newfs-msdos-1.0.0-1.aarch64.rpm 
[09/17 18:50:08 UTC] Installing: newfs-msdos-1.0.0-1.aarch64.rpm                    ++++++                           [ 258/1262]
[09/17 18:50:08 UTC] Next install: memps-0.2.0-0.aarch64.rpm 
[09/17 18:50:08 UTC] Installing: memps-0.2.0-0.aarch64.rpm                          ++++++                           [ 259/1262]
[09/17 18:50:08 UTC] Next install: libsrtp-2.3.0-2.aarch64.rpm 
[09/17 18:50:08 UTC] Installing: libsrtp-2.3.0-2.aarch64.rpm                        ++++++                           [ 260/1262]
[09/17 18:50:08 UTC] Next install: libspeexdsp-1.2.1-10.aarch64.rpm 
[09/17 18:50:08 UTC] Installing: libspeexdsp-1.2.1-10.aarch64.rpm                   ++++++                           [ 261/1262]
[09/17 18:50:08 UTC] Next install: liborc-0.4.40-0.aarch64.rpm 
[09/17 18:50:08 UTC] Installing: liborc-0.4.40-0.aarch64.rpm                        ++++++                           [ 262/1262]
[09/17 18:50:08 UTC] Next install: libfuse-2.9.9-0.aarch64.rpm 
[09/17 18:50:08 UTC] Installing: libfuse-2.9.9-0.aarch64.rpm                        ++++++                           [ 263/1262]
[09/17 18:50:08 UTC] Next install: libf2fs-1.16.0-0.g4f3af3a2acfe.aarch64.rpm 
[09/17 18:50:08 UTC] Installing: libf2fs-1.16.0-0.g4f3af3a2acfe.aarch64.rpm         ++++++                           [ 264/1262]
[09/17 18:50:09 UTC] Next install: f2fs-tools-1.16.0-0.g4f3af3a2acfe.aarch64.rpm 
[09/17 18:50:09 UTC] Installing: f2fs-tools-1.16.0-0.g4f3af3a2acfe.aarch64.rpm      ++++++                           [ 265/1262]
[09/17 18:50:09 UTC] Next install: libevdev-1.13.7-0.aarch64.rpm 
[09/17 18:50:09 UTC] Installing: libevdev-1.13.7-0.aarch64.rpm                      ++++++                           [ 266/1262]
[09/17 18:50:09 UTC] Next install: libinput-1.31.3-0.aarch64.rpm 
[09/17 18:50:09 UTC] Installing: libinput-1.31.3-0.aarch64.rpm                      ++++++                           [ 267/1262]
[09/17 18:50:09 UTC] Next install: libdatrie-0.2.13-0.aarch64.rpm 
[09/17 18:50:09 UTC] Installing: libdatrie-0.2.13-0.aarch64.rpm                     ++++++                           [ 268/1262]
[09/17 18:50:09 UTC] Next install: libcms2-2.16-0.aarch64.rpm 
[09/17 18:50:09 UTC] Installing: libcms2-2.16-0.aarch64.rpm                         ++++++                           [ 269/1262]
[09/17 18:50:09 UTC] Next install: libjxl-0.11.1-0.aarch64.rpm 
[09/17 18:50:09 UTC] Installing: libjxl-0.11.1-0.aarch64.rpm                        ++++++                           [ 270/1262]
[09/17 18:50:09 UTC] Next install: fsck-msdos-1.0.0-1.aarch64.rpm 
[09/17 18:50:09 UTC] Installing: fsck-msdos-1.0.0-1.aarch64.rpm                     ++++++                           [ 271/1262]
[09/17 18:50:09 UTC] Next install: upgrade-resize-dynparts-10.0.0-0.aarch64.rpm 
[09/17 18:50:09 UTC] Installing: upgrade-resize-dynparts-10.0.0-0.aarch64.rpm       ++++++                           [ 272/1262]
[09/17 18:50:10 UTC] Next install: typelib-1_0-Atspi 
[09/17 18:50:10 UTC] Installing: typelib-1_0-Atspi                                  ++++++                           [ 273/1262]
[09/17 18:50:10 UTC] Next install: system-server-worker-10.0.0-0.aarch64.rpm 
[09/17 18:50:10 UTC] Installing: system-server-worker-10.0.0-0.aarch64.rpm          ++++++                           [ 274/1262]
[09/17 18:50:10 UTC] Next install: system-server-10.0.0-0.aarch64.rpm 
[09/17 18:50:10 UTC] Installing: system-server-10.0.0-0.aarch64.rpm                 ++++++                           [ 275/1262]
[09/17 18:50:10 UTC] Next install: sensord-isu-10.0.0-1.aarch64.rpm 
[09/17 18:50:10 UTC] Installing: sensord-isu-10.0.0-1.aarch64.rpm                   ++++++                           [ 276/1262]
[09/17 18:50:10 UTC] Next install: building-blocks-sub2-domain_Feature-ISU-System_Sensord-11.0.0-0.aarch64.rpm 
[09/17 18:50:10 UTC] Installing: building-blocks-sub2-domain_Feature-ISU-System_Sen +++++++                          [ 277/1262]
[09/17 18:50:10 UTC] Next install: resourced-isu-10.0.0-1.aarch64.rpm 
[09/17 18:50:10 UTC] Installing: resourced-isu-10.0.0-1.aarch64.rpm                 +++++++                          [ 278/1262]
[09/17 18:50:10 UTC] Next install: building-blocks-sub2-domain_Feature-ISU-System_Resourced-11.0.0-0.aarch64.rpm 
[09/17 18:50:10 UTC] Installing: building-blocks-sub2-domain_Feature-ISU-System_Res +++++++                          [ 279/1262]
[09/17 18:50:10 UTC] Next install: resourced-config-10.0.0-1.aarch64.rpm 
[09/17 18:50:10 UTC] Installing: resourced-config-10.0.0-1.aarch64.rpm              +++++++                          [ 280/1262]
[09/17 18:50:10 UTC] Next install: reboot-param-helper-7.5.3-0.aarch64.rpm 
[09/17 18:50:10 UTC] Installing: reboot-param-helper-7.5.3-0.aarch64.rpm            +++++++                          [ 281/1262]
[09/17 18:50:10 UTC] Next install: org.tizen.bt-syspopup-profile_common-1.0.0-1.aarch64.rpm 
[09/17 18:50:10 UTC] Installing: org.tizen.bt-syspopup-profile_common-1.0.0-1.aarch +++++++                          [ 282/1262]
[09/17 18:50:10 UTC] Next install: org.tizen.bt-syspopup-1.0.0-1.aarch64.rpm 
[09/17 18:50:10 UTC] Installing: org.tizen.bt-syspopup-1.0.0-1.aarch64.rpm          +++++++                          [ 283/1262]
[09/17 18:50:10 UTC] Next install: org.tizen.NUIGadgetViewer-1.82.3-1.aarch64.rpm 
[09/17 18:50:10 UTC] Installing: org.tizen.NUIGadgetViewer-1.82.3-1.aarch64.rpm     +++++++                          [ 284/1262]
[09/17 18:50:10 UTC] Next install: nnstreamer-default-configuration-2.7.0-0.aarch64.rpm 
[09/17 18:50:10 UTC] Installing: nnstreamer-default-configuration-2.7.0-0.aarch64.r +++++++                          [ 285/1262]
[09/17 18:50:10 UTC] Next install: mused-isu-0.5.1-0.aarch64.rpm 
[09/17 18:50:10 UTC] Installing: mused-isu-0.5.1-0.aarch64.rpm                      +++++++                          [ 286/1262]
[09/17 18:50:10 UTC] Next install: building-blocks-sub2-domain_Feature-ISU-Multimedia_Mused-11.0.0-0.aarch64.rpm 
[09/17 18:50:10 UTC] Installing: building-blocks-sub2-domain_Feature-ISU-Multimedia +++++++                          [ 287/1262]
[09/17 18:50:10 UTC] Next install: libthai-data-0.1.18-0.aarch64.rpm 
[09/17 18:50:10 UTC] Installing: libthai-data-0.1.18-0.aarch64.rpm                  +++++++                          [ 288/1262]
[09/17 18:50:10 UTC] Next install: libthai-0.1.18-0.aarch64.rpm 
[09/17 18:50:10 UTC] Installing: libthai-0.1.18-0.aarch64.rpm                       +++++++                          [ 289/1262]
[09/17 18:50:10 UTC] Next install: libfeedback-isu-0.2.0-1.aarch64.rpm 
[09/17 18:50:10 UTC] Installing: libfeedback-isu-0.2.0-1.aarch64.rpm                +++++++                          [ 290/1262]
[09/17 18:50:10 UTC] Next install: firmware-update-system-ui-1.2.13-0.aarch64.rpm 
[09/17 18:50:10 UTC] Installing: firmware-update-system-ui-1.2.13-0.aarch64.rpm     +++++++                          [ 291/1262]
[09/17 18:50:10 UTC] Next install: enlightenment-isu-0.20.0-tz11_3.0.1.aarch64.rpm 
[09/17 18:50:10 UTC] Installing: enlightenment-isu-0.20.0-tz11_3.0.1.aarch64.rpm    +++++++                          [ 292/1262]
[09/17 18:50:10 UTC] Next install: building-blocks-sub2-domain_Feature-ISU-Display_Enlightenment-11.0.0-0.aarch64.rpm 
[09/17 18:50:10 UTC] Installing: building-blocks-sub2-domain_Feature-ISU-Display_En +++++++                          [ 293/1262]
[09/17 18:50:10 UTC] Next install: efl-locale-1.25.1-0.aarch64.rpm 
[09/17 18:50:10 UTC] Installing: efl-locale-1.25.1-0.aarch64.rpm                    +++++++                          [ 294/1262]
[09/17 18:50:10 UTC] Next install: dlog-isu-9.0.2-1.aarch64.rpm 
[09/17 18:50:10 UTC] Installing: dlog-isu-9.0.2-1.aarch64.rpm                       +++++++                          [ 295/1262]
[09/17 18:50:10 UTC] Next install: building-blocks-sub2-domain_Feature-ISU-System_Dlog-11.0.0-0.aarch64.rpm 
[09/17 18:50:10 UTC] Installing: building-blocks-sub2-domain_Feature-ISU-System_Dlo +++++++                          [ 296/1262]
[09/17 18:50:10 UTC] Next install: dlog-config-persistent-logs-9.0.2-1.aarch64.rpm 
[09/17 18:50:10 UTC] Installing: dlog-config-persistent-logs-9.0.2-1.aarch64.rpm    +++++++                          [ 297/1262]
[09/17 18:50:10 UTC] Next install: dlog-9.0.2-1.aarch64.rpm 
[09/17 18:50:10 UTC] Installing: dlog-9.0.2-1.aarch64.rpm                           +++++++                          [ 298/1262]
[09/17 18:50:10 UTC] Next install: dlog-logger-9.0.2-1.aarch64.rpm 
[09/17 18:50:10 UTC] Installing: dlog-logger-9.0.2-1.aarch64.rpm                    +++++++                          [ 299/1262]
[09/17 18:50:10 UTC] Next install: libdlog-9.0.2-1.aarch64.rpm 
[09/17 18:50:10 UTC] Installing: libdlog-9.0.2-1.aarch64.rpm                        +++++++                          [ 300/1262]
[09/17 18:50:10 UTC] Next install: libwayland-client-1.23.1-0.aarch64.rpm 
[09/17 18:50:10 UTC] Installing: libwayland-client-1.23.1-0.aarch64.rpm             +++++++                          [ 301/1262]
[09/17 18:50:11 UTC] Next install: libcynara-commons-0.26.0-1.aarch64.rpm 
[09/17 18:50:11 UTC] Installing: libcynara-commons-0.26.0-1.aarch64.rpm             +++++++                          [ 302/1262]
[09/17 18:50:11 UTC] Next install: libcynara-session-0.26.0-1.aarch64.rpm 
[09/17 18:50:11 UTC] Installing: libcynara-session-0.26.0-1.aarch64.rpm             +++++++                          [ 303/1262]
[09/17 18:50:11 UTC] Next install: parcel-0.18.15-0.aarch64.rpm 
[09/17 18:50:11 UTC] Installing: parcel-0.18.15-0.aarch64.rpm                       +++++++                          [ 304/1262]
[09/17 18:50:12 UTC] Next install: libwayland-extension-client-1.3.85-0.aarch64.rpm 
[09/17 18:50:12 UTC] Installing: libwayland-extension-client-1.3.85-0.aarch64.rpm   +++++++                          [ 305/1262]
[09/17 18:50:12 UTC] Next install: libcynara-uid-0.26.0-1.aarch64.rpm 
[09/17 18:50:12 UTC] Installing: libcynara-uid-0.26.0-1.aarch64.rpm                 +++++++                          [ 306/1262]
[09/17 18:50:12 UTC] Next install: libwayland-server-1.23.1-0.aarch64.rpm 
[09/17 18:50:12 UTC] Installing: libwayland-server-1.23.1-0.aarch64.rpm             +++++++                          [ 307/1262]
[09/17 18:50:12 UTC] Next install: libcynara-creds-commons-0.26.0-1.aarch64.rpm 
[09/17 18:50:12 UTC] Installing: libcynara-creds-commons-0.26.0-1.aarch64.rpm       +++++++                          [ 308/1262]
[09/17 18:50:12 UTC] Next install: manifest-parser-1.9.2-1.aarch64.rpm 
[09/17 18:50:12 UTC] Installing: manifest-parser-1.9.2-1.aarch64.rpm                +++++++                          [ 309/1262]
[09/17 18:50:13 UTC] Next install: coregl-0.4.0-0.aarch64.rpm 
[09/17 18:50:13 UTC] Installing: coregl-0.4.0-0.aarch64.rpm                         +++++++                          [ 310/1262]
[09/17 18:50:13 UTC] Next install: libcynara-uid-creds-0.26.0-1.aarch64.rpm 
[09/17 18:50:13 UTC] Installing: libcynara-uid-creds-0.26.0-1.aarch64.rpm           +++++++                          [ 311/1262]
[09/17 18:50:13 UTC] Next install: libcynara-creds-self-0.26.0-1.aarch64.rpm 
[09/17 18:50:13 UTC] Installing: libcynara-creds-self-0.26.0-1.aarch64.rpm          +++++++                          [ 312/1262]
[09/17 18:50:13 UTC] Next install: libcynara-creds-socket-0.26.0-1.aarch64.rpm 
[09/17 18:50:13 UTC] Installing: libcynara-creds-socket-0.26.0-1.aarch64.rpm        +++++++                          [ 313/1262]
[09/17 18:50:13 UTC] Next install: libcynara-creds-pid-0.26.0-1.aarch64.rpm 
[09/17 18:50:13 UTC] Installing: libcynara-creds-pid-0.26.0-1.aarch64.rpm           +++++++                          [ 314/1262]
[09/17 18:50:14 UTC] Next install: libwayland-extension-server-1.3.85-0.aarch64.rpm 
[09/17 18:50:14 UTC] Installing: libwayland-extension-server-1.3.85-0.aarch64.rpm   +++++++                          [ 315/1262]
[09/17 18:50:14 UTC] Next install: libwayland-egl-tizen-1.1.1-0.aarch64.rpm 
[09/17 18:50:14 UTC] Installing: libwayland-egl-tizen-1.1.1-0.aarch64.rpm           ++++++++                         [ 316/1262]
[09/17 18:50:14 UTC] Next install: openal-soft-1.17.2-19.aarch64.rpm 
[09/17 18:50:14 UTC] Installing: openal-soft-1.17.2-19.aarch64.rpm                  ++++++++                         [ 317/1262]
[09/17 18:50:14 UTC] Next install: libmm-common-0.2.130-0.aarch64.rpm 
[09/17 18:50:14 UTC] Installing: libmm-common-0.2.130-0.aarch64.rpm                 ++++++++                         [ 318/1262]
[09/17 18:50:14 UTC] Next install: libdns_sd-1556.80.2-0.aarch64.rpm 
[09/17 18:50:14 UTC] Installing: libdns_sd-1556.80.2-0.aarch64.rpm                  ++++++++                         [ 319/1262]
[09/17 18:50:14 UTC] Next install: mdnsresponder-1556.80.2-0.aarch64.rpm 
[09/17 18:50:14 UTC] Installing: mdnsresponder-1556.80.2-0.aarch64.rpm              ++++++++                         [ 320/1262]
[09/17 18:50:15 UTC] Next install: inference-engine-interface-common-0.5.2-0.aarch64.rpm 
[09/17 18:50:15 UTC] Installing: inference-engine-interface-common-0.5.2-0.aarch64. ++++++++                         [ 321/1262]
[09/17 18:50:15 UTC] Next install: capi-content-mime-type-0.1.9-1.aarch64.rpm 
[09/17 18:50:15 UTC] Installing: capi-content-mime-type-0.1.9-1.aarch64.rpm         ++++++++                         [ 322/1262]
[09/17 18:50:15 UTC] Next install: aul-server-0.85.3-1.aarch64.rpm 
[09/17 18:50:15 UTC] Installing: aul-server-0.85.3-1.aarch64.rpm                    ++++++++                         [ 323/1262]
[09/17 18:50:15 UTC] Next install: libwayland-cursor-1.23.1-0.aarch64.rpm 
[09/17 18:50:15 UTC] Installing: libwayland-cursor-1.23.1-0.aarch64.rpm             ++++++++                         [ 324/1262]
[09/17 18:50:15 UTC] Next install: training-engine-interface-common-0.3.2-0.aarch64.rpm 
[09/17 18:50:15 UTC] Installing: training-engine-interface-common-0.3.2-0.aarch64.r ++++++++                         [ 325/1262]
[09/17 18:50:15 UTC] Next install: nnstreamer-edge-0.2.8-1.aarch64.rpm 
[09/17 18:50:15 UTC] Installing: nnstreamer-edge-0.2.8-1.aarch64.rpm                ++++++++                         [ 326/1262]
[09/17 18:50:15 UTC] Next install: dfs-adaptation-1.0.10-1.aarch64.rpm 
[09/17 18:50:15 UTC] Installing: dfs-adaptation-1.0.10-1.aarch64.rpm                ++++++++                         [ 327/1262]
[09/17 18:50:15 UTC] Next install: building-blocks-sub2-domain_API-Content-MIME_Type-11.0.0-0.aarch64.rpm 
[09/17 18:50:15 UTC] Installing: building-blocks-sub2-domain_API-Content-MIME_Type- ++++++++                         [ 328/1262]
[09/17 18:50:15 UTC] Next install: tpk-manifest-handlers-1.15.0-1.aarch64.rpm 
[09/17 18:50:15 UTC] Installing: tpk-manifest-handlers-1.15.0-1.aarch64.rpm         ++++++++                         [ 329/1262]
[09/17 18:50:16 UTC] Next install: libcynara-agent-0.26.0-1.aarch64.rpm 
[09/17 18:50:16 UTC] Installing: libcynara-agent-0.26.0-1.aarch64.rpm               ++++++++                         [ 330/1262]
[09/17 18:50:16 UTC] Next install: wrtjs-1.1.1-1.aarch64.rpm 
[09/17 18:50:16 UTC] Installing: wrtjs-1.1.1-1.aarch64.rpm                          ++++++++                         [ 331/1262]
[09/17 18:50:16 UTC] Next install: vision-source-1.0.0-0.aarch64.rpm 
[09/17 18:50:16 UTC] Installing: vision-source-1.0.0-0.aarch64.rpm                  ++++++++                         [ 332/1262]
[09/17 18:50:16 UTC] Next install: lottie-player-0.2.5-1.aarch64.rpm 
[09/17 18:50:16 UTC] Installing: lottie-player-0.2.5-1.aarch64.rpm                  ++++++++                         [ 333/1262]
[09/17 18:50:16 UTC] Next install: libwebauthn-common-1.0.14-1.aarch64.rpm 
[09/17 18:50:16 UTC] Installing: libwebauthn-common-1.0.14-1.aarch64.rpm            ++++++++                         [ 334/1262]
[09/17 18:50:17 UTC] Next install: libmtp-1.1.11-16.aarch64.rpm 
[09/17 18:50:17 UTC] Installing: libmtp-1.1.11-16.aarch64.rpm                       ++++++++                         [ 335/1262]
[09/17 18:50:17 UTC] Next install: libkey-manager-common-0.1.91-1.aarch64.rpm 
[09/17 18:50:17 UTC] Installing: libkey-manager-common-0.1.91-1.aarch64.rpm         ++++++++                         [ 336/1262]
[09/17 18:50:17 UTC] Next install: libdbuspolicy-serializer-1.2.0-0.aarch64.rpm 
[09/17 18:50:17 UTC] Installing: libdbuspolicy-serializer-1.2.0-0.aarch64.rpm       ++++++++                         [ 337/1262]
[09/17 18:50:17 UTC] Next install: capi-base-utils-3.1.5-2.aarch64.rpm 
[09/17 18:50:17 UTC] Installing: capi-base-utils-3.1.5-2.aarch64.rpm                ++++++++                         [ 338/1262]
[09/17 18:50:17 UTC] Next install: Open3D-0.17-2.aarch64.rpm 
[09/17 18:50:17 UTC] Installing: Open3D-0.17-2.aarch64.rpm                          ++++++++                         [ 339/1262]
[09/17 18:50:18 UTC] Next install: app2sd-0.8.2-1.aarch64.rpm 
[09/17 18:50:18 UTC] Installing: app2sd-0.8.2-1.aarch64.rpm                         ++++++++                         [ 340/1262]
[09/17 18:50:18 UTC] Next install: building-blocks-sub2-domain_API-Base-Utils-11.0.0-0.aarch64.rpm 
[09/17 18:50:18 UTC] Installing: building-blocks-sub2-domain_API-Base-Utils-11.0.0- ++++++++                         [ 341/1262]
[09/17 18:50:18 UTC] Next install: building-blocks-sub2-domain_API-Multimedia-Media_Vision_Source-11.0.0-0.aarch64.rpm 
[09/17 18:50:18 UTC] Installing: building-blocks-sub2-domain_API-Multimedia-Media_V ++++++++                         [ 342/1262]
[09/17 18:50:18 UTC] Next install: building-blocks-sub2-domain_CSAPI-Content-MIME_Type-11.0.0-0.aarch64.rpm 
[09/17 18:50:18 UTC] Installing: building-blocks-sub2-domain_CSAPI-Content-MIME_Typ ++++++++                         [ 343/1262]
[09/17 18:50:18 UTC] Next install: freealut-1.1.0-5.aarch64.rpm 
[09/17 18:50:18 UTC] Installing: freealut-1.1.0-5.aarch64.rpm                       ++++++++                         [ 344/1262]
[09/17 18:50:18 UTC] Next install: alure-1.2-3.aarch64.rpm 
[09/17 18:50:18 UTC] Installing: alure-1.2-3.aarch64.rpm                            ++++++++                         [ 345/1262]
[09/17 18:50:19 UTC] Next install: libpulse-15.0-50.aarch64.rpm 
[09/17 18:50:19 UTC] Installing: libpulse-15.0-50.aarch64.rpm                       ++++++++                         [ 346/1262]
[09/17 18:50:19 UTC] Next install: libtracker-1.0.1-1.aarch64.rpm 
[09/17 18:50:19 UTC] Installing: libtracker-1.0.1-1.aarch64.rpm                     ++++++++                         [ 347/1262]
[09/17 18:50:19 UTC] Next install: libaudio-effect-0.0.26-0.aarch64.rpm 
[09/17 18:50:19 UTC] Installing: libaudio-effect-0.0.26-0.aarch64.rpm               ++++++++                         [ 348/1262]
[09/17 18:50:19 UTC] Next install: inference-engine-tflite-0.0.9-0.aarch64.rpm 
[09/17 18:50:19 UTC] Installing: inference-engine-tflite-0.0.9-0.aarch64.rpm        ++++++++                         [ 349/1262]
[09/17 18:50:20 UTC] Next install: dlogutil-9.0.2-1.aarch64.rpm 
[09/17 18:50:20 UTC] Installing: dlogutil-9.0.2-1.aarch64.rpm                       ++++++++                         [ 350/1262]
[09/17 18:50:20 UTC] Next install: inference-engine-opencv-0.0.2-7.aarch64.rpm 
[09/17 18:50:20 UTC] Installing: inference-engine-opencv-0.0.2-7.aarch64.rpm        ++++++++                         [ 351/1262]
[09/17 18:50:20 UTC] Next install: crossgen2-mic-8.0.11-0.noarch.rpm 
[09/17 18:50:20 UTC] Installing: crossgen2-mic-8.0.11-0.noarch.rpm                  ++++++++                         [ 352/1262]
[09/17 18:50:22 UTC] Next install: coreclr-dbgshim-8.0.547301-37.aarch64.rpm 
[09/17 18:50:22 UTC] Installing: coreclr-dbgshim-8.0.547301-37.aarch64.rpm          ++++++++                         [ 353/1262]
[09/17 18:50:22 UTC] Next install: coreclr-8.0.11-0.aarch64.rpm 
[09/17 18:50:22 UTC] Installing: coreclr-8.0.11-0.aarch64.rpm                       ++++++++                         [ 354/1262]
[09/17 18:50:22 UTC] Next install: mscorlib-8.0.11-0.aarch64.rpm 
[09/17 18:50:22 UTC] Installing: mscorlib-8.0.11-0.aarch64.rpm                      +++++++++                        [ 355/1262]
[09/17 18:50:23 UTC] Next install: corefx-native-8.0.11-0.aarch64.rpm 
[09/17 18:50:23 UTC] Installing: corefx-native-8.0.11-0.aarch64.rpm                 +++++++++                        [ 356/1262]
[09/17 18:50:23 UTC] Next install: corefx-managed-8.0.11-0.aarch64.rpm 
[09/17 18:50:23 UTC] Installing: corefx-managed-8.0.11-0.aarch64.rpm                +++++++++                        [ 357/1262]
[09/17 18:50:23 UTC] Next install: coreclr-diagnostics-8.0.547301-37.aarch64.rpm 
[09/17 18:50:23 UTC] Installing: coreclr-diagnostics-8.0.547301-37.aarch64.rpm      +++++++++                        [ 358/1262]
[09/17 18:50:23 UTC] Next install: connman-isu-1.42-4.aarch64.rpm 
[09/17 18:50:23 UTC] Installing: connman-isu-1.42-4.aarch64.rpm                     +++++++++                        [ 359/1262]
[09/17 18:50:23 UTC] Next install: building-blocks-sub2-domain_Feature-ISU-Network_Connman-11.0.0-0.aarch64.rpm 
[09/17 18:50:23 UTC] Installing: building-blocks-sub2-domain_Feature-ISU-Network_Co +++++++++                        [ 360/1262]
[09/17 18:50:23 UTC] Next install: capi-system-sensor-isu-0.2.5-1.aarch64.rpm 
[09/17 18:50:23 UTC] Installing: capi-system-sensor-isu-0.2.5-1.aarch64.rpm         +++++++++                        [ 361/1262]
[09/17 18:50:23 UTC] Next install: capi-system-resource-isu-1.0.0-0.aarch64.rpm 
[09/17 18:50:23 UTC] Installing: capi-system-resource-isu-1.0.0-0.aarch64.rpm       +++++++++                        [ 362/1262]
[09/17 18:50:23 UTC] Next install: capi-system-resource-1.0.0-0.aarch64.rpm 
[09/17 18:50:23 UTC] Installing: capi-system-resource-1.0.0-0.aarch64.rpm           +++++++++                        [ 363/1262]
[09/17 18:50:24 UTC] Next install: libcynara-client-0.26.0-1.aarch64.rpm 
[09/17 18:50:24 UTC] Installing: libcynara-client-0.26.0-1.aarch64.rpm              +++++++++                        [ 364/1262]
[09/17 18:50:24 UTC] Next install: libdbuspolicy-1.2.0-0.aarch64.rpm 
[09/17 18:50:24 UTC] Installing: libdbuspolicy-1.2.0-0.aarch64.rpm                  +++++++++                        [ 365/1262]
[09/17 18:50:24 UTC] Next install: libcynara-admin-0.26.0-1.aarch64.rpm 
[09/17 18:50:24 UTC] Installing: libcynara-admin-0.26.0-1.aarch64.rpm               +++++++++                        [ 366/1262]
[09/17 18:50:24 UTC] Next install: cyad-0.26.0-1.aarch64.rpm 
[09/17 18:50:24 UTC] Installing: cyad-0.26.0-1.aarch64.rpm                          +++++++++                        [ 367/1262]
[09/17 18:50:24 UTC] Next install: webauthn-1.0.14-1.aarch64.rpm 
[09/17 18:50:24 UTC] Installing: webauthn-1.0.14-1.aarch64.rpm                      +++++++++                        [ 368/1262]
[09/17 18:50:24 UTC] /var/tmp/rpm-tmp.tvuQe0: line 2: systemctl: command not found

[09/17 18:50:24 UTC] Next install: capi-system-resource-plugin-1.0.0-0.aarch64.rpm 
[09/17 18:50:24 UTC] Installing: capi-system-resource-plugin-1.0.0-0.aarch64.rpm    +++++++++                        [ 369/1262]
[09/17 18:50:24 UTC] Next install: capi-system-device-isu-0.1.0-0.aarch64.rpm 
[09/17 18:50:24 UTC] Installing: capi-system-device-isu-0.1.0-0.aarch64.rpm         +++++++++                        [ 370/1262]
[09/17 18:50:24 UTC] Next install: building-blocks-sub2-domain_CSAPI-System-Session-11.0.0-0.aarch64.rpm 
[09/17 18:50:24 UTC] Installing: building-blocks-sub2-domain_CSAPI-System-Session-1 +++++++++                        [ 371/1262]
[09/17 18:50:24 UTC] Next install: building-blocks-sub2-domain_CSAPI-Applications-Preference-11.0.0-0.aarch64.rpm 
[09/17 18:50:24 UTC] Installing: building-blocks-sub2-domain_CSAPI-Applications-Pre +++++++++                        [ 372/1262]
[09/17 18:50:24 UTC] Next install: building-blocks-sub2-Preset_boards-COMMON-Sensor-11.0.0-0.aarch64.rpm 
[09/17 18:50:24 UTC] Installing: building-blocks-sub2-Preset_boards-COMMON-Sensor-1 +++++++++                        [ 373/1262]
[09/17 18:50:24 UTC] Next install: amd-isu-1.82.3-1.aarch64.rpm 
[09/17 18:50:24 UTC] Installing: amd-isu-1.82.3-1.aarch64.rpm                       +++++++++                        [ 374/1262]
[09/17 18:50:24 UTC] Next install: building-blocks-sub2-domain_Feature-ISU-AppFramework_Amd-11.0.0-0.aarch64.rpm 
[09/17 18:50:24 UTC] Installing: building-blocks-sub2-domain_Feature-ISU-AppFramewo +++++++++                        [ 375/1262]
[09/17 18:50:24 UTC] Next install: activationd-plugin-0.1.1-0.aarch64.rpm 
[09/17 18:50:24 UTC] Installing: activationd-plugin-0.1.1-0.aarch64.rpm             +++++++++                        [ 376/1262]
[09/17 18:50:24 UTC] Next install: pcre2-syntax 
[09/17 18:50:24 UTC] Installing: pcre2-syntax                                       +++++++++                        [ 377/1262]
[09/17 18:50:24 UTC] Next install: pcre2 
[09/17 18:50:24 UTC] Installing: pcre2                                              +++++++++                        [ 378/1262]
[09/17 18:50:24 UTC] Next install: libglib-2.80.5-0.aarch64.rpm 
[09/17 18:50:24 UTC] Installing: libglib-2.80.5-0.aarch64.rpm                       +++++++++                        [ 379/1262]
[09/17 18:50:25 UTC] Next install: libgobject-2.80.5-0.aarch64.rpm 
[09/17 18:50:25 UTC] Installing: libgobject-2.80.5-0.aarch64.rpm                    +++++++++                        [ 380/1262]
[09/17 18:50:25 UTC] Next install: eina-1.25.1-0.aarch64.rpm 
[09/17 18:50:25 UTC] Installing: eina-1.25.1-0.aarch64.rpm                          +++++++++                        [ 381/1262]
[09/17 18:50:25 UTC] Next install: eo-1.25.1-0.aarch64.rpm 
[09/17 18:50:25 UTC] Installing: eo-1.25.1-0.aarch64.rpm                            +++++++++                        [ 382/1262]
[09/17 18:50:25 UTC] Next install: emile-1.25.1-0.aarch64.rpm 
[09/17 18:50:25 UTC] Installing: emile-1.25.1-0.aarch64.rpm                         +++++++++                        [ 383/1262]
[09/17 18:50:25 UTC] Next install: eet-1.25.1-0.aarch64.rpm 
[09/17 18:50:25 UTC] Installing: eet-1.25.1-0.aarch64.rpm                           +++++++++                        [ 384/1262]
[09/17 18:50:26 UTC] Next install: efl-1.25.1-0.aarch64.rpm 
[09/17 18:50:26 UTC] Installing: efl-1.25.1-0.aarch64.rpm                           +++++++++                        [ 385/1262]
[09/17 18:50:26 UTC] Next install: ecore-core-1.25.1-0.aarch64.rpm 
[09/17 18:50:26 UTC] Installing: ecore-core-1.25.1-0.aarch64.rpm                    +++++++++                        [ 386/1262]
[09/17 18:50:26 UTC] Next install: ecore-con-1.25.1-0.aarch64.rpm 
[09/17 18:50:26 UTC] Installing: ecore-con-1.25.1-0.aarch64.rpm                     +++++++++                        [ 387/1262]
[09/17 18:50:26 UTC] Next install: tizen-core-0.4.2-0.aarch64.rpm 
[09/17 18:50:26 UTC] Installing: tizen-core-0.4.2-0.aarch64.rpm                     +++++++++                        [ 388/1262]
[09/17 18:50:26 UTC] Next install: systemd-244-0.aarch64.rpm 
[09/17 18:50:27 UTC] Installing: systemd-244-0.aarch64.rpm                          +++++++++                        [ 389/1262]
[09/17 18:50:28 UTC] Next install: libgmodule-2.80.5-0.aarch64.rpm 
[09/17 18:50:28 UTC] Installing: libgmodule-2.80.5-0.aarch64.rpm                    +++++++++                        [ 390/1262]
[09/17 18:50:28 UTC] Next install: ecore-file-1.25.1-0.aarch64.rpm 
[09/17 18:50:28 UTC] Installing: ecore-file-1.25.1-0.aarch64.rpm                    +++++++++                        [ 391/1262]
[09/17 18:50:28 UTC] Next install: eldbus-1.25.1-0.aarch64.rpm 
[09/17 18:50:28 UTC] Installing: eldbus-1.25.1-0.aarch64.rpm                        +++++++++                        [ 392/1262]
[09/17 18:50:28 UTC] Next install: libmm-display-interface-1.1.2-1.aarch64.rpm 
[09/17 18:50:28 UTC] Installing: libmm-display-interface-1.1.2-1.aarch64.rpm        +++++++++                        [ 393/1262]
[09/17 18:50:28 UTC] Next install: ecore-imf-1.25.1-0.aarch64.rpm 
[09/17 18:50:28 UTC] Installing: ecore-imf-1.25.1-0.aarch64.rpm                     +++++++++                        [ 394/1262]
[09/17 18:50:28 UTC] Next install: libatspi0-2.44.1-1.aarch64.rpm 
[09/17 18:50:28 UTC] Installing: libatspi0-2.44.1-1.aarch64.rpm                     ++++++++++                       [ 395/1262]
[09/17 18:50:29 UTC] Next install: libharfbuzz-8.2.2-0.aarch64.rpm 
[09/17 18:50:29 UTC] Installing: libharfbuzz-8.2.2-0.aarch64.rpm                    ++++++++++                       [ 396/1262]
[09/17 18:50:29 UTC] Next install: system-plugin-0.1-1.aarch64.rpm 
[09/17 18:50:29 UTC] Installing: system-plugin-0.1-1.aarch64.rpm                    ++++++++++                       [ 397/1262]
[09/17 18:50:29 UTC] Running in chroot, ignoring request: daemon-reload

[09/17 18:50:29 UTC] Next install: cynara-0.26.0-1.aarch64.rpm 
[09/17 18:50:29 UTC] Installing: cynara-0.26.0-1.aarch64.rpm                        ++++++++++                       [ 398/1262]
[09/17 18:50:29 UTC] Running in chroot, ignoring request: daemon-reload
Running in chroot, ignoring request: restart

[09/17 18:50:29 UTC] Next install: ecore-ipc-1.25.1-0.aarch64.rpm 
[09/17 18:50:29 UTC] Installing: ecore-ipc-1.25.1-0.aarch64.rpm                     ++++++++++                       [ 399/1262]
[09/17 18:50:29 UTC] Next install: efreet-1.25.1-0.aarch64.rpm 
[09/17 18:50:29 UTC] Installing: efreet-1.25.1-0.aarch64.rpm                        ++++++++++                       [ 400/1262]
[09/17 18:50:29 UTC] Next install: eio-1.25.1-0.aarch64.rpm 
[09/17 18:50:29 UTC] Installing: eio-1.25.1-0.aarch64.rpm                           ++++++++++                       [ 401/1262]
[09/17 18:50:30 UTC] Next install: edbus-1.7.9-0.aarch64.rpm 
[09/17 18:50:30 UTC] Installing: edbus-1.7.9-0.aarch64.rpm                          ++++++++++                       [ 402/1262]
[09/17 18:50:30 UTC] Next install: argos_watchdog-0.0.3-0.aarch64.rpm 
[09/17 18:50:30 UTC] Installing: argos_watchdog-0.0.3-0.aarch64.rpm                 ++++++++++                       [ 403/1262]
[09/17 18:50:30 UTC] Next install: eeze-1.25.1-0.aarch64.rpm 
[09/17 18:50:30 UTC] Installing: eeze-1.25.1-0.aarch64.rpm                          ++++++++++                       [ 404/1262]
[09/17 18:50:30 UTC] Next install: ecore-input-1.25.1-0.aarch64.rpm 
[09/17 18:50:30 UTC] Installing: ecore-input-1.25.1-0.aarch64.rpm                   ++++++++++                       [ 405/1262]
[09/17 18:50:30 UTC] Next install: ector-1.25.1-0.aarch64.rpm 
[09/17 18:50:30 UTC] Installing: ector-1.25.1-0.aarch64.rpm                         ++++++++++                       [ 406/1262]
[09/17 18:50:30 UTC] Next install: shared-mime-info-1.7-0.aarch64.rpm 
[09/17 18:50:30 UTC] Installing: shared-mime-info-1.7-0.aarch64.rpm                 ++++++++++                       [ 407/1262]
[09/17 18:50:36 UTC] Next install: gio-branding-upstream-2.80.5-0.noarch.rpm 
[09/17 18:50:36 UTC] Installing: gio-branding-upstream-2.80.5-0.noarch.rpm          ++++++++++                       [ 408/1262]
[09/17 18:50:36 UTC] Next install: libgio-2.80.5-0.aarch64.rpm 
[09/17 18:50:36 UTC] Installing: libgio-2.80.5-0.aarch64.rpm                        ++++++++++                       [ 409/1262]
[09/17 18:50:37 UTC] Next install: gstreamer-1.24.11-41.aarch64.rpm 
[09/17 18:50:37 UTC] Installing: gstreamer-1.24.11-41.aarch64.rpm                   ++++++++++                       [ 410/1262]
[09/17 18:50:37 UTC] Next install: libjson-glib-1.8.0-0.aarch64.rpm 
[09/17 18:50:37 UTC] Installing: libjson-glib-1.8.0-0.aarch64.rpm                   ++++++++++                       [ 411/1262]
[09/17 18:50:37 UTC] Next install: bundle-0.18.15-0.aarch64.rpm 
[09/17 18:50:37 UTC] Installing: bundle-0.18.15-0.aarch64.rpm                       ++++++++++                       [ 412/1262]
[09/17 18:50:37 UTC] Next install: libsyscommon-5.0.0-0.aarch64.rpm 
[09/17 18:50:37 UTC] Installing: libsyscommon-5.0.0-0.aarch64.rpm                   ++++++++++                       [ 413/1262]
[09/17 18:50:38 UTC] Next install: context-common-4.0.3-1.aarch64.rpm 
[09/17 18:50:38 UTC] Installing: context-common-4.0.3-1.aarch64.rpm                 ++++++++++                       [ 414/1262]
[09/17 18:50:38 UTC] Next install: libsessiond-11.0.0-1.aarch64.rpm 
[09/17 18:50:38 UTC] Installing: libsessiond-11.0.0-1.aarch64.rpm                   ++++++++++                       [ 415/1262]
[09/17 18:50:38 UTC] Next install: libcynara-creds-gdbus-0.26.0-1.aarch64.rpm 
[09/17 18:50:38 UTC] Installing: libcynara-creds-gdbus-0.26.0-1.aarch64.rpm         ++++++++++                       [ 416/1262]
[09/17 18:50:38 UTC] Next install: dumpsys-2.0.16-1.aarch64.rpm 
[09/17 18:50:38 UTC] Installing: dumpsys-2.0.16-1.aarch64.rpm                       ++++++++++                       [ 417/1262]
[09/17 18:50:38 UTC] Next install: libactd-0.2.2-0.aarch64.rpm 
[09/17 18:50:38 UTC] Installing: libactd-0.2.2-0.aarch64.rpm                        ++++++++++                       [ 418/1262]
[09/17 18:50:38 UTC] Next install: libdumpsys-system-2.0.16-1.aarch64.rpm 
[09/17 18:50:38 UTC] Installing: libdumpsys-system-2.0.16-1.aarch64.rpm             ++++++++++                       [ 419/1262]
[09/17 18:50:38 UTC] Next install: klay-0.0.2-0.aarch64.rpm 
[09/17 18:50:38 UTC] Installing: klay-0.0.2-0.aarch64.rpm                           ++++++++++                       [ 420/1262]
[09/17 18:50:38 UTC] Next install: libgio-extension-kdbus-2.80.5-0.aarch64.rpm 
[09/17 18:50:38 UTC] Installing: libgio-extension-kdbus-2.80.5-0.aarch64.rpm        ++++++++++                       [ 421/1262]
[09/17 18:50:39 UTC] Next install: pims-ipc-0.1.23-1.aarch64.rpm 
[09/17 18:50:39 UTC] Installing: pims-ipc-0.1.23-1.aarch64.rpm                      ++++++++++                       [ 422/1262]
[09/17 18:50:39 UTC] Next install: libglib-extension-kdbus-2.80.5-0.aarch64.rpm 
[09/17 18:50:39 UTC] Installing: libglib-extension-kdbus-2.80.5-0.aarch64.rpm       ++++++++++                       [ 423/1262]
[09/17 18:50:39 UTC] Next install: crash-worker-dumpsystemstate-service-10.0.1-1.aarch64.rpm 
[09/17 18:50:39 UTC] Installing: crash-worker-dumpsystemstate-service-10.0.1-1.aarc ++++++++++                       [ 424/1262]
[09/17 18:50:39 UTC] Next install: gstreamer-utils-1.24.11-41.aarch64.rpm 
[09/17 18:50:39 UTC] Installing: gstreamer-utils-1.24.11-41.aarch64.rpm             ++++++++++                       [ 425/1262]
[09/17 18:50:39 UTC] Next install: nan-manager-0.2.2-1.aarch64.rpm 
[09/17 18:50:39 UTC] Installing: nan-manager-0.2.2-1.aarch64.rpm                    ++++++++++                       [ 426/1262]
[09/17 18:50:39 UTC] warning: user network_fw does not exist - using root
warning: group network_fw does not exist - using root

[09/17 18:50:39 UTC] Next install: libnice-0.1.22-2.aarch64.rpm 
[09/17 18:50:39 UTC] Installing: libnice-0.1.22-2.aarch64.rpm                       ++++++++++                       [ 427/1262]
[09/17 18:50:39 UTC] Next install: libnet-client-1.2.10-0.aarch64.rpm 
[09/17 18:50:39 UTC] Installing: libnet-client-1.2.10-0.aarch64.rpm                 ++++++++++                       [ 428/1262]
[09/17 18:50:39 UTC] Next install: context-agent-4.0.3-1.aarch64.rpm 
[09/17 18:50:39 UTC] Installing: context-agent-4.0.3-1.aarch64.rpm                  ++++++++++                       [ 429/1262]
[09/17 18:50:39 UTC] Next install: capi-network-vpn-setting-0.1.5-1.aarch64.rpm 
[09/17 18:50:39 UTC] Installing: capi-network-vpn-setting-0.1.5-1.aarch64.rpm       ++++++++++                       [ 430/1262]
[09/17 18:50:40 UTC] Next install: e-mod-tizen-processmgr-0.2.31-1.aarch64.rpm 
[09/17 18:50:40 UTC] Installing: e-mod-tizen-processmgr-0.2.31-1.aarch64.rpm        ++++++++++                       [ 431/1262]
[09/17 18:50:40 UTC] Next install: security-license-manager-2.5.4-0.aarch64.rpm 
[09/17 18:50:40 UTC] Installing: security-license-manager-2.5.4-0.aarch64.rpm       ++++++++++                       [ 432/1262]
[09/17 18:50:40 UTC] Running in chroot, ignoring request: daemon-reload
Running in chroot, ignoring request: start

[09/17 18:50:40 UTC] Next install: dbus-tools-0.1-1.noarch.rpm 
[09/17 18:50:40 UTC] Installing: dbus-tools-0.1-1.noarch.rpm                        ++++++++++                       [ 433/1262]
[09/17 18:50:40 UTC] Next install: system-plugin-feature-session-bind-0.1-1.aarch64.rpm 
[09/17 18:50:40 UTC] Installing: system-plugin-feature-session-bind-0.1-1.aarch64.r +++++++++++                      [ 434/1262]
[09/17 18:50:40 UTC] Next install: system-plugin-feature-namespace-0.1-1.noarch.rpm 
[09/17 18:50:40 UTC] Installing: system-plugin-feature-namespace-0.1-1.noarch.rpm   +++++++++++                      [ 435/1262]
[09/17 18:50:40 UTC] Next install: system-plugin-config-3parts-0.1-1.noarch.rpm 
[09/17 18:50:40 UTC] Installing: system-plugin-config-3parts-0.1-1.noarch.rpm       +++++++++++                      [ 436/1262]
[09/17 18:50:40 UTC] Next install: building-blocks-sub1-Preset_partition 
[09/17 18:50:40 UTC] Installing: building-blocks-sub1-Preset_partition              +++++++++++                      [ 437/1262]
[09/17 18:50:40 UTC] Next install: building-blocks-sub2-domain_API-UI-HarfBuzz-11.0.0-0.aarch64.rpm 
[09/17 18:50:40 UTC] Installing: building-blocks-sub2-domain_API-UI-HarfBuzz-11.0.0 +++++++++++                      [ 438/1262]
[09/17 18:50:40 UTC] Next install: girepository-1.80-0.aarch64.rpm 
[09/17 18:50:40 UTC] Installing: girepository-1.80-0.aarch64.rpm                    +++++++++++                      [ 439/1262]
[09/17 18:50:40 UTC] Next install: libgirepository-1.80-0.aarch64.rpm 
[09/17 18:50:40 UTC] Installing: libgirepository-1.80-0.aarch64.rpm                 +++++++++++                      [ 440/1262]
[09/17 18:50:40 UTC] Next install: libatk-2.36.0-0.aarch64.rpm 
[09/17 18:50:40 UTC] Installing: libatk-2.36.0-0.aarch64.rpm                        +++++++++++                      [ 441/1262]
[09/17 18:50:41 UTC] Next install: libatk-bridge-2_0 
[09/17 18:50:41 UTC] Installing: libatk-bridge-2_0                                  +++++++++++                      [ 442/1262]
[09/17 18:50:41 UTC] Next install: systemd-extension-kdbus-244-0.aarch64.rpm 
[09/17 18:50:41 UTC] Installing: systemd-extension-kdbus-244-0.aarch64.rpm          +++++++++++                      [ 443/1262]
[09/17 18:50:41 UTC] Next install: cbhm-2.0.10-1.aarch64.rpm 
[09/17 18:50:41 UTC] Installing: cbhm-2.0.10-1.aarch64.rpm                          +++++++++++                      [ 444/1262]
[09/17 18:50:41 UTC] Running in chroot, ignoring request: daemon-reload
Running in chroot, ignoring request: restart

[09/17 18:50:41 UTC] Next install: building-blocks-sub2-domain_API-UI-EFL_MainLoop-11.0.0-0.aarch64.rpm 
[09/17 18:50:41 UTC] Installing: building-blocks-sub2-domain_API-UI-EFL_MainLoop-11 +++++++++++                      [ 445/1262]
[09/17 18:50:41 UTC] Next install: ecore-audio-1.25.1-0.aarch64.rpm 
[09/17 18:50:41 UTC] Installing: ecore-audio-1.25.1-0.aarch64.rpm                   +++++++++++                      [ 446/1262]
[09/17 18:50:41 UTC] Next install: embryo-1.25.1-0.aarch64.rpm 
[09/17 18:50:41 UTC] Installing: embryo-1.25.1-0.aarch64.rpm                        +++++++++++                      [ 447/1262]
[09/17 18:50:41 UTC] Next install: libgthread-2.80.5-0.aarch64.rpm 
[09/17 18:50:41 UTC] Installing: libgthread-2.80.5-0.aarch64.rpm                    +++++++++++                      [ 448/1262]
[09/17 18:50:41 UTC] Next install: obexd-5.79-1.aarch64.rpm 
[09/17 18:50:41 UTC] Installing: obexd-5.79-1.aarch64.rpm                           +++++++++++                      [ 449/1262]
[09/17 18:50:41 UTC] Next install: libsyscommon-plugin-api-update-control-0.1.0-0.aarch64.rpm 
[09/17 18:50:41 UTC] Installing: libsyscommon-plugin-api-update-control-0.1.0-0.aar +++++++++++                      [ 450/1262]
[09/17 18:50:42 UTC] Next install: libsyscommon-plugin-api-sessiond-0.1.0-0.aarch64.rpm 
[09/17 18:50:42 UTC] Installing: libsyscommon-plugin-api-sessiond-0.1.0-0.aarch64.r +++++++++++                      [ 451/1262]
[09/17 18:50:42 UTC] Next install: libsyscommon-plugin-api-resourced-0.1.0-0.aarch64.rpm 
[09/17 18:50:42 UTC] Installing: libsyscommon-plugin-api-resourced-0.1.0-0.aarch64. +++++++++++                      [ 452/1262]
[09/17 18:50:42 UTC] Next install: libsyscommon-plugin-api-deviced-0.1.0-0.aarch64.rpm 
[09/17 18:50:42 UTC] Installing: libsyscommon-plugin-api-deviced-0.1.0-0.aarch64.rp +++++++++++                      [ 453/1262]
[09/17 18:50:42 UTC] Next install: libheif-0.1.1-0.aarch64.rpm 
[09/17 18:50:42 UTC] Installing: libheif-0.1.1-0.aarch64.rpm                        +++++++++++                      [ 454/1262]
[09/17 18:50:42 UTC] Next install: capi-media-sound-pool-0.0.28-0.aarch64.rpm 
[09/17 18:50:42 UTC] Installing: capi-media-sound-pool-0.0.28-0.aarch64.rpm         +++++++++++                      [ 455/1262]
[09/17 18:50:42 UTC] Next install: e-mod-tizen-gesture-0.3.12-1.aarch64.rpm 
[09/17 18:50:42 UTC] Installing: e-mod-tizen-gesture-0.3.12-1.aarch64.rpm           +++++++++++                      [ 456/1262]
[09/17 18:50:42 UTC] Next install: libmagic-data 
[09/17 18:50:42 UTC] Installing: libmagic-data                                      +++++++++++                      [ 457/1262]
[09/17 18:50:42 UTC] Next install: libmagic 
[09/17 18:50:42 UTC] Installing: libmagic                                           +++++++++++                      [ 458/1262]
[09/17 18:50:42 UTC] Next install: security-config-1.0-1.aarch64.rpm 
[09/17 18:50:42 UTC] Installing: security-config-1.0-1.aarch64.rpm                  +++++++++++                      [ 459/1262]
[09/17 18:50:52 UTC] groupadd: group 'dbus' already exists
groupadd: group 'priv_appdebugging' already exists
/bin/rm: cannot remove `/opt/share/security-config/test': No such file or directory

[09/17 18:50:52 UTC] Next install: capi-system-info-0.5.2-1.aarch64.rpm 
[09/17 18:50:52 UTC] Installing: capi-system-info-0.5.2-1.aarch64.rpm               +++++++++++                      [ 460/1262]
[09/17 18:50:52 UTC] Next install: dbus-1.12.20-3.aarch64.rpm 
[09/17 18:50:52 UTC] Installing: dbus-1.12.20-3.aarch64.rpm                         +++++++++++                      [ 461/1262]
[09/17 18:50:53 UTC] Next install: fontconfig-2.14.2-1.aarch64.rpm 
[09/17 18:50:53 UTC] Installing: fontconfig-2.14.2-1.aarch64.rpm                    +++++++++++                      [ 462/1262]
[09/17 18:50:54 UTC] Next install: buxton2-1.9.14-0.aarch64.rpm 
[09/17 18:50:54 UTC] Installing: buxton2-1.9.14-0.aarch64.rpm                       +++++++++++                      [ 463/1262]
[09/17 18:50:54 UTC] Next install: vconf-compat-1.9.14-0.aarch64.rpm 
[09/17 18:50:54 UTC] Installing: vconf-compat-1.9.14-0.aarch64.rpm                  +++++++++++                      [ 464/1262]
[09/17 18:50:54 UTC] Next install: pkgmgr-info-parser-0.37.5-1.aarch64.rpm 
[09/17 18:50:54 UTC] Installing: pkgmgr-info-parser-0.37.5-1.aarch64.rpm            +++++++++++                      [ 465/1262]
[09/17 18:50:54 UTC] Next install: pkgmgr-info-0.37.5-1.aarch64.rpm 
[09/17 18:50:54 UTC] Installing: pkgmgr-info-0.37.5-1.aarch64.rpm                   +++++++++++                      [ 466/1262]
[09/17 18:50:55 UTC] Next install: libstorage-1.0.0-0.aarch64.rpm 
[09/17 18:50:55 UTC] Installing: libstorage-1.0.0-0.aarch64.rpm                     +++++++++++                      [ 467/1262]
[09/17 18:50:55 UTC] Next install: aul-0.85.3-1.aarch64.rpm 
[09/17 18:50:55 UTC] Installing: aul-0.85.3-1.aarch64.rpm                           +++++++++++                      [ 468/1262]
[09/17 18:50:55 UTC] Next install: rpc-port-1.21.17-0.aarch64.rpm 
[09/17 18:50:55 UTC] Installing: rpc-port-1.21.17-0.aarch64.rpm                     +++++++++++                      [ 469/1262]
[09/17 18:50:56 UTC] Next install: hal-api-common-2.0.0-2.aarch64.rpm 
[09/17 18:50:56 UTC] Installing: hal-api-common-2.0.0-2.aarch64.rpm                 +++++++++++                      [ 470/1262]
[09/17 18:50:56 UTC] Next install: capi-network-wifi-manager-1.3.24-0.aarch64.rpm 
[09/17 18:50:56 UTC] Installing: capi-network-wifi-manager-1.3.24-0.aarch64.rpm     +++++++++++                      [ 471/1262]
[09/17 18:50:56 UTC] Next install: capi-network-connection-1.0.126-0.aarch64.rpm 
[09/17 18:50:56 UTC] Installing: capi-network-connection-1.0.126-0.aarch64.rpm      +++++++++++                      [ 472/1262]
[09/17 18:50:56 UTC] Next install: app-svc-0.1.57-0.aarch64.rpm 
[09/17 18:50:56 UTC] Installing: app-svc-0.1.57-0.aarch64.rpm                       +++++++++++                      [ 473/1262]
[09/17 18:50:56 UTC] Next install: libslp-db-util-0.1.2-0.aarch64.rpm 
[09/17 18:50:56 UTC] Installing: libslp-db-util-0.1.2-0.aarch64.rpm                 ++++++++++++                     [ 474/1262]
[09/17 18:50:57 UTC] Next install: message-port-1.5.1-0.aarch64.rpm 
[09/17 18:50:57 UTC] Installing: message-port-1.5.1-0.aarch64.rpm                   ++++++++++++                     [ 475/1262]
[09/17 18:50:57 UTC] Next install: libtapi-0.9.0-2.aarch64.rpm 
[09/17 18:50:57 UTC] Installing: libtapi-0.9.0-2.aarch64.rpm                        ++++++++++++                     [ 476/1262]
[09/17 18:50:57 UTC] Next install: bluetooth-frwk-0.10.0-1.aarch64.rpm 
[09/17 18:50:57 UTC] Installing: bluetooth-frwk-0.10.0-1.aarch64.rpm                ++++++++++++                     [ 477/1262]
[09/17 18:50:57 UTC] Next install: capi-network-bluetooth-0.10.0-2.aarch64.rpm 
[09/17 18:50:57 UTC] Installing: capi-network-bluetooth-0.10.0-2.aarch64.rpm        ++++++++++++                     [ 478/1262]
[09/17 18:50:57 UTC] Next install: connman-1.42-4.aarch64.rpm 
[09/17 18:50:57 UTC] Installing: connman-1.42-4.aarch64.rpm                         ++++++++++++                     [ 479/1262]
[09/17 18:50:57 UTC] Next install: diagnostics-1.2.0-1.aarch64.rpm 
[09/17 18:50:57 UTC] Installing: diagnostics-1.2.0-1.aarch64.rpm                    ++++++++++++                     [ 480/1262]
[09/17 18:50:58 UTC] Next install: pkgmgr-0.23.4-0.aarch64.rpm 
[09/17 18:50:58 UTC] Installing: pkgmgr-0.23.4-0.aarch64.rpm                        ++++++++++++                     [ 481/1262]
[09/17 18:50:58 UTC] Next install: pkgmgr-client-0.23.4-0.aarch64.rpm 
[09/17 18:50:58 UTC] Installing: pkgmgr-client-0.23.4-0.aarch64.rpm                 ++++++++++++                     [ 482/1262]
[09/17 18:50:58 UTC] Next install: capi-appfw-app-manager-0.18.0-1.aarch64.rpm 
[09/17 18:50:58 UTC] Installing: capi-appfw-app-manager-0.18.0-1.aarch64.rpm        ++++++++++++                     [ 483/1262]
[09/17 18:50:59 UTC] Next install: pkgmgr-installer-0.23.4-0.aarch64.rpm 
[09/17 18:50:59 UTC] Installing: pkgmgr-installer-0.23.4-0.aarch64.rpm              ++++++++++++                     [ 484/1262]
[09/17 18:50:59 UTC] Next install: capi-appfw-package-manager-0.15.3-1.aarch64.rpm 
[09/17 18:50:59 UTC] Installing: capi-appfw-package-manager-0.15.3-1.aarch64.rpm    ++++++++++++                     [ 485/1262]
[09/17 18:50:59 UTC] Next install: eventsystem-0.1.58-1.aarch64.rpm 
[09/17 18:50:59 UTC] Installing: eventsystem-0.1.58-1.aarch64.rpm                   ++++++++++++                     [ 486/1262]
[09/17 18:50:59 UTC] Next install: security-privilege-manager-1.4.3-0.aarch64.rpm 
[09/17 18:50:59 UTC] Installing: security-privilege-manager-1.4.3-0.aarch64.rpm     ++++++++++++                     [ 487/1262]
[09/17 18:51:00 UTC] Next install: libmm-sound-0.20.1-0.aarch64.rpm 
[09/17 18:51:00 UTC] Installing: libmm-sound-0.20.1-0.aarch64.rpm                   ++++++++++++                     [ 488/1262]
[09/17 18:51:00 UTC] Next install: capi-media-sound-manager-0.9.1-0.aarch64.rpm 
[09/17 18:51:00 UTC] Installing: capi-media-sound-manager-0.9.1-0.aarch64.rpm       ++++++++++++                     [ 489/1262]
[09/17 18:51:00 UTC] Next install: capi-media-wav-player-tools-0.9.0-0.aarch64.rpm 
[09/17 18:51:00 UTC] Installing: capi-media-wav-player-tools-0.9.0-0.aarch64.rpm    ++++++++++++                     [ 490/1262]
[09/17 18:51:00 UTC] Next install: capi-media-wav-player-0.9.0-0.aarch64.rpm 
[09/17 18:51:00 UTC] Installing: capi-media-wav-player-0.9.0-0.aarch64.rpm          ++++++++++++                     [ 491/1262]
[09/17 18:51:01 UTC] Next install: libfeedback-0.2.0-1.aarch64.rpm 
[09/17 18:51:01 UTC] Installing: libfeedback-0.2.0-1.aarch64.rpm                    ++++++++++++                     [ 492/1262]
[09/17 18:51:01 UTC] Next install: hal-api-wifi-0.0.1-2.aarch64.rpm 
[09/17 18:51:01 UTC] Installing: hal-api-wifi-0.0.1-2.aarch64.rpm                   ++++++++++++                     [ 493/1262]
[09/17 18:51:01 UTC] Next install: hal-api-camera-1.2.0-1.aarch64.rpm 
[09/17 18:51:01 UTC] Installing: hal-api-camera-1.2.0-1.aarch64.rpm                 ++++++++++++                     [ 494/1262]
[09/17 18:51:01 UTC] Next install: hal-api-bluetooth-0.0.1-1.aarch64.rpm 
[09/17 18:51:01 UTC] Installing: hal-api-bluetooth-0.0.1-1.aarch64.rpm              ++++++++++++                     [ 495/1262]
[09/17 18:51:02 UTC] Next install: united-service-1.3.2-0.aarch64.rpm 
[09/17 18:51:02 UTC] Installing: united-service-1.3.2-0.aarch64.rpm                 ++++++++++++                     [ 496/1262]
[09/17 18:51:02 UTC] Next install: libmm-fileinfo-1.1.5-0.aarch64.rpm 
[09/17 18:51:02 UTC] Installing: libmm-fileinfo-1.1.5-0.aarch64.rpm                 ++++++++++++                     [ 497/1262]
[09/17 18:51:02 UTC] Next install: resource-information-0.1-3.aarch64.rpm 
[09/17 18:51:02 UTC] Installing: resource-information-0.1-3.aarch64.rpm             ++++++++++++                     [ 498/1262]
[09/17 18:51:02 UTC] Next install: resource-manager-0.1-7.aarch64.rpm 
[09/17 18:51:02 UTC] Installing: resource-manager-0.1-7.aarch64.rpm                 ++++++++++++                     [ 499/1262]
[09/17 18:51:02 UTC] Next install: resource-center-api-0.1-1.aarch64.rpm 
[09/17 18:51:02 UTC] Installing: resource-center-api-0.1-1.aarch64.rpm              ++++++++++++                     [ 500/1262]
[09/17 18:51:02 UTC] Next install: rpm 
[09/17 18:51:02 UTC] Installing: rpm                                                ++++++++++++                     [ 501/1262]
[09/17 18:51:03 UTC] Next install: capi-media-metadata-extractor-0.2.4-0.aarch64.rpm 
[09/17 18:51:03 UTC] Installing: capi-media-metadata-extractor-0.2.4-0.aarch64.rpm  ++++++++++++                     [ 502/1262]
[09/17 18:51:03 UTC] Next install: libsecurity-manager-client-2.5.4-0.aarch64.rpm 
[09/17 18:51:03 UTC] Installing: libsecurity-manager-client-2.5.4-0.aarch64.rpm     ++++++++++++                     [ 503/1262]
[09/17 18:51:03 UTC] Next install: security-manager-2.5.4-0.aarch64.rpm 
[09/17 18:51:03 UTC] Installing: security-manager-2.5.4-0.aarch64.rpm               ++++++++++++                     [ 504/1262]
[09/17 18:51:04 UTC] Running in chroot, ignoring request: daemon-reload
Running in chroot, ignoring request: start

[09/17 18:51:04 UTC] Next install: security-manager-policy-2.5.4-0.aarch64.rpm 
[09/17 18:51:04 UTC] Installing: security-manager-policy-2.5.4-0.aarch64.rpm        ++++++++++++                     [ 505/1262]
[09/17 18:51:11 UTC] Running in chroot, ignoring request: stop
Running in chroot, ignoring request: start
Running in chroot, ignoring request: start

[09/17 18:51:11 UTC] Next install: hal-api-tdm-1.0-1.aarch64.rpm 
[09/17 18:51:11 UTC] Installing: hal-api-tdm-1.0-1.aarch64.rpm                      ++++++++++++                     [ 506/1262]
[09/17 18:51:11 UTC] Next install: hal-api-tbm-1.1-1.aarch64.rpm 
[09/17 18:51:11 UTC] Installing: hal-api-tbm-1.1-1.aarch64.rpm                      ++++++++++++                     [ 507/1262]
[09/17 18:51:11 UTC] Next install: libtbm-4.8.7-1.aarch64.rpm 
[09/17 18:51:12 UTC] Installing: libtbm-4.8.7-1.aarch64.rpm                         ++++++++++++                     [ 508/1262]
[09/17 18:51:12 UTC] Next install: gst-plugins-base-1.24.11-41.aarch64.rpm 
[09/17 18:51:12 UTC] Installing: gst-plugins-base-1.24.11-41.aarch64.rpm            ++++++++++++                     [ 509/1262]
[09/17 18:51:12 UTC] Next install: capi-media-tool-1.2.3-0.aarch64.rpm 
[09/17 18:51:12 UTC] Installing: capi-media-tool-1.2.3-0.aarch64.rpm                ++++++++++++                     [ 510/1262]
[09/17 18:51:12 UTC] Next install: gst-plugins-bad-1.24.11-41.aarch64.rpm 
[09/17 18:51:12 UTC] Installing: gst-plugins-bad-1.24.11-41.aarch64.rpm             ++++++++++++                     [ 511/1262]
[09/17 18:51:12 UTC] Next install: building-blocks-sub2-domain_API-UI-TBM_Surface-11.0.0-0.aarch64.rpm 
[09/17 18:51:12 UTC] Installing: building-blocks-sub2-domain_API-UI-TBM_Surface-11. ++++++++++++                     [ 512/1262]
[09/17 18:51:12 UTC] Next install: capi-media-vision-common-1.0.17-0.aarch64.rpm 
[09/17 18:51:12 UTC] Installing: capi-media-vision-common-1.0.17-0.aarch64.rpm      +++++++++++++                    [ 513/1262]
[09/17 18:51:12 UTC] Next install: gst-libav-1.24.11-41.aarch64.rpm 
[09/17 18:51:12 UTC] Installing: gst-libav-1.24.11-41.aarch64.rpm                   +++++++++++++                    [ 514/1262]
[09/17 18:51:12 UTC] Next install: libwayland-tbm-client-0.9.0-0.aarch64.rpm 
[09/17 18:51:12 UTC] Installing: libwayland-tbm-client-0.9.0-0.aarch64.rpm          +++++++++++++                    [ 515/1262]
[09/17 18:51:13 UTC] Next install: ecore-wl2-1.25.1-0.aarch64.rpm 
[09/17 18:51:13 UTC] Installing: ecore-wl2-1.25.1-0.aarch64.rpm                     +++++++++++++                    [ 516/1262]
[09/17 18:51:13 UTC] Next install: tizen-core-wl-0.1.45-0.aarch64.rpm 
[09/17 18:51:13 UTC] Installing: tizen-core-wl-0.1.45-0.aarch64.rpm                 +++++++++++++                    [ 517/1262]
[09/17 18:51:13 UTC] Next install: gst-plugins-tizen-1.24.11-55.aarch64.rpm 
[09/17 18:51:13 UTC] Installing: gst-plugins-tizen-1.24.11-55.aarch64.rpm           +++++++++++++                    [ 518/1262]
[09/17 18:51:13 UTC] Next install: gst-plugins-ugly-1.24.11-41.aarch64.rpm 
[09/17 18:51:13 UTC] Installing: gst-plugins-ugly-1.24.11-41.aarch64.rpm            +++++++++++++                    [ 519/1262]
[09/17 18:51:13 UTC] Next install: building-blocks-sub2-domain_API-Multimedia-Media_Tool-11.0.0-0.aarch64.rpm 
[09/17 18:51:13 UTC] Installing: building-blocks-sub2-domain_API-Multimedia-Media_T +++++++++++++                    [ 520/1262]
[09/17 18:51:13 UTC] Next install: pipewire-utils-1.6.0-1.aarch64.rpm 
[09/17 18:51:13 UTC] Installing: pipewire-utils-1.6.0-1.aarch64.rpm                 +++++++++++++                    [ 521/1262]
[09/17 18:51:13 UTC] Next install: pipewire-1.6.0-1.aarch64.rpm 
[09/17 18:51:13 UTC] Installing: pipewire-1.6.0-1.aarch64.rpm                       +++++++++++++                    [ 522/1262]
[09/17 18:51:13 UTC] Next install: pipewire-libs-1.6.0-1.aarch64.rpm 
[09/17 18:51:13 UTC] Installing: pipewire-libs-1.6.0-1.aarch64.rpm                  +++++++++++++                    [ 523/1262]
[09/17 18:51:14 UTC] Next install: capi-media-audio-io-0.9.0-1.aarch64.rpm 
[09/17 18:51:14 UTC] Installing: capi-media-audio-io-0.9.0-1.aarch64.rpm            +++++++++++++                    [ 524/1262]
[09/17 18:51:14 UTC] Next install: stt-1.100.8-1.aarch64.rpm 
[09/17 18:51:14 UTC] Installing: stt-1.100.8-1.aarch64.rpm                          +++++++++++++                    [ 525/1262]
[09/17 18:51:14 UTC] Next install: gst-rtsp-server-1.24.11-41.aarch64.rpm 
[09/17 18:51:14 UTC] Installing: gst-rtsp-server-1.24.11-41.aarch64.rpm             +++++++++++++                    [ 526/1262]
[09/17 18:51:14 UTC] Next install: libwayland-tbm-server-0.9.0-0.aarch64.rpm 
[09/17 18:51:14 UTC] Installing: libwayland-tbm-server-0.9.0-0.aarch64.rpm          +++++++++++++                    [ 527/1262]
[09/17 18:51:14 UTC] Next install: libtdm-3.4.0-0.aarch64.rpm 
[09/17 18:51:15 UTC] Installing: libtdm-3.4.0-0.aarch64.rpm                         +++++++++++++                    [ 528/1262]
[09/17 18:51:15 UTC] Next install: capi-media-vision-barcode-1.0.17-0.aarch64.rpm 
[09/17 18:51:15 UTC] Installing: capi-media-vision-barcode-1.0.17-0.aarch64.rpm     +++++++++++++                    [ 529/1262]
[09/17 18:51:15 UTC] Next install: libds-0.1.24-0.aarch64.rpm 
[09/17 18:51:15 UTC] Installing: libds-0.1.24-0.aarch64.rpm                         +++++++++++++                    [ 530/1262]
[09/17 18:51:15 UTC] Next install: hal-api-sensor-0.0.1-1.aarch64.rpm 
[09/17 18:51:15 UTC] Installing: hal-api-sensor-0.0.1-1.aarch64.rpm                 +++++++++++++                    [ 531/1262]
[09/17 18:51:15 UTC] Next install: sensord-10.0.0-1.aarch64.rpm 
[09/17 18:51:15 UTC] Installing: sensord-10.0.0-1.aarch64.rpm                       +++++++++++++                    [ 532/1262]
[09/17 18:51:15 UTC] Next install: app-core-common-1.28.4-0.aarch64.rpm 
[09/17 18:51:15 UTC] Installing: app-core-common-1.28.4-0.aarch64.rpm               +++++++++++++                    [ 533/1262]
[09/17 18:51:16 UTC] Next install: capi-appfw-app-control-0.26.3-0.aarch64.rpm 
[09/17 18:51:16 UTC] Installing: capi-appfw-app-control-0.26.3-0.aarch64.rpm        +++++++++++++                    [ 534/1262]
[09/17 18:51:16 UTC] Next install: capi-appfw-preference-0.6.24-0.aarch64.rpm 
[09/17 18:51:16 UTC] Installing: capi-appfw-preference-0.6.24-0.aarch64.rpm         +++++++++++++                    [ 535/1262]
[09/17 18:51:16 UTC] Next install: app-core-ui-1.28.4-0.aarch64.rpm 
[09/17 18:51:16 UTC] Installing: app-core-ui-1.28.4-0.aarch64.rpm                   +++++++++++++                    [ 536/1262]
[09/17 18:51:16 UTC] Next install: app-core-multiwindow-1.28.4-0.aarch64.rpm 
[09/17 18:51:16 UTC] Installing: app-core-multiwindow-1.28.4-0.aarch64.rpm          +++++++++++++                    [ 537/1262]
[09/17 18:51:16 UTC] Next install: capi-system-sensor-0.2.5-1.aarch64.rpm 
[09/17 18:51:16 UTC] Installing: capi-system-sensor-0.2.5-1.aarch64.rpm             +++++++++++++                    [ 538/1262]
[09/17 18:51:17 UTC] Next install: tts-1.100.10-1.aarch64.rpm 
[09/17 18:51:17 UTC] Installing: tts-1.100.10-1.aarch64.rpm                         +++++++++++++                    [ 539/1262]
[09/17 18:51:17 UTC] Next install: libwidget_service-1.3.11-1.aarch64.rpm 
[09/17 18:51:17 UTC] Installing: libwidget_service-1.3.11-1.aarch64.rpm             +++++++++++++                    [ 540/1262]
[09/17 18:51:18 UTC] Next install: building-blocks-sub2-domain_API-System-Sensor_Listener-11.0.0-0.aarch64.rpm 
[09/17 18:51:18 UTC] Installing: building-blocks-sub2-domain_API-System-Sensor_List +++++++++++++                    [ 541/1262]
[09/17 18:51:18 UTC] Next install: voice-control-1.101.2-1.aarch64.rpm 
[09/17 18:51:18 UTC] Installing: voice-control-1.101.2-1.aarch64.rpm                +++++++++++++                    [ 542/1262]
[09/17 18:51:18 UTC] Next install: librua-0.5.17-0.aarch64.rpm 
[09/17 18:51:18 UTC] Installing: librua-0.5.17-0.aarch64.rpm                        +++++++++++++                    [ 543/1262]
[09/17 18:51:19 UTC] Next install: capi-context-1.0.6-1.aarch64.rpm 
[09/17 18:51:19 UTC] Installing: capi-context-1.0.6-1.aarch64.rpm                   +++++++++++++                    [ 544/1262]
[09/17 18:51:19 UTC] Next install: app-core-multiwindow-tcore-1.28.4-0.aarch64.rpm 
[09/17 18:51:19 UTC] Installing: app-core-multiwindow-tcore-1.28.4-0.aarch64.rpm    +++++++++++++                    [ 545/1262]
[09/17 18:51:19 UTC] Next install: hal-api-power-0.0.2-1.aarch64.rpm 
[09/17 18:51:19 UTC] Installing: hal-api-power-0.0.2-1.aarch64.rpm                  +++++++++++++                    [ 546/1262]
[09/17 18:51:19 UTC] Next install: pass-2.0.1-1.aarch64.rpm 
[09/17 18:51:19 UTC] Installing: pass-2.0.1-1.aarch64.rpm                           +++++++++++++                    [ 547/1262]
[09/17 18:51:19 UTC] Running in chroot, ignoring request: daemon-reload
Running in chroot, ignoring request: restart

[09/17 18:51:19 UTC] Next install: libpass-resource-monitor-2.0.1-1.aarch64.rpm 
[09/17 18:51:19 UTC] Installing: libpass-resource-monitor-2.0.1-1.aarch64.rpm       +++++++++++++                    [ 548/1262]
[09/17 18:51:19 UTC] Next install: hal-api-location-0.0.2-1.aarch64.rpm 
[09/17 18:51:19 UTC] Installing: hal-api-location-0.0.2-1.aarch64.rpm               +++++++++++++                    [ 549/1262]
[09/17 18:51:20 UTC] Next install: libscreen_connector_input-1.9.13-1.aarch64.rpm 
[09/17 18:51:20 UTC] Installing: libscreen_connector_input-1.9.13-1.aarch64.rpm     +++++++++++++                    [ 550/1262]
[09/17 18:51:20 UTC] Next install: libscreen_connector_provider-1.9.13-1.aarch64.rpm 
[09/17 18:51:20 UTC] Installing: libscreen_connector_provider-1.9.13-1.aarch64.rpm  +++++++++++++                    [ 551/1262]
[09/17 18:51:20 UTC] Next install: wifi-direct-manager-1.4.3-1.aarch64.rpm 
[09/17 18:51:20 UTC] Installing: wifi-direct-manager-1.4.3-1.aarch64.rpm            +++++++++++++                    [ 552/1262]
[09/17 18:51:20 UTC] Next install: capi-media-controller-1.0.17-0.aarch64.rpm 
[09/17 18:51:20 UTC] Installing: capi-media-controller-1.0.17-0.aarch64.rpm         ++++++++++++++                   [ 553/1262]
[09/17 18:51:21 UTC] Next install: tizen-core-imf-0.2.18-0.aarch64.rpm 
[09/17 18:51:21 UTC] Installing: tizen-core-imf-0.2.18-0.aarch64.rpm                ++++++++++++++                   [ 554/1262]
[09/17 18:51:21 UTC] Next install: storaged-10.0.0-1.aarch64.rpm 
[09/17 18:51:21 UTC] Installing: storaged-10.0.0-1.aarch64.rpm                      ++++++++++++++                   [ 555/1262]
[09/17 18:51:21 UTC] Running in chroot, ignoring request: daemon-reload
Running in chroot, ignoring request: restart

[09/17 18:51:21 UTC] Next install: capi-network-wifi-direct-1.4.0-1.aarch64.rpm 
[09/17 18:51:21 UTC] Installing: capi-network-wifi-direct-1.4.0-1.aarch64.rpm       ++++++++++++++                   [ 556/1262]
[09/17 18:51:21 UTC] Next install: crash-worker-dumpsystemstate-util-10.0.1-1.aarch64.rpm 
[09/17 18:51:21 UTC] Installing: crash-worker-dumpsystemstate-util-10.0.1-1.aarch64 ++++++++++++++                   [ 557/1262]
[09/17 18:51:21 UTC] Next install: crash-worker-support-common-10.0.1-1.aarch64.rpm 
[09/17 18:51:21 UTC] Installing: crash-worker-support-common-10.0.1-1.aarch64.rpm   ++++++++++++++                   [ 558/1262]
[09/17 18:51:21 UTC] Next install: crash-worker-support-livecoredump-10.0.1-1.aarch64.rpm 
[09/17 18:51:21 UTC] Installing: crash-worker-support-livecoredump-10.0.1-1.aarch64 ++++++++++++++                   [ 559/1262]
[09/17 18:51:21 UTC] Next install: capi-system-resource-monitor-0.0.1-0.aarch64.rpm 
[09/17 18:51:21 UTC] Installing: capi-system-resource-monitor-0.0.1-0.aarch64.rpm   ++++++++++++++                   [ 560/1262]
[09/17 18:51:21 UTC] Next install: building-blocks-sub1-domain_Feature-Power_manager-11.0.0-0.aarch64.rpm 
[09/17 18:51:21 UTC] Installing: building-blocks-sub1-domain_Feature-Power_manager- ++++++++++++++                   [ 561/1262]
[09/17 18:51:21 UTC] Next install: liblbs-location-1.4.9-1.aarch64.rpm 
[09/17 18:51:21 UTC] Installing: liblbs-location-1.4.9-1.aarch64.rpm                ++++++++++++++                   [ 562/1262]
[09/17 18:51:22 UTC] Next install: capi-location-manager-0.8.4-1.aarch64.rpm 
[09/17 18:51:22 UTC] Installing: capi-location-manager-0.8.4-1.aarch64.rpm          ++++++++++++++                   [ 563/1262]
[09/17 18:51:22 UTC] Next install: at-spi2-core-2.44.1-1.aarch64.rpm 
[09/17 18:51:22 UTC] Installing: at-spi2-core-2.44.1-1.aarch64.rpm                  ++++++++++++++                   [ 564/1262]
[09/17 18:51:22 UTC] Next install: aurum-1.0.28-1.aarch64.rpm 
[09/17 18:51:22 UTC] Installing: aurum-1.0.28-1.aarch64.rpm                         ++++++++++++++                   [ 565/1262]
[09/17 18:51:22 UTC] Next install: app-core-tcore-1.28.4-0.aarch64.rpm 
[09/17 18:51:22 UTC] Installing: app-core-tcore-1.28.4-0.aarch64.rpm                ++++++++++++++                   [ 566/1262]
[09/17 18:51:22 UTC] Next install: capi-context-motion-2.0.3-1.aarch64.rpm 
[09/17 18:51:22 UTC] Installing: capi-context-motion-2.0.3-1.aarch64.rpm            ++++++++++++++                   [ 567/1262]
[09/17 18:51:22 UTC] Next install: libtdm-client-3.4.0-0.aarch64.rpm 
[09/17 18:51:22 UTC] Installing: libtdm-client-3.4.0-0.aarch64.rpm                  ++++++++++++++                   [ 568/1262]
[09/17 18:51:22 UTC] Next install: ecore-input-evas-1.25.1-0.aarch64.rpm 
[09/17 18:51:22 UTC] Installing: ecore-input-evas-1.25.1-0.aarch64.rpm              ++++++++++++++                   [ 569/1262]
[09/17 18:51:22 UTC] Next install: evas-1.25.1-0.aarch64.rpm 
[09/17 18:51:22 UTC] Installing: evas-1.25.1-0.aarch64.rpm                          ++++++++++++++                   [ 570/1262]
[09/17 18:51:23 UTC] Next install: ecore-evas-1.25.1-0.aarch64.rpm 
[09/17 18:51:23 UTC] Installing: ecore-evas-1.25.1-0.aarch64.rpm                    ++++++++++++++                   [ 571/1262]
[09/17 18:51:23 UTC] Next install: libcairo-1.14.2-0.aarch64.rpm 
[09/17 18:51:23 UTC] Installing: libcairo-1.14.2-0.aarch64.rpm                      ++++++++++++++                   [ 572/1262]
[09/17 18:51:23 UTC] Next install: libtrackrenderer-0.2.8-0.aarch64.rpm 
[09/17 18:51:23 UTC] Installing: libtrackrenderer-0.2.8-0.aarch64.rpm               ++++++++++++++                   [ 573/1262]
[09/17 18:51:23 UTC] Next install: esplusplayer-1.4.3-0.aarch64.rpm 
[09/17 18:51:23 UTC] Installing: esplusplayer-1.4.3-0.aarch64.rpm                   ++++++++++++++                   [ 574/1262]
[09/17 18:51:23 UTC] Next install: capi-media-transporter-1.3.0-0.aarch64.rpm 
[09/17 18:51:23 UTC] Installing: capi-media-transporter-1.3.0-0.aarch64.rpm         ++++++++++++++                   [ 575/1262]
[09/17 18:51:23 UTC] Next install: building-blocks-sub2-domain_API-UI-Tizen_Core_Wayland-11.0.0-0.aarch64.rpm 
[09/17 18:51:23 UTC] Installing: building-blocks-sub2-domain_API-UI-Tizen_Core_Wayl ++++++++++++++                   [ 576/1262]
[09/17 18:51:23 UTC] Next install: capi-system-media-key-0.2.13-6.aarch64.rpm 
[09/17 18:51:23 UTC] Installing: capi-system-media-key-0.2.13-6.aarch64.rpm         ++++++++++++++                   [ 577/1262]
[09/17 18:51:23 UTC] Next install: capi-media-vision-roi_tracker-1.0.17-0.aarch64.rpm 
[09/17 18:51:23 UTC] Installing: capi-media-vision-roi_tracker-1.0.17-0.aarch64.rpm ++++++++++++++                   [ 578/1262]
[09/17 18:51:23 UTC] Next install: capi-media-vision-image-1.0.17-0.aarch64.rpm 
[09/17 18:51:23 UTC] Installing: capi-media-vision-image-1.0.17-0.aarch64.rpm       ++++++++++++++                   [ 579/1262]
[09/17 18:51:23 UTC] Next install: capi-media-vision 
[09/17 18:51:23 UTC] Installing: capi-media-vision                                  ++++++++++++++                   [ 580/1262]
[09/17 18:51:23 UTC] Next install: libmm-wfd-0.4.11-0.aarch64.rpm 
[09/17 18:51:23 UTC] Installing: libmm-wfd-0.4.11-0.aarch64.rpm                     ++++++++++++++                   [ 581/1262]
[09/17 18:51:24 UTC] Next install: gst-plugins-tizen-camera-1.24.11-55.aarch64.rpm 
[09/17 18:51:24 UTC] Installing: gst-plugins-tizen-camera-1.24.11-55.aarch64.rpm    ++++++++++++++                   [ 582/1262]
[09/17 18:51:24 UTC] Next install: gst-editing-services-1.24.11-41.aarch64.rpm 
[09/17 18:51:24 UTC] Installing: gst-editing-services-1.24.11-41.aarch64.rpm        ++++++++++++++                   [ 583/1262]
[09/17 18:51:24 UTC] Next install: libaskuser-notification-common-0.8.7-1.aarch64.rpm 
[09/17 18:51:24 UTC] Installing: libaskuser-notification-common-0.8.7-1.aarch64.rpm ++++++++++++++                   [ 584/1262]
[09/17 18:51:24 UTC] Next install: capi-privacy-privilege-manager-0.8.7-1.aarch64.rpm 
[09/17 18:51:24 UTC] Installing: capi-privacy-privilege-manager-0.8.7-1.aarch64.rpm ++++++++++++++                   [ 585/1262]
[09/17 18:51:24 UTC] Next install: building-blocks-sub2-domain_API-Multimedia-Metadata_Extractor-11.0.0-0.aarch64.rpm 
[09/17 18:51:24 UTC] Installing: building-blocks-sub2-domain_API-Multimedia-Metadat ++++++++++++++                   [ 586/1262]
[09/17 18:51:24 UTC] Next install: building-blocks-mapping-files-11.0.0-0.aarch64.rpm 
[09/17 18:51:24 UTC] Installing: building-blocks-mapping-files-11.0.0-0.aarch64.rpm ++++++++++++++                   [ 587/1262]
[09/17 18:51:24 UTC] Next install: bluetooth-frwk-core-0.10.0-1.aarch64.rpm 
[09/17 18:51:24 UTC] Installing: bluetooth-frwk-core-0.10.0-1.aarch64.rpm           ++++++++++++++                   [ 588/1262]
[09/17 18:51:24 UTC] Next install: capi-appfw-event-0.6.22-0.aarch64.rpm 
[09/17 18:51:24 UTC] Installing: capi-appfw-event-0.6.22-0.aarch64.rpm              ++++++++++++++                   [ 589/1262]
[09/17 18:51:24 UTC] Next install: liblbs-dbus-1.1.2-1.aarch64.rpm 
[09/17 18:51:24 UTC] Installing: liblbs-dbus-1.1.2-1.aarch64.rpm                    ++++++++++++++                   [ 590/1262]
[09/17 18:51:25 UTC] Next install: stability-monitor-6.6.0-0.aarch64.rpm 
[09/17 18:51:25 UTC] Installing: stability-monitor-6.6.0-0.aarch64.rpm              ++++++++++++++                   [ 591/1262]
[09/17 18:51:25 UTC] Next install: iotivity-1.2.1-0.aarch64.rpm 
[09/17 18:51:25 UTC] Installing: iotivity-1.2.1-0.aarch64.rpm                       +++++++++++++++                  [ 592/1262]
[09/17 18:51:25 UTC] Next install: iotcon-0.4.0-2.aarch64.rpm 
[09/17 18:51:25 UTC] Installing: iotcon-0.4.0-2.aarch64.rpm                         +++++++++++++++                  [ 593/1262]
[09/17 18:51:25 UTC] Next install: bluetooth-frwk-profile_common-0.10.0-1.aarch64.rpm 
[09/17 18:51:25 UTC] Installing: bluetooth-frwk-profile_common-0.10.0-1.aarch64.rpm +++++++++++++++                  [ 594/1262]
[09/17 18:51:25 UTC] Next install: building-blocks-sub2-domain_API-AppFramework-Message_Port_API-11.0.0-0.aarch64.rpm 
[09/17 18:51:25 UTC] Installing: building-blocks-sub2-domain_API-AppFramework-Messa +++++++++++++++                  [ 595/1262]
[09/17 18:51:25 UTC] Next install: data-control-0.4.31-1.aarch64.rpm 
[09/17 18:51:25 UTC] Installing: data-control-0.4.31-1.aarch64.rpm                  +++++++++++++++                  [ 596/1262]
[09/17 18:51:26 UTC] Next install: building-blocks-sub2-domain_API-AppFramework-Data_Control_API-11.0.0-0.aarch64.rpm 
[09/17 18:51:26 UTC] Installing: building-blocks-sub2-domain_API-AppFramework-Data_ +++++++++++++++                  [ 597/1262]
[09/17 18:51:26 UTC] Next install: hal-api-security-1.1.0-0.aarch64.rpm 
[09/17 18:51:26 UTC] Installing: hal-api-security-1.1.0-0.aarch64.rpm               +++++++++++++++                  [ 598/1262]
[09/17 18:51:26 UTC] Next install: hal-api-audio-0.0.23-0.aarch64.rpm 
[09/17 18:51:26 UTC] Installing: hal-api-audio-0.0.23-0.aarch64.rpm                 +++++++++++++++                  [ 599/1262]
[09/17 18:51:26 UTC] Next install: building-blocks-sub2-domain_API-AppFramework-RPC_Port_API-11.0.0-0.aarch64.rpm 
[09/17 18:51:26 UTC] Installing: building-blocks-sub2-domain_API-AppFramework-RPC_P +++++++++++++++                  [ 600/1262]
[09/17 18:51:26 UTC] Next install: ua-manager-0.14.18-1.aarch64.rpm 
[09/17 18:51:26 UTC] Installing: ua-manager-0.14.18-1.aarch64.rpm                   +++++++++++++++                  [ 601/1262]
[09/17 18:51:26 UTC] Next install: aul-rsc-mgr-0.85.3-1.aarch64.rpm 
[09/17 18:51:26 UTC] Installing: aul-rsc-mgr-0.85.3-1.aarch64.rpm                   +++++++++++++++                  [ 602/1262]
[09/17 18:51:27 UTC] Next install: capi-appfw-app-common-0.16.4-0.aarch64.rpm 
[09/17 18:51:27 UTC] Installing: capi-appfw-app-common-0.16.4-0.aarch64.rpm         +++++++++++++++                  [ 603/1262]
[09/17 18:51:27 UTC] Next install: isf-11.1.33-1.aarch64.rpm 
[09/17 18:51:27 UTC] Installing: isf-11.1.33-1.aarch64.rpm                          +++++++++++++++                  [ 604/1262]
[09/17 18:51:27 UTC] Next install: appcore-agent-1.7.7-1.aarch64.rpm 
[09/17 18:51:27 UTC] Installing: appcore-agent-1.7.7-1.aarch64.rpm                  +++++++++++++++                  [ 605/1262]
[09/17 18:51:28 UTC] Next install: hal-api-device-1.0.0-0.aarch64.rpm 
[09/17 18:51:28 UTC] Installing: hal-api-device-1.0.0-0.aarch64.rpm                 +++++++++++++++                  [ 606/1262]
[09/17 18:51:28 UTC] Next install: capi-system-device-0.1.0-0.aarch64.rpm 
[09/17 18:51:28 UTC] Installing: capi-system-device-0.1.0-0.aarch64.rpm             +++++++++++++++                  [ 607/1262]
[09/17 18:51:28 UTC] Next install: tizen-action-1.4.2-1.aarch64.rpm 
[09/17 18:51:28 UTC] Installing: tizen-action-1.4.2-1.aarch64.rpm                   +++++++++++++++                  [ 608/1262]
[09/17 18:51:28 UTC] Next install: capi-system-runtime-info-0.5.2-1.aarch64.rpm 
[09/17 18:51:28 UTC] Installing: capi-system-runtime-info-0.5.2-1.aarch64.rpm       +++++++++++++++                  [ 609/1262]
[09/17 18:51:29 UTC] Next install: mused-0.5.1-0.aarch64.rpm 
[09/17 18:51:29 UTC] Installing: mused-0.5.1-0.aarch64.rpm                          +++++++++++++++                  [ 610/1262]
[09/17 18:51:29 UTC] Next install: capi-media-camera-1.6.3-0.aarch64.rpm 
[09/17 18:51:29 UTC] Installing: capi-media-camera-1.6.3-0.aarch64.rpm              +++++++++++++++                  [ 611/1262]
[09/17 18:51:29 UTC] Next install: capi-media-vision-machine_learning-1.0.17-0.aarch64.rpm 
[09/17 18:51:29 UTC] Installing: capi-media-vision-machine_learning-1.0.17-0.aarch6 +++++++++++++++                  [ 612/1262]
[09/17 18:51:29 UTC] Next install: pkgmgr-tool-0.14.10-1.aarch64.rpm 
[09/17 18:51:29 UTC] Installing: pkgmgr-tool-0.14.10-1.aarch64.rpm                  +++++++++++++++                  [ 613/1262]
[09/17 18:51:35 UTC] Next install: capi-media-player-1.0.12-0.aarch64.rpm 
[09/17 18:51:35 UTC] Installing: capi-media-player-1.0.12-0.aarch64.rpm             +++++++++++++++                  [ 614/1262]
[09/17 18:51:36 UTC] Next install: tizen-theme-manager-1.3.3-1.aarch64.rpm 
[09/17 18:51:36 UTC] Installing: tizen-theme-manager-1.3.3-1.aarch64.rpm            +++++++++++++++                  [ 615/1262]
[09/17 18:51:36 UTC] Running in chroot, ignoring request: restart

[09/17 18:51:36 UTC] Next install: libmlops-agent-1.8.8-0.aarch64.rpm 
[09/17 18:51:36 UTC] Installing: libmlops-agent-1.8.8-0.aarch64.rpm                 +++++++++++++++                  [ 616/1262]
[09/17 18:51:36 UTC] Next install: nnstreamer-single-2.7.0-0.aarch64.rpm 
[09/17 18:51:36 UTC] Installing: nnstreamer-single-2.7.0-0.aarch64.rpm              +++++++++++++++                  [ 617/1262]
[09/17 18:51:36 UTC] Next install: capi-machine-learning-common-1.8.8-0.aarch64.rpm 
[09/17 18:51:36 UTC] Installing: capi-machine-learning-common-1.8.8-0.aarch64.rpm   +++++++++++++++                  [ 618/1262]
[09/17 18:51:36 UTC] Next install: nnstreamer-core-2.7.0-0.aarch64.rpm 
[09/17 18:51:36 UTC] Installing: nnstreamer-core-2.7.0-0.aarch64.rpm                +++++++++++++++                  [ 619/1262]
[09/17 18:51:36 UTC] Next install: nnstreamer-2.7.0-0.aarch64.rpm 
[09/17 18:51:36 UTC] Installing: nnstreamer-2.7.0-0.aarch64.rpm                     +++++++++++++++                  [ 620/1262]
[09/17 18:51:36 UTC] Next install: capi-machine-learning-inference-single-1.8.8-0.aarch64.rpm 
[09/17 18:51:36 UTC] Installing: capi-machine-learning-inference-single-1.8.8-0.aar +++++++++++++++                  [ 621/1262]
[09/17 18:51:36 UTC] Next install: nntrainer-core-0.5.0-0.aarch64.rpm 
[09/17 18:51:36 UTC] Installing: nntrainer-core-0.5.0-0.aarch64.rpm                 +++++++++++++++                  [ 622/1262]
[09/17 18:51:36 UTC] Next install: capi-media-vision-face-1.0.17-0.aarch64.rpm 
[09/17 18:51:36 UTC] Installing: capi-media-vision-face-1.0.17-0.aarch64.rpm        +++++++++++++++                  [ 623/1262]
[09/17 18:51:36 UTC] Next install: media-server-0.8.16-0.aarch64.rpm 
[09/17 18:51:36 UTC] Installing: media-server-0.8.16-0.aarch64.rpm                  +++++++++++++++                  [ 624/1262]
[09/17 18:51:37 UTC] Next install: libmedia-utils-0.8.16-0.aarch64.rpm 
[09/17 18:51:37 UTC] Installing: libmedia-utils-0.8.16-0.aarch64.rpm                +++++++++++++++                  [ 625/1262]
[09/17 18:51:37 UTC] Next install: capi-media-vision-surveillance-1.0.17-0.aarch64.rpm 
[09/17 18:51:37 UTC] Installing: capi-media-vision-surveillance-1.0.17-0.aarch64.rp +++++++++++++++                  [ 626/1262]
[09/17 18:51:37 UTC] Next install: building-blocks-sub2-domain_API-Multimedia-Media_Vision_Face-11.0.0-0.aarch64.rpm 
[09/17 18:51:37 UTC] Installing: building-blocks-sub2-domain_API-Multimedia-Media_V +++++++++++++++                  [ 627/1262]
[09/17 18:51:37 UTC] Next install: inference-engine-mlapi-0.4.11-0.aarch64.rpm 
[09/17 18:51:37 UTC] Installing: inference-engine-mlapi-0.4.11-0.aarch64.rpm        +++++++++++++++                  [ 628/1262]
[09/17 18:51:37 UTC] Next install: nnstreamer-tensorflow2-lite-2.7.0-0.aarch64.rpm 
[09/17 18:51:37 UTC] Installing: nnstreamer-tensorflow2-lite-2.7.0-0.aarch64.rpm    +++++++++++++++                  [ 629/1262]
[09/17 18:51:37 UTC] Next install: nnstreamer-nntrainer-0.5.0-0.aarch64.rpm 
[09/17 18:51:37 UTC] Installing: nnstreamer-nntrainer-0.5.0-0.aarch64.rpm           +++++++++++++++                  [ 630/1262]
[09/17 18:51:37 UTC] Next install: nntrainer-0.5.0-0.aarch64.rpm 
[09/17 18:51:37 UTC] Installing: nntrainer-0.5.0-0.aarch64.rpm                      ++++++++++++++++                 [ 631/1262]
[09/17 18:51:37 UTC] Next install: capi-machine-learning-training-0.5.0-0.aarch64.rpm 
[09/17 18:51:37 UTC] Installing: capi-machine-learning-training-0.5.0-0.aarch64.rpm ++++++++++++++++                 [ 632/1262]
[09/17 18:51:38 UTC] Next install: training-engine-nntrainer-0.1.5-0.aarch64.rpm 
[09/17 18:51:38 UTC] Installing: training-engine-nntrainer-0.1.5-0.aarch64.rpm      ++++++++++++++++                 [ 633/1262]
[09/17 18:51:38 UTC] Next install: building-blocks-sub2-domain_API-MachineLearning-NNTrainer-11.0.0-0.aarch64.rpm 
[09/17 18:51:38 UTC] Installing: building-blocks-sub2-domain_API-MachineLearning-NN ++++++++++++++++                 [ 634/1262]
[09/17 18:51:38 UTC] Next install: mlops-agent-1.8.8-0.aarch64.rpm 
[09/17 18:51:38 UTC] Installing: mlops-agent-1.8.8-0.aarch64.rpm                    ++++++++++++++++                 [ 635/1262]
[09/17 18:51:38 UTC] Next install: capi-appfw-tizen-theme-1.3.3-1.aarch64.rpm 
[09/17 18:51:38 UTC] Installing: capi-appfw-tizen-theme-1.3.3-1.aarch64.rpm         ++++++++++++++++                 [ 636/1262]
[09/17 18:51:38 UTC] Next install: building-blocks-sub2-domain_API-AppFramework-Tizen_Theme_Manager_API-11.0.0-0.aarch64.rpm 
[09/17 18:51:38 UTC] Installing: building-blocks-sub2-domain_API-AppFramework-Tizen ++++++++++++++++                 [ 637/1262]
[09/17 18:51:38 UTC] Next install: capi-media-recorder-1.0.5-0.aarch64.rpm 
[09/17 18:51:38 UTC] Installing: capi-media-recorder-1.0.5-0.aarch64.rpm            ++++++++++++++++                 [ 638/1262]
[09/17 18:51:38 UTC] Next install: building-blocks-sub2-domain_API-System-Runtime_Information-11.0.0-0.aarch64.rpm 
[09/17 18:51:38 UTC] Installing: building-blocks-sub2-domain_API-System-Runtime_Inf ++++++++++++++++                 [ 639/1262]
[09/17 18:51:38 UTC] Next install: update-control-1.0.6-0.aarch64.rpm 
[09/17 18:51:38 UTC] Installing: update-control-1.0.6-0.aarch64.rpm                 ++++++++++++++++                 [ 640/1262]
[09/17 18:51:39 UTC] Next install: org.tizen.autofilld-1.11.2-1.aarch64.rpm 
[09/17 18:51:39 UTC] Installing: org.tizen.autofilld-1.11.2-1.aarch64.rpm           ++++++++++++++++                 [ 641/1262]
[09/17 18:51:39 UTC] Next install: capi-ui-autofill-0.11.1-1.aarch64.rpm 
[09/17 18:51:39 UTC] Installing: capi-ui-autofill-0.11.1-1.aarch64.rpm              ++++++++++++++++                 [ 642/1262]
[09/17 18:51:39 UTC] Next install: org.tizen.autofill-setting-mobile-0.2.6-1.aarch64.rpm 
[09/17 18:51:39 UTC] Installing: org.tizen.autofill-setting-mobile-0.2.6-1.aarch64. ++++++++++++++++                 [ 643/1262]
[09/17 18:51:39 UTC] Next install: capi-ui-autofill-service-0.11.1-1.aarch64.rpm 
[09/17 18:51:39 UTC] Installing: capi-ui-autofill-service-0.11.1-1.aarch64.rpm      ++++++++++++++++                 [ 644/1262]
[09/17 18:51:39 UTC] Next install: capi-ui-autofill-manager-0.11.1-1.aarch64.rpm 
[09/17 18:51:39 UTC] Installing: capi-ui-autofill-manager-0.11.1-1.aarch64.rpm      ++++++++++++++++                 [ 645/1262]
[09/17 18:51:39 UTC] Next install: ise-engine-tables-1.0.11-1.aarch64.rpm 
[09/17 18:51:39 UTC] Installing: ise-engine-tables-1.0.11-1.aarch64.rpm             ++++++++++++++++                 [ 646/1262]
[09/17 18:51:39 UTC] Next install: notification-ex-0.12.7-1.aarch64.rpm 
[09/17 18:51:39 UTC] Installing: notification-ex-0.12.7-1.aarch64.rpm               ++++++++++++++++                 [ 647/1262]
[09/17 18:51:40 UTC] Next install: notification-0.12.7-1.aarch64.rpm 
[09/17 18:51:40 UTC] Installing: notification-0.12.7-1.aarch64.rpm                  ++++++++++++++++                 [ 648/1262]
[09/17 18:51:40 UTC] Next install: download-provider-2.4.4-0.aarch64.rpm 
[09/17 18:51:40 UTC] Installing: download-provider-2.4.4-0.aarch64.rpm              ++++++++++++++++                 [ 649/1262]
[09/17 18:51:41 UTC] Next install: capi-web-url-download-1.2.12-0.aarch64.rpm 
[09/17 18:51:41 UTC] Installing: capi-web-url-download-1.2.12-0.aarch64.rpm         ++++++++++++++++                 [ 650/1262]
[09/17 18:51:41 UTC] Next install: capi-ui-sticker-1.3.5-1.aarch64.rpm 
[09/17 18:51:41 UTC] Installing: capi-ui-sticker-1.3.5-1.aarch64.rpm                ++++++++++++++++                 [ 651/1262]
[09/17 18:51:41 UTC] Next install: building-blocks-sub2-domain_API-UIX-Sticker-11.0.0-0.aarch64.rpm 
[09/17 18:51:41 UTC] Installing: building-blocks-sub2-domain_API-UIX-Sticker-11.0.0 ++++++++++++++++                 [ 652/1262]
[09/17 18:51:41 UTC] Next install: component-based-tcore-1.6.7-1.aarch64.rpm 
[09/17 18:51:41 UTC] Installing: component-based-tcore-1.6.7-1.aarch64.rpm          ++++++++++++++++                 [ 653/1262]
[09/17 18:51:41 UTC] Next install: component-based-1.6.7-1.aarch64.rpm 
[09/17 18:51:41 UTC] Installing: component-based-1.6.7-1.aarch64.rpm                ++++++++++++++++                 [ 654/1262]
[09/17 18:51:41 UTC] Next install: appcore-widget-base-1.6.4-1.aarch64.rpm 
[09/17 18:51:41 UTC] Installing: appcore-widget-base-1.6.4-1.aarch64.rpm            ++++++++++++++++                 [ 655/1262]
[09/17 18:51:41 UTC] Next install: aul-exec-checker-plugin-0.85.3-1.aarch64.rpm 
[09/17 18:51:41 UTC] Installing: aul-exec-checker-plugin-0.85.3-1.aarch64.rpm       ++++++++++++++++                 [ 656/1262]
[09/17 18:51:41 UTC] Next install: capi-network-tethering-1.2.2-1.aarch64.rpm 
[09/17 18:51:41 UTC] Installing: capi-network-tethering-1.2.2-1.aarch64.rpm         ++++++++++++++++                 [ 657/1262]
[09/17 18:51:42 UTC] Next install: capi-network-softap-0.1.3-1.aarch64.rpm 
[09/17 18:51:42 UTC] Installing: capi-network-softap-0.1.3-1.aarch64.rpm            ++++++++++++++++                 [ 658/1262]
[09/17 18:51:42 UTC] Next install: factory-reset-1.1-2.aarch64.rpm 
[09/17 18:51:42 UTC] Installing: factory-reset-1.1-2.aarch64.rpm                    ++++++++++++++++                 [ 659/1262]
[09/17 18:51:42 UTC] Next install: wgt-manifest-handlers-1.11.4-1.aarch64.rpm 
[09/17 18:51:42 UTC] Installing: wgt-manifest-handlers-1.11.4-1.aarch64.rpm         ++++++++++++++++                 [ 660/1262]
[09/17 18:51:42 UTC] Next install: capi-vpnsvc-1.2.1-1.aarch64.rpm 
[09/17 18:51:42 UTC] Installing: capi-vpnsvc-1.2.1-1.aarch64.rpm                    ++++++++++++++++                 [ 661/1262]
[09/17 18:51:42 UTC] Next install: capi-network-wifi-aware-0.2.0-1.aarch64.rpm 
[09/17 18:51:42 UTC] Installing: capi-network-wifi-aware-0.2.0-1.aarch64.rpm        ++++++++++++++++                 [ 662/1262]
[09/17 18:51:42 UTC] Next install: capi-network-vine-1.3.5-0.aarch64.rpm 
[09/17 18:51:42 UTC] Installing: capi-network-vine-1.3.5-0.aarch64.rpm              ++++++++++++++++                 [ 663/1262]
[09/17 18:51:43 UTC] Next install: capi-network-stc-0.0.43-1.aarch64.rpm 
[09/17 18:51:43 UTC] Installing: capi-network-stc-0.0.43-1.aarch64.rpm              ++++++++++++++++                 [ 664/1262]
[09/17 18:51:43 UTC] Next install: libnsd-dns-sd-0.2.8-1.aarch64.rpm 
[09/17 18:51:43 UTC] Installing: libnsd-dns-sd-0.2.8-1.aarch64.rpm                  ++++++++++++++++                 [ 665/1262]
[09/17 18:51:43 UTC] Next install: libwebauthn-client-1.0.14-1.aarch64.rpm 
[09/17 18:51:43 UTC] Installing: libwebauthn-client-1.0.14-1.aarch64.rpm            ++++++++++++++++                 [ 666/1262]
[09/17 18:51:43 UTC] Next install: wpa_supplicant-2.10-2.aarch64.rpm 
[09/17 18:51:43 UTC] Installing: wpa_supplicant-2.10-2.aarch64.rpm                  ++++++++++++++++                 [ 667/1262]
[09/17 18:51:44 UTC] Next install: trust-anchor-2.1.2-0.aarch64.rpm 
[09/17 18:51:44 UTC] Installing: trust-anchor-2.1.2-0.aarch64.rpm                   ++++++++++++++++                 [ 668/1262]
[09/17 18:51:44 UTC] Next install: trust-anchor-runtime-2.1.2-0.aarch64.rpm 
[09/17 18:51:44 UTC] Installing: trust-anchor-runtime-2.1.2-0.aarch64.rpm           ++++++++++++++++                 [ 669/1262]
[09/17 18:51:44 UTC] Next install: launchpad-0.51.2-1.aarch64.rpm 
[09/17 18:51:44 UTC] Installing: launchpad-0.51.2-1.aarch64.rpm                     ++++++++++++++++                 [ 670/1262]
[09/17 18:51:44 UTC] Next install: liblaunchpad-0.51.2-1.aarch64.rpm 
[09/17 18:51:44 UTC] Installing: liblaunchpad-0.51.2-1.aarch64.rpm                  +++++++++++++++++                [ 671/1262]
[09/17 18:51:44 UTC] Next install: ca-certificates-0.0.4-0.noarch.rpm 
[09/17 18:51:44 UTC] Installing: ca-certificates-0.0.4-0.noarch.rpm                 +++++++++++++++++                [ 672/1262]
[09/17 18:51:44 UTC] Next install: cert-svc-3.0.0-0.aarch64.rpm 
[09/17 18:51:44 UTC] Installing: cert-svc-3.0.0-0.aarch64.rpm                       +++++++++++++++++                [ 673/1262]
[09/17 18:51:44 UTC] Next install: amd-1.82.3-1.aarch64.rpm 
[09/17 18:51:44 UTC] Installing: amd-1.82.3-1.aarch64.rpm                           +++++++++++++++++                [ 674/1262]
[09/17 18:51:45 UTC] Running in chroot, ignoring request: daemon-reload
Running in chroot, ignoring request: restart

[09/17 18:51:45 UTC] Next install: amd-mod-wayland-core-1.82.3-1.aarch64.rpm 
[09/17 18:51:45 UTC] Installing: amd-mod-wayland-core-1.82.3-1.aarch64.rpm          +++++++++++++++++                [ 675/1262]
[09/17 18:51:45 UTC] Next install: amd-mod-ui-core-1.82.3-1.aarch64.rpm 
[09/17 18:51:45 UTC] Installing: amd-mod-ui-core-1.82.3-1.aarch64.rpm               +++++++++++++++++                [ 676/1262]
[09/17 18:51:45 UTC] Next install: amd-mod-cynara-core-1.82.3-1.aarch64.rpm 
[09/17 18:51:45 UTC] Installing: amd-mod-cynara-core-1.82.3-1.aarch64.rpm           +++++++++++++++++                [ 677/1262]
[09/17 18:51:45 UTC] Next install: amd-mod-tizen-action-1.4.2-1.aarch64.rpm 
[09/17 18:51:45 UTC] Installing: amd-mod-tizen-action-1.4.2-1.aarch64.rpm           +++++++++++++++++                [ 678/1262]
[09/17 18:51:45 UTC] Next install: capi-appfw-tizen-action-1.4.2-1.aarch64.rpm 
[09/17 18:51:45 UTC] Installing: capi-appfw-tizen-action-1.4.2-1.aarch64.rpm        +++++++++++++++++                [ 679/1262]
[09/17 18:51:45 UTC] Next install: libalarm-0.14.14-1.aarch64.rpm 
[09/17 18:51:45 UTC] Installing: libalarm-0.14.14-1.aarch64.rpm                     +++++++++++++++++                [ 680/1262]
[09/17 18:51:45 UTC] Next install: alarm-server-0.14.14-1.aarch64.rpm 
[09/17 18:51:45 UTC] Installing: alarm-server-0.14.14-1.aarch64.rpm                 +++++++++++++++++                [ 681/1262]
[09/17 18:51:45 UTC] Next install: capi-system-system-settings-0.0.5-0.aarch64.rpm 
[09/17 18:51:45 UTC] Installing: capi-system-system-settings-0.0.5-0.aarch64.rpm    +++++++++++++++++                [ 682/1262]
[09/17 18:51:45 UTC] Next install: context-service-4.0.3-1.aarch64.rpm 
[09/17 18:51:45 UTC] Installing: context-service-4.0.3-1.aarch64.rpm                +++++++++++++++++                [ 683/1262]
[09/17 18:51:45 UTC] Next install: capi-appfw-alarm-0.3.7-0.aarch64.rpm 
[09/17 18:51:45 UTC] Installing: capi-appfw-alarm-0.3.7-0.aarch64.rpm               +++++++++++++++++                [ 684/1262]
[09/17 18:51:46 UTC] Next install: context-job-scheduler-4.0.5-1.aarch64.rpm 
[09/17 18:51:46 UTC] Installing: context-job-scheduler-4.0.5-1.aarch64.rpm          +++++++++++++++++                [ 685/1262]
[09/17 18:51:46 UTC] Next install: building-blocks-sub2-domain_API-Context-Contextual_Trigger-11.0.0-0.aarch64.rpm 
[09/17 18:51:46 UTC] Installing: building-blocks-sub2-domain_API-Context-Contextual +++++++++++++++++                [ 686/1262]
[09/17 18:51:46 UTC] Next install: phonenumber-utils-0.2.11-0.aarch64.rpm 
[09/17 18:51:46 UTC] Installing: phonenumber-utils-0.2.11-0.aarch64.rpm             +++++++++++++++++                [ 687/1262]
[09/17 18:51:46 UTC] Running in chroot, ignoring request: daemon-reload
Running in chroot, ignoring request: restart

[09/17 18:51:46 UTC] Next install: building-blocks-sub2-domain_API-System-System_Settings-11.0.0-0.aarch64.rpm 
[09/17 18:51:46 UTC] Installing: building-blocks-sub2-domain_API-System-System_Sett +++++++++++++++++                [ 688/1262]
[09/17 18:51:46 UTC] Next install: building-blocks-sub2-domain_CSAPI-System-SystemSettings-11.0.0-0.aarch64.rpm 
[09/17 18:51:46 UTC] Installing: building-blocks-sub2-domain_CSAPI-System-SystemSet +++++++++++++++++                [ 689/1262]
[09/17 18:51:46 UTC] Next install: bluez-5.79-1.aarch64.rpm 
[09/17 18:51:46 UTC] Installing: bluez-5.79-1.aarch64.rpm                           +++++++++++++++++                [ 690/1262]
[09/17 18:51:46 UTC] Next install: bluetooth-agent-0.10.0-1.aarch64.rpm 
[09/17 18:51:46 UTC] Installing: bluetooth-agent-0.10.0-1.aarch64.rpm               +++++++++++++++++                [ 691/1262]
[09/17 18:51:46 UTC] Next install: building-blocks-sub2-domain_API-Social-Phonenumber_utils-11.0.0-0.aarch64.rpm 
[09/17 18:51:46 UTC] Installing: building-blocks-sub2-domain_API-Social-Phonenumber +++++++++++++++++                [ 692/1262]
[09/17 18:51:46 UTC] Next install: org.tizen.action-framework.platform-actions-1.4.2-1.aarch64.rpm 
[09/17 18:51:46 UTC] Installing: org.tizen.action-framework.platform-actions-1.4.2- +++++++++++++++++                [ 693/1262]
[09/17 18:51:46 UTC] Next install: context-sensor-recorder-4.0.1-1.aarch64.rpm 
[09/17 18:51:46 UTC] Installing: context-sensor-recorder-4.0.1-1.aarch64.rpm        +++++++++++++++++                [ 694/1262]
[09/17 18:51:47 UTC] Next install: building-blocks-sub2-domain_API-System-Sensor_Recorder-11.0.0-0.aarch64.rpm 
[09/17 18:51:47 UTC] Installing: building-blocks-sub2-domain_API-System-Sensor_Reco +++++++++++++++++                [ 695/1262]
[09/17 18:51:47 UTC] Next install: context-app-history-4.0.2-1.aarch64.rpm 
[09/17 18:51:47 UTC] Installing: context-app-history-4.0.2-1.aarch64.rpm            +++++++++++++++++                [ 696/1262]
[09/17 18:51:47 UTC] Next install: building-blocks-sub2-domain_API-Context-Contextual_History-11.0.0-0.aarch64.rpm 
[09/17 18:51:47 UTC] Installing: building-blocks-sub2-domain_API-Context-Contextual +++++++++++++++++                [ 697/1262]
[09/17 18:51:47 UTC] Next install: building-blocks-sub2-domain_CSAPI-Context-AppHistory-11.0.0-0.aarch64.rpm 
[09/17 18:51:47 UTC] Installing: building-blocks-sub2-domain_CSAPI-Context-AppHisto +++++++++++++++++                [ 698/1262]
[09/17 18:51:47 UTC] Next install: cion-mqtt-plugin-1.2.28-1.aarch64.rpm 
[09/17 18:51:47 UTC] Installing: cion-mqtt-plugin-1.2.28-1.aarch64.rpm              +++++++++++++++++                [ 699/1262]
[09/17 18:51:47 UTC] Next install: cion-1.2.28-1.aarch64.rpm 
[09/17 18:51:47 UTC] Installing: cion-1.2.28-1.aarch64.rpm                          +++++++++++++++++                [ 700/1262]
[09/17 18:51:48 UTC] Next install: building-blocks-sub2-domain_API-AppFramework-Cion_API-11.0.0-0.aarch64.rpm 
[09/17 18:51:48 UTC] Installing: building-blocks-sub2-domain_API-AppFramework-Cion_ +++++++++++++++++                [ 701/1262]
[09/17 18:51:48 UTC] Next install: building-blocks-sub2-domain_CSAPI-Applications-Cion-11.0.0-0.aarch64.rpm 
[09/17 18:51:48 UTC] Installing: building-blocks-sub2-domain_CSAPI-Applications-Cio +++++++++++++++++                [ 702/1262]
[09/17 18:51:48 UTC] Next install: esd-mod-cion-1.2.28-1.aarch64.rpm 
[09/17 18:51:48 UTC] Installing: esd-mod-cion-1.2.28-1.aarch64.rpm                  +++++++++++++++++                [ 703/1262]
[09/17 18:51:48 UTC] Next install: capi-system-system-settings-util-lib-0.0.5-0.aarch64.rpm 
[09/17 18:51:48 UTC] Installing: capi-system-system-settings-util-lib-0.0.5-0.aarch +++++++++++++++++                [ 704/1262]
[09/17 18:51:48 UTC] Next install: dali2-adaptor-profile_common-2.5.37-1.aarch64.rpm 
[09/17 18:51:48 UTC] Installing: dali2-adaptor-profile_common-2.5.37-1.aarch64.rpm  +++++++++++++++++                [ 705/1262]
[09/17 18:51:48 UTC] Next install: dali2-adaptor-2.5.37-1.aarch64.rpm 
[09/17 18:51:48 UTC] Installing: dali2-adaptor-2.5.37-1.aarch64.rpm                 +++++++++++++++++                [ 706/1262]
[09/17 18:51:49 UTC] Next install: dali2-toolkit-2.5.37-1.aarch64.rpm 
[09/17 18:51:49 UTC] Installing: dali2-toolkit-2.5.37-1.aarch64.rpm                 +++++++++++++++++                [ 707/1262]
[09/17 18:51:49 UTC] Next install: dali2-ui-foundation-2.5.37.11319-1.aarch64.rpm 
[09/17 18:51:49 UTC] Installing: dali2-ui-foundation-2.5.37.11319-1.aarch64.rpm     +++++++++++++++++                [ 708/1262]
[09/17 18:51:49 UTC] Next install: dali2-ui-components-2.5.37.11319-1.aarch64.rpm 
[09/17 18:51:49 UTC] Installing: dali2-ui-components-2.5.37.11319-1.aarch64.rpm     +++++++++++++++++                [ 709/1262]
[09/17 18:51:49 UTC] Next install: dali2-scene3d-2.5.37-1.aarch64.rpm 
[09/17 18:51:49 UTC] Installing: dali2-scene3d-2.5.37-1.aarch64.rpm                 ++++++++++++++++++               [ 710/1262]
[09/17 18:51:49 UTC] Next install: dali2-toolkit-resources_720x1280-2.5.37-1.aarch64.rpm 
[09/17 18:51:50 UTC] Installing: dali2-toolkit-resources_720x1280-2.5.37-1.aarch64. ++++++++++++++++++               [ 711/1262]
[09/17 18:51:50 UTC] Next install: dali2-extension-rive-animation-view-2.5.37-1.aarch64.rpm 
[09/17 18:51:50 UTC] Installing: dali2-extension-rive-animation-view-2.5.37-1.aarch ++++++++++++++++++               [ 712/1262]
[09/17 18:51:50 UTC] Next install: dali2-usd-loader-2.5.37-1.aarch64.rpm 
[09/17 18:51:50 UTC] Installing: dali2-usd-loader-2.5.37-1.aarch64.rpm              ++++++++++++++++++               [ 713/1262]
[09/17 18:51:50 UTC] Next install: team-application-1.2.5-1.aarch64.rpm 
[09/17 18:51:50 UTC] Installing: team-application-1.2.5-1.aarch64.rpm               ++++++++++++++++++               [ 714/1262]
[09/17 18:51:51 UTC] Next install: building-blocks-sub2-domain_API-AppFramework-Team_Application_API-11.0.0-0.aarch64.rpm 
[09/17 18:51:51 UTC] Installing: building-blocks-sub2-domain_API-AppFramework-Team_ ++++++++++++++++++               [ 715/1262]
[09/17 18:51:51 UTC] Next install: libscl-ui-dali-0.11.11-1.aarch64.rpm 
[09/17 18:51:51 UTC] Installing: libscl-ui-dali-0.11.11-1.aarch64.rpm               ++++++++++++++++++               [ 716/1262]
[09/17 18:51:51 UTC] Next install: boot-animation-dali-1.0.0-1.aarch64.rpm 
[09/17 18:51:51 UTC] Installing: boot-animation-dali-1.0.0-1.aarch64.rpm            ++++++++++++++++++               [ 717/1262]
[09/17 18:51:51 UTC] Next install: building-blocks-sub1-domain_Feature-BootAni-11.0.0-0.aarch64.rpm 
[09/17 18:51:51 UTC] Installing: building-blocks-sub1-domain_Feature-BootAni-11.0.0 ++++++++++++++++++               [ 718/1262]
[09/17 18:51:51 UTC] Next install: launchpad-loader-0.51.2-1.aarch64.rpm 
[09/17 18:51:51 UTC] Installing: launchpad-loader-0.51.2-1.aarch64.rpm              ++++++++++++++++++               [ 719/1262]
[09/17 18:51:51 UTC] Next install: dali2-physics 
[09/17 18:51:51 UTC] Installing: dali2-physics                                      ++++++++++++++++++               [ 720/1262]
[09/17 18:51:51 UTC] Next install: dali2-physics 
[09/17 18:51:51 UTC] Installing: dali2-physics                                      ++++++++++++++++++               [ 721/1262]
[09/17 18:51:51 UTC] Next install: dali2-extension-vector-animation-renderer-plugin-2.5.37-1.aarch64.rpm 
[09/17 18:51:51 UTC] Installing: dali2-extension-vector-animation-renderer-plugin-2 ++++++++++++++++++               [ 722/1262]
[09/17 18:51:51 UTC] Next install: dali2-extension-camera-player-plugin-2.5.37-1.aarch64.rpm 
[09/17 18:51:51 UTC] Installing: dali2-extension-camera-player-plugin-2.5.37-1.aarc ++++++++++++++++++               [ 723/1262]
[09/17 18:51:51 UTC] Next install: app-core-dali-cpp-1.0.1-1.aarch64.rpm 
[09/17 18:51:51 UTC] Installing: app-core-dali-cpp-1.0.1-1.aarch64.rpm              ++++++++++++++++++               [ 724/1262]
[09/17 18:51:52 UTC] Next install: dali-application-1.0.1-1.aarch64.rpm 
[09/17 18:51:52 UTC] Installing: dali-application-1.0.1-1.aarch64.rpm               ++++++++++++++++++               [ 725/1262]
[09/17 18:51:52 UTC] Next install: building-blocks-sub2-domain_API-AppFramework-Dali_Application_API-11.0.0-0.aarch64.rpm 
[09/17 18:51:52 UTC] Installing: building-blocks-sub2-domain_API-AppFramework-Dali_ ++++++++++++++++++               [ 726/1262]
[09/17 18:51:52 UTC] Next install: dali2-extension-video-player-plugin-2.5.37-1.aarch64.rpm 
[09/17 18:51:52 UTC] Installing: dali2-extension-video-player-plugin-2.5.37-1.aarch ++++++++++++++++++               [ 727/1262]
[09/17 18:51:52 UTC] Next install: aurum-bootstrap-1.0.28-1.aarch64.rpm 
[09/17 18:51:52 UTC] Installing: aurum-bootstrap-1.0.28-1.aarch64.rpm               ++++++++++++++++++               [ 728/1262]
[09/17 18:51:52 UTC] Next install: SDL2-2.0.14-2.aarch64.rpm 
[09/17 18:51:52 UTC] Installing: SDL2-2.0.14-2.aarch64.rpm                          ++++++++++++++++++               [ 729/1262]
[09/17 18:51:52 UTC] Next install: system-plugin-backend-update-control-generic-1.0.6-0.aarch64.rpm 
[09/17 18:51:52 UTC] Installing: system-plugin-backend-update-control-generic-1.0.6 ++++++++++++++++++               [ 730/1262]
[09/17 18:51:53 UTC] Next install: data-provider-master-1.11.3-1.aarch64.rpm 
[09/17 18:51:53 UTC] Installing: data-provider-master-1.11.3-1.aarch64.rpm          ++++++++++++++++++               [ 731/1262]
[09/17 18:51:53 UTC] Next install: building-blocks-sub2-domain_API-AppFramework-Notification_API-11.0.0-0.aarch64.rpm 
[09/17 18:51:53 UTC] Installing: building-blocks-sub2-domain_API-AppFramework-Notif ++++++++++++++++++               [ 732/1262]
[09/17 18:51:53 UTC] Next install: building-blocks-sub2-domain_API-AppFramework-Alarm_API-11.0.0-0.aarch64.rpm 
[09/17 18:51:53 UTC] Installing: building-blocks-sub2-domain_API-AppFramework-Alarm ++++++++++++++++++               [ 733/1262]
[09/17 18:51:53 UTC] Next install: building-blocks-sub2-domain_CSAPI-Applications-ToastMessage-11.0.0-0.aarch64.rpm 
[09/17 18:51:53 UTC] Installing: building-blocks-sub2-domain_CSAPI-Applications-Toa ++++++++++++++++++               [ 734/1262]
[09/17 18:51:53 UTC] Next install: appcore-watch-base-1.7.25-1.aarch64.rpm 
[09/17 18:51:53 UTC] Installing: appcore-watch-base-1.7.25-1.aarch64.rpm            ++++++++++++++++++               [ 735/1262]
[09/17 18:51:53 UTC] Next install: tizen-action-tool-1.4.2-1.aarch64.rpm 
[09/17 18:51:53 UTC] Installing: tizen-action-tool-1.4.2-1.aarch64.rpm              ++++++++++++++++++               [ 736/1262]
[09/17 18:51:53 UTC] Next install: amd-mod-watchdog-1.82.3-1.aarch64.rpm 
[09/17 18:51:53 UTC] Installing: amd-mod-watchdog-1.82.3-1.aarch64.rpm              ++++++++++++++++++               [ 737/1262]
[09/17 18:51:53 UTC] Next install: amd-mod-widget-1.82.3-1.aarch64.rpm 
[09/17 18:51:53 UTC] Installing: amd-mod-widget-1.82.3-1.aarch64.rpm                ++++++++++++++++++               [ 738/1262]
[09/17 18:51:53 UTC] Next install: amd-mod-share-1.82.3-1.aarch64.rpm 
[09/17 18:51:53 UTC] Installing: amd-mod-share-1.82.3-1.aarch64.rpm                 ++++++++++++++++++               [ 739/1262]
[09/17 18:51:53 UTC] Next install: amd-mod-light-user-1.82.3-1.aarch64.rpm 
[09/17 18:51:53 UTC] Installing: amd-mod-light-user-1.82.3-1.aarch64.rpm            ++++++++++++++++++               [ 740/1262]
[09/17 18:51:53 UTC] Next install: amd-mod-input-1.82.3-1.aarch64.rpm 
[09/17 18:51:53 UTC] Installing: amd-mod-input-1.82.3-1.aarch64.rpm                 ++++++++++++++++++               [ 741/1262]
[09/17 18:51:53 UTC] Next install: amd-mod-extractor-1.82.3-1.aarch64.rpm 
[09/17 18:51:53 UTC] Installing: amd-mod-extractor-1.82.3-1.aarch64.rpm             ++++++++++++++++++               [ 742/1262]
[09/17 18:51:53 UTC] Next install: amd-mod-boost-1.82.3-1.aarch64.rpm 
[09/17 18:51:53 UTC] Installing: amd-mod-boost-1.82.3-1.aarch64.rpm                 ++++++++++++++++++               [ 743/1262]
[09/17 18:51:53 UTC] Next install: amd-mod-splash-screen-1.82.3-1.aarch64.rpm 
[09/17 18:51:53 UTC] Installing: amd-mod-splash-screen-1.82.3-1.aarch64.rpm         ++++++++++++++++++               [ 744/1262]
[09/17 18:51:53 UTC] Next install: amd-mod-rua-1.82.3-1.aarch64.rpm 
[09/17 18:51:53 UTC] Installing: amd-mod-rua-1.82.3-1.aarch64.rpm                   ++++++++++++++++++               [ 745/1262]
[09/17 18:51:53 UTC] Next install: glib-networking-2.72.alpha-0.aarch64.rpm 
[09/17 18:51:53 UTC] Installing: glib-networking-2.72.alpha-0.aarch64.rpm           ++++++++++++++++++               [ 746/1262]
[09/17 18:51:53 UTC] Next install: libsoup-2.72.0-1.aarch64.rpm 
[09/17 18:51:53 UTC] Installing: libsoup-2.72.0-1.aarch64.rpm                       ++++++++++++++++++               [ 747/1262]
[09/17 18:51:54 UTC] Next install: gst-plugins-good-1.24.11-41.aarch64.rpm 
[09/17 18:51:54 UTC] Installing: gst-plugins-good-1.24.11-41.aarch64.rpm            ++++++++++++++++++               [ 748/1262]
[09/17 18:51:54 UTC] Next install: libmm-imgp-gstcs-1.0.2-0.aarch64.rpm 
[09/17 18:51:54 UTC] Installing: libmm-imgp-gstcs-1.0.2-0.aarch64.rpm               ++++++++++++++++++               [ 749/1262]
[09/17 18:51:54 UTC] Next install: libmm-utility-0.5.2-0.aarch64.rpm 
[09/17 18:51:54 UTC] Installing: libmm-utility-0.5.2-0.aarch64.rpm                  +++++++++++++++++++              [ 750/1262]
[09/17 18:51:54 UTC] Next install: capi-media-image-util-0.4.7-0.aarch64.rpm 
[09/17 18:51:54 UTC] Installing: capi-media-image-util-0.4.7-0.aarch64.rpm          +++++++++++++++++++              [ 751/1262]
[09/17 18:51:54 UTC] Next install: libmm-camcorder-1.5.1-0.aarch64.rpm 
[09/17 18:51:54 UTC] Installing: libmm-camcorder-1.5.1-0.aarch64.rpm                +++++++++++++++++++              [ 752/1262]
[09/17 18:51:55 UTC] Next install: capi-machine-learning-inference-1.8.8-0.aarch64.rpm 
[09/17 18:51:55 UTC] Installing: capi-machine-learning-inference-1.8.8-0.aarch64.rp +++++++++++++++++++              [ 753/1262]
[09/17 18:51:55 UTC] Next install: mmsvc-camera-1.4.3-0.aarch64.rpm 
[09/17 18:51:55 UTC] Installing: mmsvc-camera-1.4.3-0.aarch64.rpm                   +++++++++++++++++++              [ 754/1262]
[09/17 18:51:55 UTC] Next install: building-blocks-sub2-domain_API-Multimedia-Image_Util-11.0.0-0.aarch64.rpm 
[09/17 18:51:55 UTC] Installing: building-blocks-sub2-domain_API-Multimedia-Image_U +++++++++++++++++++              [ 755/1262]
[09/17 18:51:55 UTC] Next install: libmedia-thumbnail-0.4.10-0.aarch64.rpm 
[09/17 18:51:55 UTC] Installing: libmedia-thumbnail-0.4.10-0.aarch64.rpm            +++++++++++++++++++              [ 756/1262]
[09/17 18:51:55 UTC] Next install: capi-media-thumbnail-util-0.2.0-0.aarch64.rpm 
[09/17 18:51:55 UTC] Installing: capi-media-thumbnail-util-0.2.0-0.aarch64.rpm      +++++++++++++++++++              [ 757/1262]
[09/17 18:51:55 UTC] Next install: building-blocks-sub2-domain_API-Multimedia-Thumbnail_Util-11.0.0-0.aarch64.rpm 
[09/17 18:51:55 UTC] Installing: building-blocks-sub2-domain_API-Multimedia-Thumbna +++++++++++++++++++              [ 758/1262]
[09/17 18:51:55 UTC] Next install: mmsvc-recorder-1.0.1-0.aarch64.rpm 
[09/17 18:51:55 UTC] Installing: mmsvc-recorder-1.0.1-0.aarch64.rpm                 +++++++++++++++++++              [ 759/1262]
[09/17 18:51:56 UTC] Next install: org.tizen.vc-engine-default-1.90.1-1.aarch64.rpm 
[09/17 18:51:56 UTC] Installing: org.tizen.vc-engine-default-1.90.1-1.aarch64.rpm   +++++++++++++++++++              [ 760/1262]
[09/17 18:51:59 UTC] Next install: capi-machine-learning-service-1.8.8-0.aarch64.rpm 
[09/17 18:51:59 UTC] Installing: capi-machine-learning-service-1.8.8-0.aarch64.rpm  +++++++++++++++++++              [ 761/1262]
[09/17 18:51:59 UTC] Next install: building-blocks-sub2-domain_API-MachineLearning-Service-11.0.0-0.aarch64.rpm 
[09/17 18:51:59 UTC] Installing: building-blocks-sub2-domain_API-MachineLearning-Se +++++++++++++++++++              [ 762/1262]
[09/17 18:51:59 UTC] Next install: capi-media-webrtc-1.3.7-0.aarch64.rpm 
[09/17 18:51:59 UTC] Installing: capi-media-webrtc-1.3.7-0.aarch64.rpm              +++++++++++++++++++              [ 763/1262]
[09/17 18:51:59 UTC] Next install: gst-plugins-good-v4l2-1.24.11-41.aarch64.rpm 
[09/17 18:51:59 UTC] Installing: gst-plugins-good-v4l2-1.24.11-41.aarch64.rpm       +++++++++++++++++++              [ 764/1262]
[09/17 18:51:59 UTC] Next install: gssdp-0.14.4-1.aarch64.rpm 
[09/17 18:51:59 UTC] Installing: gssdp-0.14.4-1.aarch64.rpm                         +++++++++++++++++++              [ 765/1262]
[09/17 18:52:00 UTC] Next install: libnsd-ssdp-0.2.8-1.aarch64.rpm 
[09/17 18:52:00 UTC] Installing: libnsd-ssdp-0.2.8-1.aarch64.rpm                    +++++++++++++++++++              [ 766/1262]
[09/17 18:52:00 UTC] Next install: dotnet-launcher-8.0.11-1.aarch64.rpm 
[09/17 18:52:00 UTC] Installing: dotnet-launcher-8.0.11-1.aarch64.rpm               +++++++++++++++++++              [ 767/1262]
[09/17 18:52:00 UTC] Next install: asp-manager-0.0.36-1.aarch64.rpm 
[09/17 18:52:00 UTC] Installing: asp-manager-0.0.36-1.aarch64.rpm                   +++++++++++++++++++              [ 768/1262]
[09/17 18:52:00 UTC] Next install: building-blocks-sub1-domain_Feature-Recovery-11.0.0-0.aarch64.rpm 
[09/17 18:52:00 UTC] Installing: building-blocks-sub1-domain_Feature-Recovery-11.0. +++++++++++++++++++              [ 769/1262]
[09/17 18:52:00 UTC] Next install: capi-network-softap-tool-0.1.3-1.aarch64.rpm 
[09/17 18:52:00 UTC] Installing: capi-network-softap-tool-0.1.3-1.aarch64.rpm       +++++++++++++++++++              [ 770/1262]
[09/17 18:52:00 UTC] Next install: building-blocks-sub2-domain_CSAPI-UIX-Sticker-11.0.0-0.aarch64.rpm 
[09/17 18:52:00 UTC] Installing: building-blocks-sub2-domain_CSAPI-UIX-Sticker-11.0 +++++++++++++++++++              [ 771/1262]
[09/17 18:52:00 UTC] Next install: org.tizen.screen-reader-0.0.8-1.aarch64.rpm 
[09/17 18:52:00 UTC] Installing: org.tizen.screen-reader-0.0.8-1.aarch64.rpm        +++++++++++++++++++              [ 772/1262]
[09/17 18:52:00 UTC] Next install: ise-engine-tables-zh-1.0.11-1.aarch64.rpm 
[09/17 18:52:00 UTC] Installing: ise-engine-tables-zh-1.0.11-1.aarch64.rpm          +++++++++++++++++++              [ 773/1262]
[09/17 18:52:00 UTC] Next install: capi-ui-autofill-common-0.11.1-1.aarch64.rpm 
[09/17 18:52:00 UTC] Installing: capi-ui-autofill-common-0.11.1-1.aarch64.rpm       +++++++++++++++++++              [ 774/1262]
[09/17 18:52:00 UTC] Next install: update-control-daemon-1.0.6-0.aarch64.rpm 
[09/17 18:52:00 UTC] Installing: update-control-daemon-1.0.6-0.aarch64.rpm          +++++++++++++++++++              [ 775/1262]
[09/17 18:52:01 UTC] Next install: building-blocks-sub2-domain_API-System-Update_Control-11.0.0-0.aarch64.rpm 
[09/17 18:52:01 UTC] Installing: building-blocks-sub2-domain_API-System-Update_Cont +++++++++++++++++++              [ 776/1262]
[09/17 18:52:01 UTC] Next install: building-blocks-sub2-domain_CSAPI-Applications-ThemeManager-11.0.0-0.aarch64.rpm 
[09/17 18:52:01 UTC] Installing: building-blocks-sub2-domain_CSAPI-Applications-The +++++++++++++++++++              [ 777/1262]
[09/17 18:52:01 UTC] Next install: building-blocks-sub2-domain_CSAPI-MachineLearning-Train-11.0.0-0.aarch64.rpm 
[09/17 18:52:01 UTC] Installing: building-blocks-sub2-domain_CSAPI-MachineLearning- +++++++++++++++++++              [ 778/1262]
[09/17 18:52:01 UTC] Next install: nnstreamer-nntrainer-trainer-0.5.0-0.aarch64.rpm 
[09/17 18:52:01 UTC] Installing: nnstreamer-nntrainer-trainer-0.5.0-0.aarch64.rpm   +++++++++++++++++++              [ 779/1262]
[09/17 18:52:01 UTC] Next install: capi-media-vision-1.0.17-0.aarch64.rpm 
[09/17 18:52:01 UTC] Installing: capi-media-vision-1.0.17-0.aarch64.rpm             +++++++++++++++++++              [ 780/1262]
[09/17 18:52:01 UTC] Next install: building-blocks-sub2-domain_API-Multimedia-Media_Vision_Surveillance-11.0.0-0.aarch64.rpm 
[09/17 18:52:01 UTC] Installing: building-blocks-sub2-domain_API-Multimedia-Media_V +++++++++++++++++++              [ 781/1262]
[09/17 18:52:01 UTC] Next install: nnstreamer-protobuf-2.7.0-0.aarch64.rpm 
[09/17 18:52:01 UTC] Installing: nnstreamer-protobuf-2.7.0-0.aarch64.rpm            +++++++++++++++++++              [ 782/1262]
[09/17 18:52:01 UTC] Next install: nnstreamer-flatbuf-2.7.0-0.aarch64.rpm 
[09/17 18:52:01 UTC] Installing: nnstreamer-flatbuf-2.7.0-0.aarch64.rpm             +++++++++++++++++++              [ 783/1262]
[09/17 18:52:01 UTC] Next install: nnstreamer-datarepo-2.7.0-0.aarch64.rpm 
[09/17 18:52:01 UTC] Installing: nnstreamer-datarepo-2.7.0-0.aarch64.rpm            +++++++++++++++++++              [ 784/1262]
[09/17 18:52:01 UTC] Next install: nnstreamer-nnfw-2.7.0-0.aarch64.rpm 
[09/17 18:52:01 UTC] Installing: nnstreamer-nnfw-2.7.0-0.aarch64.rpm                +++++++++++++++++++              [ 785/1262]
[09/17 18:52:01 UTC] Next install: building-blocks-sub2-domain_API-MachineLearning-NNStreamer-11.0.0-0.aarch64.rpm 
[09/17 18:52:01 UTC] Installing: building-blocks-sub2-domain_API-MachineLearning-NN +++++++++++++++++++              [ 786/1262]
[09/17 18:52:01 UTC] Next install: org.tizen.default-light-theme-1.3.3-1.aarch64.rpm 
[09/17 18:52:01 UTC] Installing: org.tizen.default-light-theme-1.3.3-1.aarch64.rpm  +++++++++++++++++++              [ 787/1262]
[09/17 18:52:01 UTC] Next install: org.tizen.default-dark-theme-1.3.3-1.aarch64.rpm 
[09/17 18:52:01 UTC] Installing: org.tizen.default-dark-theme-1.3.3-1.aarch64.rpm   +++++++++++++++++++              [ 788/1262]
[09/17 18:52:01 UTC] Next install: capi-media-player-utils-1.0.12-0.aarch64.rpm 
[09/17 18:52:01 UTC] Installing: capi-media-player-utils-1.0.12-0.aarch64.rpm       ++++++++++++++++++++             [ 789/1262]
[09/17 18:52:01 UTC] Next install: lightweight-web-engine-profile_mobile-1.5.4-1.aarch64.rpm 
[09/17 18:52:01 UTC] Installing: lightweight-web-engine-profile_mobile-1.5.4-1.aarc ++++++++++++++++++++             [ 790/1262]
[09/17 18:52:02 UTC] Next install: org.tizen.setting-wifi-direct-1.0.10-1.aarch64.rpm 
[09/17 18:52:02 UTC] Installing: org.tizen.setting-wifi-direct-1.0.10-1.aarch64.rpm ++++++++++++++++++++             [ 791/1262]
[09/17 18:52:02 UTC] Next install: org.tizen.setting-wifi-1.1.8-1.aarch64.rpm 
[09/17 18:52:02 UTC] Installing: org.tizen.setting-wifi-1.1.8-1.aarch64.rpm         ++++++++++++++++++++             [ 792/1262]
[09/17 18:52:02 UTC] Next install: org.tizen.setting-bluetooth-1.10.0-1.aarch64.rpm 
[09/17 18:52:02 UTC] Installing: org.tizen.setting-bluetooth-1.10.0-1.aarch64.rpm   ++++++++++++++++++++             [ 793/1262]
[09/17 18:52:02 UTC] Next install: org.tizen.cssetting-account-1.0.2-1.aarch64.rpm 
[09/17 18:52:02 UTC] Installing: org.tizen.cssetting-account-1.0.2-1.aarch64.rpm    ++++++++++++++++++++             [ 794/1262]
[09/17 18:52:02 UTC] Next install: singleo-0.0.1-0.aarch64.rpm 
[09/17 18:52:02 UTC] Installing: singleo-0.0.1-0.aarch64.rpm                        ++++++++++++++++++++             [ 795/1262]
[09/17 18:52:03 UTC] Next install: building-blocks-sub2-domain_API-Multimedia-Media_Vision_Singleo-11.0.0-0.aarch64.rpm 
[09/17 18:52:03 UTC] Installing: building-blocks-sub2-domain_API-Multimedia-Media_V ++++++++++++++++++++             [ 796/1262]
[09/17 18:52:03 UTC] Next install: building-blocks-sub2-domain_API-Multimedia-Media_Vision_Inference-11.0.0-0.aarch64.rpm 
[09/17 18:52:03 UTC] Installing: building-blocks-sub2-domain_API-Multimedia-Media_V ++++++++++++++++++++             [ 797/1262]
[09/17 18:52:03 UTC] Next install: capi-media-transporter-tool-1.3.0-0.aarch64.rpm 
[09/17 18:52:03 UTC] Installing: capi-media-transporter-tool-1.3.0-0.aarch64.rpm    ++++++++++++++++++++             [ 798/1262]
[09/17 18:52:03 UTC] Next install: tizen-action-plugin-launcher-1.4.2-1.aarch64.rpm 
[09/17 18:52:03 UTC] Installing: tizen-action-plugin-launcher-1.4.2-1.aarch64.rpm   ++++++++++++++++++++             [ 799/1262]
[09/17 18:52:03 UTC] Next install: org.tizen.action-framework.default-actions-1.4.2-1.aarch64.rpm 
[09/17 18:52:03 UTC] Installing: org.tizen.action-framework.default-actions-1.4.2-1 ++++++++++++++++++++             [ 800/1262]
[09/17 18:52:03 UTC] Next install: building-blocks-sub2-domain_API-AppFramework-Tizen_Action_API-11.0.0-0.aarch64.rpm 
[09/17 18:52:03 UTC] Installing: building-blocks-sub2-domain_API-AppFramework-Tizen ++++++++++++++++++++             [ 801/1262]
[09/17 18:52:03 UTC] Next install: storaged-module_storage-10.0.0-1.aarch64.rpm 
[09/17 18:52:03 UTC] Installing: storaged-module_storage-10.0.0-1.aarch64.rpm       ++++++++++++++++++++             [ 802/1262]
[09/17 18:52:03 UTC] Next install: storaged-module_block-10.0.0-1.aarch64.rpm 
[09/17 18:52:03 UTC] Installing: storaged-module_block-10.0.0-1.aarch64.rpm         ++++++++++++++++++++             [ 803/1262]
[09/17 18:52:03 UTC] Next install: building-blocks-sub2-domain_API-System-Storage-11.0.0-0.aarch64.rpm 
[09/17 18:52:03 UTC] Installing: building-blocks-sub2-domain_API-System-Storage-11. ++++++++++++++++++++             [ 804/1262]
[09/17 18:52:03 UTC] Next install: building-blocks-sub2-domain_CSAPI-System-Storage-11.0.0-0.aarch64.rpm 
[09/17 18:52:03 UTC] Installing: building-blocks-sub2-domain_CSAPI-System-Storage-1 ++++++++++++++++++++             [ 805/1262]
[09/17 18:52:03 UTC] Next install: sdbd-3.0.50-0.aarch64.rpm 
[09/17 18:52:03 UTC] Installing: sdbd-3.0.50-0.aarch64.rpm                          ++++++++++++++++++++             [ 806/1262]
[09/17 18:52:03 UTC] useradd: UID 5100 is not unique
usermod: user 'owner' does not exist
usermod: user 'owner' does not exist
usermod: user 'owner' does not exist

[09/17 18:52:03 UTC] Next install: feedbackd-1.0.0-1.aarch64.rpm 
[09/17 18:52:03 UTC] Installing: feedbackd-1.0.0-1.aarch64.rpm                      ++++++++++++++++++++             [ 807/1262]
[09/17 18:52:03 UTC] Running in chroot, ignoring request: daemon-reload
Running in chroot, ignoring request: restart

[09/17 18:52:03 UTC] Next install: upgrade-ro-10.0.0-0.aarch64.rpm 
[09/17 18:52:03 UTC] Installing: upgrade-ro-10.0.0-0.aarch64.rpm                    ++++++++++++++++++++             [ 808/1262]
[09/17 18:52:03 UTC] Next install: upgrade-10.0.0-0.aarch64.rpm 
[09/17 18:52:03 UTC] Installing: upgrade-10.0.0-0.aarch64.rpm                       ++++++++++++++++++++             [ 809/1262]
[09/17 18:52:03 UTC] Next install: building-blocks-sub1-domain_Feature-Upgrade-11.0.0-0.aarch64.rpm 
[09/17 18:52:03 UTC] Installing: building-blocks-sub1-domain_Feature-Upgrade-11.0.0 ++++++++++++++++++++             [ 810/1262]
[09/17 18:52:03 UTC] Next install: initrd-flash-0.0.11-0.aarch64.rpm 
[09/17 18:52:03 UTC] Installing: initrd-flash-0.0.11-0.aarch64.rpm                  ++++++++++++++++++++             [ 811/1262]
[09/17 18:52:04 UTC] Next install: deviced-tools-10.1.0-1.aarch64.rpm 
[09/17 18:52:04 UTC] Installing: deviced-tools-10.1.0-1.aarch64.rpm                 ++++++++++++++++++++             [ 812/1262]
[09/17 18:52:04 UTC] Next install: deviced-10.1.0-1.aarch64.rpm 
[09/17 18:52:04 UTC] Installing: deviced-10.1.0-1.aarch64.rpm                       ++++++++++++++++++++             [ 813/1262]
[09/17 18:52:05 UTC] Running in chroot, ignoring request: daemon-reload
Running in chroot, ignoring request: restart

[09/17 18:52:05 UTC] Next install: libdeviced-10.1.0-1.aarch64.rpm 
[09/17 18:52:05 UTC] Installing: libdeviced-10.1.0-1.aarch64.rpm                    ++++++++++++++++++++             [ 814/1262]
[09/17 18:52:05 UTC] Next install: building-blocks-sub2-domain_API-System-Device-11.0.0-0.aarch64.rpm 
[09/17 18:52:05 UTC] Installing: building-blocks-sub2-domain_API-System-Device-11.0 ++++++++++++++++++++             [ 815/1262]
[09/17 18:52:05 UTC] Next install: building-blocks-sub2-Preset_boards-COMMON-System_Device-11.0.0-0.aarch64.rpm 
[09/17 18:52:05 UTC] Installing: building-blocks-sub2-Preset_boards-COMMON-System_D ++++++++++++++++++++             [ 816/1262]
[09/17 18:52:05 UTC] Next install: lbs-server-1.3.8-1.aarch64.rpm 
[09/17 18:52:05 UTC] Installing: lbs-server-1.3.8-1.aarch64.rpm                     ++++++++++++++++++++             [ 817/1262]
[09/17 18:52:05 UTC] Next install: location-lbs-server-1.3.8-1.aarch64.rpm 
[09/17 18:52:05 UTC] Installing: location-lbs-server-1.3.8-1.aarch64.rpm            ++++++++++++++++++++             [ 818/1262]
[09/17 18:52:05 UTC] Next install: building-blocks-sub2-domain_API-Location-Location_Manager-11.0.0-0.aarch64.rpm 
[09/17 18:52:05 UTC] Installing: building-blocks-sub2-domain_API-Location-Location_ ++++++++++++++++++++             [ 819/1262]
[09/17 18:52:05 UTC] Next install: building-blocks-sub2-domain_CSAPI-Location-Location-11.0.0-0.aarch64.rpm 
[09/17 18:52:05 UTC] Installing: building-blocks-sub2-domain_CSAPI-Location-Locatio ++++++++++++++++++++             [ 820/1262]
[09/17 18:52:05 UTC] Next install: building-blocks-sub2-domain_CSAPI-System-System-11.0.0-0.aarch64.rpm 
[09/17 18:52:05 UTC] Installing: building-blocks-sub2-domain_CSAPI-System-System-11 ++++++++++++++++++++             [ 821/1262]
[09/17 18:52:05 UTC] Next install: deviced-isu-10.1.0-1.aarch64.rpm 
[09/17 18:52:05 UTC] Installing: deviced-isu-10.1.0-1.aarch64.rpm                   ++++++++++++++++++++             [ 822/1262]
[09/17 18:52:05 UTC] Next install: building-blocks-sub2-domain_Feature-ISU-System_Deviced-11.0.0-0.aarch64.rpm 
[09/17 18:52:05 UTC] Installing: building-blocks-sub2-domain_Feature-ISU-System_Dev ++++++++++++++++++++             [ 823/1262]
[09/17 18:52:05 UTC] Next install: building-blocks-sub1-domain_HALAPI-Device-11.0.0-0.aarch64.rpm 
[09/17 18:52:05 UTC] Installing: building-blocks-sub1-domain_HALAPI-Device-11.0.0-0 ++++++++++++++++++++             [ 824/1262]
[09/17 18:52:05 UTC] Next install: wakeup-engine-default-0.2.5-1.aarch64.rpm 
[09/17 18:52:05 UTC] Installing: wakeup-engine-default-0.2.5-1.aarch64.rpm          ++++++++++++++++++++             [ 825/1262]
[09/17 18:52:05 UTC] Next install: capi-appfw-job-scheduler-0.1.14-0.aarch64.rpm 
[09/17 18:52:05 UTC] Installing: capi-appfw-job-scheduler-0.1.14-0.aarch64.rpm      ++++++++++++++++++++             [ 826/1262]
[09/17 18:52:06 UTC] Next install: building-blocks-sub2-domain_API-AppFramework-Job_Scheduler_API-11.0.0-0.aarch64.rpm 
[09/17 18:52:06 UTC] Installing: building-blocks-sub2-domain_API-AppFramework-Job_S ++++++++++++++++++++             [ 827/1262]
[09/17 18:52:06 UTC] Next install: org.tizen.inputmethod-setting-0.11.4-1.aarch64.rpm 
[09/17 18:52:06 UTC] Installing: org.tizen.inputmethod-setting-0.11.4-1.aarch64.rpm ++++++++++++++++++++             [ 828/1262]
[09/17 18:52:06 UTC] Next install: org.tizen.multi-assistant-service-0.3.43-1.aarch64.rpm 
[09/17 18:52:06 UTC] Installing: org.tizen.multi-assistant-service-0.3.43-1.aarch64 +++++++++++++++++++++            [ 829/1262]
[09/17 18:52:06 UTC] Next install: org.tizen.tts-engine-default-1.100.1-1.aarch64.rpm 
[09/17 18:52:06 UTC] Installing: org.tizen.tts-engine-default-1.100.1-1.aarch64.rpm +++++++++++++++++++++            [ 830/1262]
[09/17 18:52:06 UTC] Next install: ise-engine-unikey-0.3.2-1.aarch64.rpm 
[09/17 18:52:06 UTC] Installing: ise-engine-unikey-0.3.2-1.aarch64.rpm              +++++++++++++++++++++            [ 831/1262]
[09/17 18:52:07 UTC] Next install: ise-engine-thai-1.0.1-1.aarch64.rpm 
[09/17 18:52:07 UTC] Installing: ise-engine-thai-1.0.1-1.aarch64.rpm                +++++++++++++++++++++            [ 832/1262]
[09/17 18:52:07 UTC] Next install: ise-engine-sunpinyin-1.0.12-1.aarch64.rpm 
[09/17 18:52:07 UTC] Installing: ise-engine-sunpinyin-1.0.12-1.aarch64.rpm          +++++++++++++++++++++            [ 833/1262]
[09/17 18:52:07 UTC] Next install: ise-engine-loader-11.1.33-1.aarch64.rpm 
[09/17 18:52:07 UTC] Installing: ise-engine-loader-11.1.33-1.aarch64.rpm            +++++++++++++++++++++            [ 834/1262]
[09/17 18:52:07 UTC] Next install: ise-engine-hangul-1.0.14-1.aarch64.rpm 
[09/17 18:52:07 UTC] Installing: ise-engine-hangul-1.0.14-1.aarch64.rpm             +++++++++++++++++++++            [ 835/1262]
[09/17 18:52:07 UTC] Next install: ise-engine-glm-1.0.18-1.aarch64.rpm 
[09/17 18:52:07 UTC] Installing: ise-engine-glm-1.0.18-1.aarch64.rpm                +++++++++++++++++++++            [ 836/1262]
[09/17 18:52:08 UTC] Next install: ise-engine-default-1.0.11-1.aarch64.rpm 
[09/17 18:52:08 UTC] Installing: ise-engine-default-1.0.11-1.aarch64.rpm            +++++++++++++++++++++            [ 837/1262]
[09/17 18:52:08 UTC] Next install: ise-engine-anthy-1.0.12-1.aarch64.rpm 
[09/17 18:52:08 UTC] Installing: ise-engine-anthy-1.0.12-1.aarch64.rpm              +++++++++++++++++++++            [ 838/1262]
[09/17 18:52:08 UTC] Next install: capi-ui-inputmethod-manager-0.10.1-1.aarch64.rpm 
[09/17 18:52:08 UTC] Installing: capi-ui-inputmethod-manager-0.10.1-1.aarch64.rpm   +++++++++++++++++++++            [ 839/1262]
[09/17 18:52:09 UTC] Next install: hal-api-hdcp-1.0.13-0.aarch64.rpm 
[09/17 18:52:09 UTC] Installing: hal-api-hdcp-1.0.13-0.aarch64.rpm                  +++++++++++++++++++++            [ 840/1262]
[09/17 18:52:09 UTC] Next install: building-blocks-sub1-domain_HALAPI-Hdcp-11.0.0-0.aarch64.rpm 
[09/17 18:52:09 UTC] Installing: building-blocks-sub1-domain_HALAPI-Hdcp-11.0.0-0.a +++++++++++++++++++++            [ 841/1262]
[09/17 18:52:09 UTC] Next install: hal-api-drm-1.0.5-1.aarch64.rpm 
[09/17 18:52:09 UTC] Installing: hal-api-drm-1.0.5-1.aarch64.rpm                    +++++++++++++++++++++            [ 842/1262]
[09/17 18:52:09 UTC] Next install: building-blocks-sub1-domain_HALAPI-Drm-11.0.0-0.aarch64.rpm 
[09/17 18:52:09 UTC] Installing: building-blocks-sub1-domain_HALAPI-Drm-11.0.0-0.aa +++++++++++++++++++++            [ 843/1262]
[09/17 18:52:09 UTC] Next install: hal-api-codec-1.10.1-0.aarch64.rpm 
[09/17 18:52:09 UTC] Installing: hal-api-codec-1.10.1-0.aarch64.rpm                 +++++++++++++++++++++            [ 844/1262]
[09/17 18:52:10 UTC] Next install: gst-plugins-tizen-codec-1.24.11-55.aarch64.rpm 
[09/17 18:52:10 UTC] Installing: gst-plugins-tizen-codec-1.24.11-55.aarch64.rpm     +++++++++++++++++++++            [ 845/1262]
[09/17 18:52:10 UTC] Next install: building-blocks-sub2-Preset_boards-COMMON-Codec-11.0.0-0.aarch64.rpm 
[09/17 18:52:10 UTC] Installing: building-blocks-sub2-Preset_boards-COMMON-Codec-11 +++++++++++++++++++++            [ 846/1262]
[09/17 18:52:10 UTC] Next install: badge-0.5.6-1.aarch64.rpm 
[09/17 18:52:10 UTC] Installing: badge-0.5.6-1.aarch64.rpm                          +++++++++++++++++++++            [ 847/1262]
[09/17 18:52:10 UTC] Next install: capi-network-ua-0.14.6-2.aarch64.rpm 
[09/17 18:52:10 UTC] Installing: capi-network-ua-0.14.6-2.aarch64.rpm               +++++++++++++++++++++            [ 848/1262]
[09/17 18:52:10 UTC] Next install: building-blocks-sub2-domain_API-Network-UserAwareness-11.0.0-0.aarch64.rpm 
[09/17 18:52:10 UTC] Installing: building-blocks-sub2-domain_API-Network-UserAwaren +++++++++++++++++++++            [ 849/1262]
[09/17 18:52:10 UTC] Next install: building-blocks-sub1-domain_HALAPI-Audio-11.0.0-0.aarch64.rpm 
[09/17 18:52:10 UTC] Installing: building-blocks-sub1-domain_HALAPI-Audio-11.0.0-0. +++++++++++++++++++++            [ 850/1262]
[09/17 18:52:10 UTC] Next install: libkey-manager-client-0.1.91-1.aarch64.rpm 
[09/17 18:52:10 UTC] Installing: libkey-manager-client-0.1.91-1.aarch64.rpm         +++++++++++++++++++++            [ 851/1262]
[09/17 18:52:10 UTC] Next install: key-manager-0.1.91-1.aarch64.rpm 
[09/17 18:52:10 UTC] Installing: key-manager-0.1.91-1.aarch64.rpm                   +++++++++++++++++++++            [ 852/1262]
[09/17 18:52:11 UTC] Running in chroot, ignoring request: daemon-reload
Running in chroot, ignoring request: start

[09/17 18:52:11 UTC] Next install: net-config-1.2.15-1.aarch64.rpm 
[09/17 18:52:11 UTC] Installing: net-config-1.2.15-1.aarch64.rpm                    +++++++++++++++++++++            [ 853/1262]
[09/17 18:52:11 UTC] Next install: libwebappenc-0.1.1-1.aarch64.rpm 
[09/17 18:52:11 UTC] Installing: libwebappenc-0.1.1-1.aarch64.rpm                   +++++++++++++++++++++            [ 854/1262]
[09/17 18:52:11 UTC] Running in chroot, ignoring request: daemon-reload
Running in chroot, ignoring request: start

[09/17 18:52:11 UTC] Next install: account-common-0.1.14-1.aarch64.rpm 
[09/17 18:52:11 UTC] Installing: account-common-0.1.14-1.aarch64.rpm                +++++++++++++++++++++            [ 855/1262]
[09/17 18:52:12 UTC] Next install: libaccount-service-0.4.26-1.aarch64.rpm 
[09/17 18:52:12 UTC] Installing: libaccount-service-0.4.26-1.aarch64.rpm            +++++++++++++++++++++            [ 856/1262]
[09/17 18:52:12 UTC] Next install: contacts-service-0.13.79-0.aarch64.rpm 
[09/17 18:52:12 UTC] Installing: contacts-service-0.13.79-0.aarch64.rpm             +++++++++++++++++++++            [ 857/1262]
[09/17 18:52:12 UTC] Next install: libcontacts-service-0.13.79-0.aarch64.rpm 
[09/17 18:52:12 UTC] Installing: libcontacts-service-0.13.79-0.aarch64.rpm          +++++++++++++++++++++            [ 858/1262]
[09/17 18:52:13 UTC] Next install: building-blocks-sub2-domain_API-Social-Contacts-11.0.0-0.aarch64.rpm 
[09/17 18:52:13 UTC] Installing: building-blocks-sub2-domain_API-Social-Contacts-11 +++++++++++++++++++++            [ 859/1262]
[09/17 18:52:13 UTC] Next install: building-blocks-sub2-domain_CSAPI-Social-Contacts-11.0.0-0.aarch64.rpm 
[09/17 18:52:13 UTC] Installing: building-blocks-sub2-domain_CSAPI-Social-Contacts- +++++++++++++++++++++            [ 860/1262]
[09/17 18:52:13 UTC] Next install: bluetooth-agent-hfp_ag-0.10.0-1.aarch64.rpm 
[09/17 18:52:13 UTC] Installing: bluetooth-agent-hfp_ag-0.10.0-1.aarch64.rpm        +++++++++++++++++++++            [ 861/1262]
[09/17 18:52:13 UTC] Next install: account-parser-0.1.6-0.aarch64.rpm 
[09/17 18:52:13 UTC] Installing: account-parser-0.1.6-0.aarch64.rpm                 +++++++++++++++++++++            [ 862/1262]
[09/17 18:52:13 UTC] Next install: account-manager-0.1.23-1.aarch64.rpm 
[09/17 18:52:13 UTC] Installing: account-manager-0.1.23-1.aarch64.rpm               +++++++++++++++++++++            [ 863/1262]
[09/17 18:52:14 UTC] Next install: building-blocks-sub2-domain_API-Account-Account_Manager-11.0.0-0.aarch64.rpm 
[09/17 18:52:14 UTC] Installing: building-blocks-sub2-domain_API-Account-Account_Ma +++++++++++++++++++++            [ 864/1262]
[09/17 18:52:14 UTC] Next install: building-blocks-sub2-domain_API-Security-Key_Manager-11.0.0-0.aarch64.rpm 
[09/17 18:52:14 UTC] Installing: building-blocks-sub2-domain_API-Security-Key_Manag +++++++++++++++++++++            [ 865/1262]
[09/17 18:52:14 UTC] Next install: building-blocks-sub2-domain_CSAPI-Security-Repository-11.0.0-0.aarch64.rpm 
[09/17 18:52:14 UTC] Installing: building-blocks-sub2-domain_CSAPI-Security-Reposit +++++++++++++++++++++            [ 866/1262]
[09/17 18:52:14 UTC] Next install: wifi-tethering-manager-1.0.7-1.aarch64.rpm 
[09/17 18:52:14 UTC] Installing: wifi-tethering-manager-1.0.7-1.aarch64.rpm         +++++++++++++++++++++            [ 867/1262]
[09/17 18:52:14 UTC] Next install: push-bin-0.7.0-1.aarch64.rpm 
[09/17 18:52:14 UTC] Installing: push-bin-0.7.0-1.aarch64.rpm                       ++++++++++++++++++++++           [ 868/1262]
[09/17 18:52:14 UTC] Next install: libpush-0.7.0-1.aarch64.rpm 
[09/17 18:52:14 UTC] Installing: libpush-0.7.0-1.aarch64.rpm                        ++++++++++++++++++++++           [ 869/1262]
[09/17 18:52:14 UTC] Next install: building-blocks-sub2-domain_API-Messaging-Push-11.0.0-0.aarch64.rpm 
[09/17 18:52:14 UTC] Installing: building-blocks-sub2-domain_API-Messaging-Push-11. ++++++++++++++++++++++           [ 870/1262]
[09/17 18:52:14 UTC] Next install: building-blocks-sub2-domain_CSAPI-Messaging-Push-11.0.0-0.aarch64.rpm 
[09/17 18:52:14 UTC] Installing: building-blocks-sub2-domain_CSAPI-Messaging-Push-1 ++++++++++++++++++++++           [ 871/1262]
[09/17 18:52:14 UTC] Next install: mobileap-agent-1.1.9-1.aarch64.rpm 
[09/17 18:52:14 UTC] Installing: mobileap-agent-1.1.9-1.aarch64.rpm                 ++++++++++++++++++++++           [ 872/1262]
[09/17 18:52:15 UTC] Next install: device-certificate-manager-3.0.1-0.aarch64.rpm 
[09/17 18:52:15 UTC] Installing: device-certificate-manager-3.0.1-0.aarch64.rpm     ++++++++++++++++++++++           [ 873/1262]
[09/17 18:52:15 UTC] Running in chroot, ignoring request: daemon-reload
Running in chroot, ignoring request: start

[09/17 18:52:15 UTC] Next install: building-blocks-sub2-domain_API-Security-Device_Certificate-11.0.0-0.aarch64.rpm 
[09/17 18:52:15 UTC] Installing: building-blocks-sub2-domain_API-Security-Device_Ce ++++++++++++++++++++++           [ 874/1262]
[09/17 18:52:15 UTC] Next install: system-plugin-config-stability-monitor-0.1-1.noarch.rpm 
[09/17 18:52:15 UTC] Installing: system-plugin-config-stability-monitor-0.1-1.noarc ++++++++++++++++++++++           [ 875/1262]
[09/17 18:52:15 UTC] Next install: building-blocks-sub2-domain_API-Security-Privacy_Privilege-11.0.0-0.aarch64.rpm 
[09/17 18:52:15 UTC] Installing: building-blocks-sub2-domain_API-Security-Privacy_P ++++++++++++++++++++++           [ 876/1262]
[09/17 18:52:15 UTC] Next install: building-blocks-sub2-domain_CSAPI-Security-PrivacyPrivilegeManager-11.0.0-0.aarch64.rpm 
[09/17 18:52:15 UTC] Installing: building-blocks-sub2-domain_CSAPI-Security-Privacy ++++++++++++++++++++++           [ 877/1262]
[09/17 18:52:15 UTC] Next install: askuser-notification-0.8.7-1.aarch64.rpm 
[09/17 18:52:15 UTC] Installing: askuser-notification-0.8.7-1.aarch64.rpm           ++++++++++++++++++++++           [ 878/1262]
[09/17 18:52:15 UTC] Running in chroot, ignoring request: daemon-reload
Running in chroot, ignoring request: restart

[09/17 18:52:15 UTC] Next install: capi-media-editor-0.1.3-0.aarch64.rpm 
[09/17 18:52:15 UTC] Installing: capi-media-editor-0.1.3-0.aarch64.rpm              ++++++++++++++++++++++           [ 879/1262]
[09/17 18:52:15 UTC] Next install: building-blocks-sub2-Preset_boards-COMMON-Audio_Recording-11.0.0-0.aarch64.rpm 
[09/17 18:52:15 UTC] Installing: building-blocks-sub2-Preset_boards-COMMON-Audio_Re ++++++++++++++++++++++           [ 880/1262]
[09/17 18:52:15 UTC] Next install: capi-media-screen-mirroring-0.5.0-0.aarch64.rpm 
[09/17 18:52:15 UTC] Installing: capi-media-screen-mirroring-0.5.0-0.aarch64.rpm    ++++++++++++++++++++++           [ 881/1262]
[09/17 18:52:16 UTC] Next install: building-blocks-sub2-domain_API-Multimedia-Media_Vision_3d-11.0.0-0.aarch64.rpm 
[09/17 18:52:16 UTC] Installing: building-blocks-sub2-domain_API-Multimedia-Media_V ++++++++++++++++++++++           [ 882/1262]
[09/17 18:52:16 UTC] Next install: building-blocks-sub2-domain_API-Multimedia-Media_Vision_Image-11.0.0-0.aarch64.rpm 
[09/17 18:52:16 UTC] Installing: building-blocks-sub2-domain_API-Multimedia-Media_V ++++++++++++++++++++++           [ 883/1262]
[09/17 18:52:16 UTC] Next install: building-blocks-sub2-domain_API-Multimedia-Media_Vision_Roi_Tracker-11.0.0-0.aarch64.rpm 
[09/17 18:52:16 UTC] Installing: building-blocks-sub2-domain_API-Multimedia-Media_V ++++++++++++++++++++++           [ 884/1262]
[09/17 18:52:16 UTC] Next install: pen-wave-1.4.0-2.aarch64.rpm 
[09/17 18:52:16 UTC] Installing: pen-wave-1.4.0-2.aarch64.rpm                       ++++++++++++++++++++++           [ 885/1262]
[09/17 18:52:16 UTC] Next install: building-blocks-sub2-domain_API-UI-PenWave-11.0.0-0.aarch64.rpm 
[09/17 18:52:16 UTC] Installing: building-blocks-sub2-domain_API-UI-PenWave-11.0.0- ++++++++++++++++++++++           [ 886/1262]
[09/17 18:52:16 UTC] Next install: libcairo-gobject-1.14.2-0.aarch64.rpm 
[09/17 18:52:16 UTC] Installing: libcairo-gobject-1.14.2-0.aarch64.rpm              ++++++++++++++++++++++           [ 887/1262]
[09/17 18:52:16 UTC] Next install: gst-plugins-good-cairo-1.24.11-41.aarch64.rpm 
[09/17 18:52:16 UTC] Installing: gst-plugins-good-cairo-1.24.11-41.aarch64.rpm      ++++++++++++++++++++++           [ 888/1262]
[09/17 18:52:16 UTC] Next install: building-blocks-sub2-domain_API-UI-Cairo-11.0.0-0.aarch64.rpm 
[09/17 18:52:16 UTC] Installing: building-blocks-sub2-domain_API-UI-Cairo-11.0.0-0. ++++++++++++++++++++++           [ 889/1262]
[09/17 18:52:16 UTC] Next install: libmm-evas-renderer-0.0.30-0.aarch64.rpm 
[09/17 18:52:16 UTC] Installing: libmm-evas-renderer-0.0.30-0.aarch64.rpm           ++++++++++++++++++++++           [ 890/1262]
[09/17 18:52:16 UTC] Next install: ecore-imf-evas-1.25.1-0.aarch64.rpm 
[09/17 18:52:16 UTC] Installing: ecore-imf-evas-1.25.1-0.aarch64.rpm                ++++++++++++++++++++++           [ 891/1262]
[09/17 18:52:16 UTC] Next install: edje-1.25.1-0.aarch64.rpm 
[09/17 18:52:16 UTC] Installing: edje-1.25.1-0.aarch64.rpm                          ++++++++++++++++++++++           [ 892/1262]
[09/17 18:52:17 UTC] Next install: emotion-1.25.1-0.aarch64.rpm 
[09/17 18:52:17 UTC] Installing: emotion-1.25.1-0.aarch64.rpm                       ++++++++++++++++++++++           [ 893/1262]
[09/17 18:52:17 UTC] Next install: ethumb-1.25.1-0.aarch64.rpm 
[09/17 18:52:17 UTC] Installing: ethumb-1.25.1-0.aarch64.rpm                        ++++++++++++++++++++++           [ 894/1262]
[09/17 18:52:17 UTC] Next install: elementary-1.25.1-0.aarch64.rpm 
[09/17 18:52:17 UTC] Installing: elementary-1.25.1-0.aarch64.rpm                    ++++++++++++++++++++++           [ 895/1262]
[09/17 18:52:17 UTC] Next install: efl-extension-0.1.8-1.aarch64.rpm 
[09/17 18:52:17 UTC] Installing: efl-extension-0.1.8-1.aarch64.rpm                  ++++++++++++++++++++++           [ 896/1262]
[09/17 18:52:18 UTC] Next install: app-core-efl-1.28.4-0.aarch64.rpm 
[09/17 18:52:18 UTC] Installing: app-core-efl-1.28.4-0.aarch64.rpm                  ++++++++++++++++++++++           [ 897/1262]
[09/17 18:52:18 UTC] Next install: capi-appfw-application-0.11.0-0.aarch64.rpm 
[09/17 18:52:18 UTC] Installing: capi-appfw-application-0.11.0-0.aarch64.rpm        ++++++++++++++++++++++           [ 898/1262]
[09/17 18:52:18 UTC] Next install: capi-ui-efl-util-0.9.1-1.aarch64.rpm 
[09/17 18:52:18 UTC] Installing: capi-ui-efl-util-0.9.1-1.aarch64.rpm               ++++++++++++++++++++++           [ 899/1262]
[09/17 18:52:18 UTC] Next install: syspopup-0.3.10-0.aarch64.rpm 
[09/17 18:52:18 UTC] Installing: syspopup-0.3.10-0.aarch64.rpm                      ++++++++++++++++++++++           [ 900/1262]
[09/17 18:52:19 UTC] Next install: syspopup-caller-0.3.10-0.aarch64.rpm 
[09/17 18:52:19 UTC] Installing: syspopup-caller-0.3.10-0.aarch64.rpm               ++++++++++++++++++++++           [ 901/1262]
[09/17 18:52:19 UTC] Next install: starter-profile_common-0.5.54-1.aarch64.rpm 
[09/17 18:52:19 UTC] Installing: starter-profile_common-0.5.54-1.aarch64.rpm        ++++++++++++++++++++++           [ 902/1262]
[09/17 18:52:19 UTC] Next install: org.tizen.system-syspopup.common-0.2.2-1.aarch64.rpm 
[09/17 18:52:19 UTC] Installing: org.tizen.system-syspopup.common-0.2.2-1.aarch64.r ++++++++++++++++++++++           [ 903/1262]
[09/17 18:52:19 UTC] Next install: system-servant-0.2.2-1.aarch64.rpm 
[09/17 18:52:19 UTC] Installing: system-servant-0.2.2-1.aarch64.rpm                 ++++++++++++++++++++++           [ 904/1262]
[09/17 18:52:19 UTC] Next install: org.tizen.powerkey-syspopup.common-0.2.2-1.aarch64.rpm 
[09/17 18:52:19 UTC] Installing: org.tizen.powerkey-syspopup.common-0.2.2-1.aarch64 ++++++++++++++++++++++           [ 905/1262]
[09/17 18:52:19 UTC] Next install: system-servant-profile_common-0.2.2-1.aarch64.rpm 
[09/17 18:52:19 UTC] Installing: system-servant-profile_common-0.2.2-1.aarch64.rpm  ++++++++++++++++++++++           [ 906/1262]
[09/17 18:52:19 UTC] Next install: calendar-service-0.1.185-1.aarch64.rpm 
[09/17 18:52:19 UTC] Installing: calendar-service-0.1.185-1.aarch64.rpm             ++++++++++++++++++++++           [ 907/1262]
[09/17 18:52:19 UTC] Next install: libcalendar-service-0.1.185-1.aarch64.rpm 
[09/17 18:52:19 UTC] Installing: libcalendar-service-0.1.185-1.aarch64.rpm          +++++++++++++++++++++++          [ 908/1262]
[09/17 18:52:20 UTC] Next install: building-blocks-sub2-domain_API-Social-Calendar-11.0.0-0.aarch64.rpm 
[09/17 18:52:20 UTC] Installing: building-blocks-sub2-domain_API-Social-Calendar-11 +++++++++++++++++++++++          [ 909/1262]
[09/17 18:52:20 UTC] Next install: libmm-display-1.1.2-1.aarch64.rpm 
[09/17 18:52:20 UTC] Installing: libmm-display-1.1.2-1.aarch64.rpm                  +++++++++++++++++++++++          [ 910/1262]
[09/17 18:52:20 UTC] Next install: building-blocks-sub2-domain_API-Multimedia-Media_Editor-11.0.0-0.aarch64.rpm 
[09/17 18:52:20 UTC] Installing: building-blocks-sub2-domain_API-Multimedia-Media_E +++++++++++++++++++++++          [ 911/1262]
[09/17 18:52:20 UTC] Next install: building-blocks-sub2-domain_CSAPI-Social-Calendar-11.0.0-0.aarch64.rpm 
[09/17 18:52:20 UTC] Installing: building-blocks-sub2-domain_CSAPI-Social-Calendar- +++++++++++++++++++++++          [ 912/1262]
[09/17 18:52:20 UTC] Next install: org.tizen.system-signal-sender-0.2.2-1.aarch64.rpm 
[09/17 18:52:20 UTC] Installing: org.tizen.system-signal-sender-0.2.2-1.aarch64.rpm +++++++++++++++++++++++          [ 913/1262]
[09/17 18:52:20 UTC] Next install: starter-0.5.54-1.aarch64.rpm 
[09/17 18:52:20 UTC] Installing: starter-0.5.54-1.aarch64.rpm                       +++++++++++++++++++++++          [ 914/1262]
[09/17 18:52:20 UTC] Next install: bluetooth-frwk-plugin-headed-0.10.0-1.aarch64.rpm 
[09/17 18:52:20 UTC] Installing: bluetooth-frwk-plugin-headed-0.10.0-1.aarch64.rpm  +++++++++++++++++++++++          [ 915/1262]
[09/17 18:52:20 UTC] Next install: syspopup-tcore-0.3.10-0.aarch64.rpm 
[09/17 18:52:20 UTC] Installing: syspopup-tcore-0.3.10-0.aarch64.rpm                +++++++++++++++++++++++          [ 916/1262]
[09/17 18:52:20 UTC] Next install: voice-control-elm-0.100.2-1.aarch64.rpm 
[09/17 18:52:20 UTC] Installing: voice-control-elm-0.100.2-1.aarch64.rpm            +++++++++++++++++++++++          [ 917/1262]
[09/17 18:52:21 UTC] Next install: org.tizen.net-popup-0.3.2-1.noarch.rpm 
[09/17 18:52:21 UTC] Installing: org.tizen.net-popup-0.3.2-1.noarch.rpm             +++++++++++++++++++++++          [ 918/1262]
[09/17 18:52:21 UTC] Next install: ui-gadget 
[09/17 18:52:21 UTC] Installing: ui-gadget                                          +++++++++++++++++++++++          [ 919/1262]
[09/17 18:52:21 UTC] Next install: my-account-profile_mobile-1.9.106-1.aarch64.rpm 
[09/17 18:52:21 UTC] Installing: my-account-profile_mobile-1.9.106-1.aarch64.rpm    +++++++++++++++++++++++          [ 920/1262]
[09/17 18:52:21 UTC] Next install: libscl-core-0.11.3-1.aarch64.rpm 
[09/17 18:52:21 UTC] Installing: libscl-core-0.11.3-1.aarch64.rpm                   +++++++++++++++++++++++          [ 921/1262]
[09/17 18:52:22 UTC] Next install: capi-ui-inputmethod-0.11.9-1.aarch64.rpm 
[09/17 18:52:22 UTC] Installing: capi-ui-inputmethod-0.11.9-1.aarch64.rpm           +++++++++++++++++++++++          [ 922/1262]
[09/17 18:52:22 UTC] Next install: libscl-ui-nui-0.11.2-1.aarch64.rpm 
[09/17 18:52:22 UTC] Installing: libscl-ui-nui-0.11.2-1.aarch64.rpm                 +++++++++++++++++++++++          [ 923/1262]
[09/17 18:52:22 UTC] Next install: ise-default-dali-0.3.5-1.aarch64.rpm 
[09/17 18:52:22 UTC] Installing: ise-default-dali-0.3.5-1.aarch64.rpm               +++++++++++++++++++++++          [ 924/1262]
[09/17 18:52:22 UTC] Next install: elementary-tizen-1.25.1-0.aarch64.rpm 
[09/17 18:52:22 UTC] Installing: elementary-tizen-1.25.1-0.aarch64.rpm              +++++++++++++++++++++++          [ 925/1262]
[09/17 18:52:23 UTC] Next install: minicontrol-0.2.1-1.aarch64.rpm 
[09/17 18:52:23 UTC] Installing: minicontrol-0.2.1-1.aarch64.rpm                    +++++++++++++++++++++++          [ 926/1262]
[09/17 18:52:23 UTC] Next install: libscl-ui-0.11.11-1.aarch64.rpm 
[09/17 18:52:23 UTC] Installing: libscl-ui-0.11.11-1.aarch64.rpm                    +++++++++++++++++++++++          [ 927/1262]
[09/17 18:52:23 UTC] Next install: ise-default-profile_common-1.13.8-1.aarch64.rpm 
[09/17 18:52:23 UTC] Installing: ise-default-profile_common-1.13.8-1.aarch64.rpm    +++++++++++++++++++++++          [ 928/1262]
[09/17 18:52:24 UTC] Next install: ise-default-1.13.8-1.aarch64.rpm 
[09/17 18:52:24 UTC] Installing: ise-default-1.13.8-1.aarch64.rpm                   +++++++++++++++++++++++          [ 929/1262]
[09/17 18:52:24 UTC] Next install: elementary-tools-1.25.1-0.aarch64.rpm 
[09/17 18:52:24 UTC] Installing: elementary-tools-1.25.1-0.aarch64.rpm              +++++++++++++++++++++++          [ 930/1262]
[09/17 18:52:24 UTC] Next install: efl-modules-profile_common-0.1.1-1.aarch64.rpm 
[09/17 18:52:24 UTC] Installing: efl-modules-profile_common-0.1.1-1.aarch64.rpm     +++++++++++++++++++++++          [ 931/1262]
[09/17 18:52:24 UTC] Next install: efl-config-0.1-0.aarch64.rpm 
[09/17 18:52:24 UTC] Installing: efl-config-0.1-0.aarch64.rpm                       +++++++++++++++++++++++          [ 932/1262]
[09/17 18:52:24 UTC] Next install: component-based-application-1.6.7-1.aarch64.rpm 
[09/17 18:52:24 UTC] Installing: component-based-application-1.6.7-1.aarch64.rpm    +++++++++++++++++++++++          [ 933/1262]
[09/17 18:52:25 UTC] Next install: appcore-widget-1.6.4-1.aarch64.rpm 
[09/17 18:52:25 UTC] Installing: appcore-widget-1.6.4-1.aarch64.rpm                 +++++++++++++++++++++++          [ 934/1262]
[09/17 18:52:25 UTC] Next install: appcore-watch-1.7.25-1.aarch64.rpm 
[09/17 18:52:25 UTC] Installing: appcore-watch-1.7.25-1.aarch64.rpm                 +++++++++++++++++++++++          [ 935/1262]
[09/17 18:52:25 UTC] Next install: chromium-efl-1.1.144-1.aarch64.rpm 
[09/17 18:52:27 UTC] Installing: chromium-efl-1.1.144-1.aarch64.rpm                 +++++++++++++++++++++++          [ 936/1262]
[09/17 18:52:33 UTC] Next install: oauth2-0.0.9-1.aarch64.rpm 
[09/17 18:52:33 UTC] Installing: oauth2-0.0.9-1.aarch64.rpm                         +++++++++++++++++++++++          [ 937/1262]
[09/17 18:52:33 UTC] Next install: dali2-extension-web-engine-chromium-plugin-2.5.37-1.aarch64.rpm 
[09/17 18:52:33 UTC] Installing: dali2-extension-web-engine-chromium-plugin-2.5.37- +++++++++++++++++++++++          [ 938/1262]
[09/17 18:52:34 UTC] Next install: libtpl-egl-1.13.2-0.aarch64.rpm 
[09/17 18:52:34 UTC] Installing: libtpl-egl-1.13.2-0.aarch64.rpm                    +++++++++++++++++++++++          [ 939/1262]
[09/17 18:52:34 UTC] Next install: building-blocks-sub2-domain_API-Context-Activity_Geusture_Recognition-11.0.0-0.aarch64.rpm 
[09/17 18:52:34 UTC] Installing: building-blocks-sub2-domain_API-Context-Activity_G +++++++++++++++++++++++          [ 940/1262]
[09/17 18:52:34 UTC] Next install: system-plugin-backend-resourced-generic-0.1.0-0.aarch64.rpm 
[09/17 18:52:34 UTC] Installing: system-plugin-backend-resourced-generic-0.1.0-0.aa +++++++++++++++++++++++          [ 941/1262]
[09/17 18:52:34 UTC] Next install: building-blocks-sub2-Preset_boards-COMMON-System-11.0.0-0.aarch64.rpm 
[09/17 18:52:34 UTC] Installing: building-blocks-sub2-Preset_boards-COMMON-System-1 +++++++++++++++++++++++          [ 942/1262]
[09/17 18:52:34 UTC] Next install: building-blocks-sub1-Preset_boards-COMMON-11.0.0-0.aarch64.rpm 
[09/17 18:52:34 UTC] Installing: building-blocks-sub1-Preset_boards-COMMON-11.0.0-0 +++++++++++++++++++++++          [ 943/1262]
[09/17 18:52:34 UTC] Next install: bugreport-service-10.0.1-1.aarch64.rpm 
[09/17 18:52:34 UTC] Installing: bugreport-service-10.0.1-1.aarch64.rpm             +++++++++++++++++++++++          [ 944/1262]
[09/17 18:52:34 UTC] Next install: crash-worker-support-regdump-10.0.1-1.aarch64.rpm 
[09/17 18:52:34 UTC] Installing: crash-worker-support-regdump-10.0.1-1.aarch64.rpm  +++++++++++++++++++++++          [ 945/1262]
[09/17 18:52:34 UTC] Next install: crash-worker-10.0.1-1.aarch64.rpm 
[09/17 18:52:34 UTC] Installing: crash-worker-10.0.1-1.aarch64.rpm                  +++++++++++++++++++++++          [ 946/1262]
[09/17 18:52:34 UTC] Next install: building-blocks-sub1-domain_Feature-Diagnostics-11.0.0-0.aarch64.rpm 
[09/17 18:52:34 UTC] Installing: building-blocks-sub1-domain_Feature-Diagnostics-11 ++++++++++++++++++++++++         [ 947/1262]
[09/17 18:52:34 UTC] Next install: building-blocks-sub2-domain_API-UI-Tizen_Core_IMF-11.0.0-0.aarch64.rpm 
[09/17 18:52:34 UTC] Installing: building-blocks-sub2-domain_API-UI-Tizen_Core_IMF- ++++++++++++++++++++++++         [ 948/1262]
[09/17 18:52:34 UTC] Next install: mediacontroller-1.0.17-0.aarch64.rpm 
[09/17 18:52:34 UTC] Installing: mediacontroller-1.0.17-0.aarch64.rpm               ++++++++++++++++++++++++         [ 949/1262]
[09/17 18:52:34 UTC] Next install: building-blocks-sub2-domain_API-Multimedia-Media_Controller-11.0.0-0.aarch64.rpm 
[09/17 18:52:34 UTC] Installing: building-blocks-sub2-domain_API-Multimedia-Media_C ++++++++++++++++++++++++         [ 950/1262]
[09/17 18:52:34 UTC] Next install: wifi-direct-manager-profile_common-1.4.3-1.aarch64.rpm 
[09/17 18:52:34 UTC] Installing: wifi-direct-manager-profile_common-1.4.3-1.aarch64 ++++++++++++++++++++++++         [ 951/1262]
[09/17 18:52:35 UTC] Next install: wifi-direct-plugin-wpasupplicant-1.4.3-1.aarch64.rpm 
[09/17 18:52:35 UTC] Installing: wifi-direct-plugin-wpasupplicant-1.4.3-1.aarch64.r ++++++++++++++++++++++++         [ 952/1262]
[09/17 18:52:35 UTC] Next install: libscreen_connector_provider_tcore-1.9.13-1.aarch64.rpm 
[09/17 18:52:35 UTC] Installing: libscreen_connector_provider_tcore-1.9.13-1.aarch6 ++++++++++++++++++++++++         [ 953/1262]
[09/17 18:52:35 UTC] Next install: appcore-widget-base-tcore-1.6.4-1.aarch64.rpm 
[09/17 18:52:35 UTC] Installing: appcore-widget-base-tcore-1.6.4-1.aarch64.rpm      ++++++++++++++++++++++++         [ 954/1262]
[09/17 18:52:35 UTC] Next install: libscreen_connector_remote_surface-1.9.13-1.aarch64.rpm 
[09/17 18:52:35 UTC] Installing: libscreen_connector_remote_surface-1.9.13-1.aarch6 ++++++++++++++++++++++++         [ 955/1262]
[09/17 18:52:35 UTC] Next install: libscreen_connector_watcher-1.9.13-1.aarch64.rpm 
[09/17 18:52:35 UTC] Installing: libscreen_connector_watcher-1.9.13-1.aarch64.rpm   ++++++++++++++++++++++++         [ 956/1262]
[09/17 18:52:35 UTC] Next install: libwidget_viewer_dali-1.4.12-1.aarch64.rpm 
[09/17 18:52:35 UTC] Installing: libwidget_viewer_dali-1.4.12-1.aarch64.rpm         ++++++++++++++++++++++++         [ 957/1262]
[09/17 18:52:36 UTC] Next install: dali2-csharp-binder-2.5.37-1.aarch64.rpm 
[09/17 18:52:36 UTC] Installing: dali2-csharp-binder-2.5.37-1.aarch64.rpm           ++++++++++++++++++++++++         [ 958/1262]
[09/17 18:52:36 UTC] Next install: dali2-csharp-binder-scene3d-2.5.37-1.aarch64.rpm 
[09/17 18:52:36 UTC] Installing: dali2-csharp-binder-scene3d-2.5.37-1.aarch64.rpm   ++++++++++++++++++++++++         [ 959/1262]
[09/17 18:52:36 UTC] Next install: building-blocks-sub2-domain_API-UI-WidgetViewerDALi-11.0.0-0.aarch64.rpm 
[09/17 18:52:36 UTC] Installing: building-blocks-sub2-domain_API-UI-WidgetViewerDAL ++++++++++++++++++++++++         [ 960/1262]
[09/17 18:52:36 UTC] Next install: building-blocks-sub1-domain_HALAPI-Location-11.0.0-0.aarch64.rpm 
[09/17 18:52:36 UTC] Installing: building-blocks-sub1-domain_HALAPI-Location-11.0.0 ++++++++++++++++++++++++         [ 961/1262]
[09/17 18:52:36 UTC] Next install: resource-monitor-plugin-network-1.0.0-1.aarch64.rpm 
[09/17 18:52:36 UTC] Installing: resource-monitor-plugin-network-1.0.0-1.aarch64.rp ++++++++++++++++++++++++         [ 962/1262]
[09/17 18:52:36 UTC] Next install: building-blocks-sub1-domain_Feature-Resource_Monitor-11.0.0-0.aarch64.rpm 
[09/17 18:52:36 UTC] Installing: building-blocks-sub1-domain_Feature-Resource_Monit ++++++++++++++++++++++++         [ 963/1262]
[09/17 18:52:36 UTC] Next install: building-blocks-sub2-domain_API-System-Resource_Monitor-11.0.0-0.aarch64.rpm 
[09/17 18:52:36 UTC] Installing: building-blocks-sub2-domain_API-System-Resource_Mo ++++++++++++++++++++++++         [ 964/1262]
[09/17 18:52:36 UTC] Next install: building-blocks-sub1-domain_HALAPI-Power-11.0.0-0.aarch64.rpm 
[09/17 18:52:36 UTC] Installing: building-blocks-sub1-domain_HALAPI-Power-11.0.0-0. ++++++++++++++++++++++++         [ 965/1262]
[09/17 18:52:36 UTC] Next install: capi-network-bluetooth-test-0.10.0-2.aarch64.rpm 
[09/17 18:52:36 UTC] Installing: capi-network-bluetooth-test-0.10.0-2.aarch64.rpm   ++++++++++++++++++++++++         [ 966/1262]
[09/17 18:52:36 UTC] Next install: e-mod-tizen-wm-policy-0.6.13-1.aarch64.rpm 
[09/17 18:52:36 UTC] Installing: e-mod-tizen-wm-policy-0.6.13-1.aarch64.rpm         ++++++++++++++++++++++++         [ 967/1262]
[09/17 18:52:36 UTC] Next install: building-blocks-sub1-domain_HALAPI-Sensor-11.0.0-0.aarch64.rpm 
[09/17 18:52:36 UTC] Installing: building-blocks-sub1-domain_HALAPI-Sensor-11.0.0-0 ++++++++++++++++++++++++         [ 968/1262]
[09/17 18:52:36 UTC] Next install: libds-xdg-shell-v6-0.1.24-0.aarch64.rpm 
[09/17 18:52:36 UTC] Installing: libds-xdg-shell-v6-0.1.24-0.aarch64.rpm            ++++++++++++++++++++++++         [ 969/1262]
[09/17 18:52:36 UTC] Next install: libds-tizen-0.1.18-0.aarch64.rpm 
[09/17 18:52:36 UTC] Installing: libds-tizen-0.1.18-0.aarch64.rpm                   ++++++++++++++++++++++++         [ 970/1262]
[09/17 18:52:36 UTC] Next install: building-blocks-sub2-domain_API-Multimedia-Media_Vision_Barcode-11.0.0-0.aarch64.rpm 
[09/17 18:52:36 UTC] Installing: building-blocks-sub2-domain_API-Multimedia-Media_V ++++++++++++++++++++++++         [ 971/1262]
[09/17 18:52:36 UTC] Next install: firmware-update-system-ui-common-1.2.13-0.aarch64.rpm 
[09/17 18:52:36 UTC] Installing: firmware-update-system-ui-common-1.2.13-0.aarch64. ++++++++++++++++++++++++         [ 972/1262]
[09/17 18:52:37 UTC] Next install: e-mod-tizen-effect-0.3.7-1.aarch64.rpm 
[09/17 18:52:37 UTC] Installing: e-mod-tizen-effect-0.3.7-1.aarch64.rpm             ++++++++++++++++++++++++         [ 973/1262]
[09/17 18:52:37 UTC] Next install: pipewire-modules-tizen-0.9.4-1.aarch64.rpm 
[09/17 18:52:37 UTC] Installing: pipewire-modules-tizen-0.9.4-1.aarch64.rpm         ++++++++++++++++++++++++         [ 974/1262]
[09/17 18:52:37 UTC] Next install: building-blocks-sub2-domain_API-Multimedia-AudioCore-11.0.0-0.aarch64.rpm 
[09/17 18:52:37 UTC] Installing: building-blocks-sub2-domain_API-Multimedia-AudioCo ++++++++++++++++++++++++         [ 975/1262]
[09/17 18:52:37 UTC] Next install: building-blocks-sub2-domain_API-Multimedia-Audio_IO-11.0.0-0.aarch64.rpm 
[09/17 18:52:37 UTC] Installing: building-blocks-sub2-domain_API-Multimedia-Audio_I ++++++++++++++++++++++++         [ 976/1262]
[09/17 18:52:37 UTC] Next install: building-blocks-sub2-domain_API-UIX-Voice_control-11.0.0-0.aarch64.rpm 
[09/17 18:52:37 UTC] Installing: building-blocks-sub2-domain_API-UIX-Voice_control- ++++++++++++++++++++++++         [ 977/1262]
[09/17 18:52:37 UTC] Next install: building-blocks-sub2-domain_API-Multimedia-Camera-11.0.0-0.aarch64.rpm 
[09/17 18:52:37 UTC] Installing: building-blocks-sub2-domain_API-Multimedia-Camera- ++++++++++++++++++++++++         [ 978/1262]
[09/17 18:52:37 UTC] Next install: building-blocks-sub2-domain_API-System-Feedback-11.0.0-0.aarch64.rpm 
[09/17 18:52:37 UTC] Installing: building-blocks-sub2-domain_API-System-Feedback-11 ++++++++++++++++++++++++         [ 979/1262]
[09/17 18:52:37 UTC] Next install: building-blocks-sub2-domain_API-Multimedia-WAV_Player-11.0.0-0.aarch64.rpm 
[09/17 18:52:37 UTC] Installing: building-blocks-sub2-domain_API-Multimedia-WAV_Pla ++++++++++++++++++++++++         [ 980/1262]
[09/17 18:52:37 UTC] Next install: building-blocks-sub2-domain_API-Multimedia-Sound_Manager-11.0.0-0.aarch64.rpm 
[09/17 18:52:37 UTC] Installing: building-blocks-sub2-domain_API-Multimedia-Sound_M ++++++++++++++++++++++++         [ 981/1262]
[09/17 18:52:37 UTC] Next install: building-blocks-sub2-domain_API-Multimedia-Recorder-11.0.0-0.aarch64.rpm 
[09/17 18:52:37 UTC] Installing: building-blocks-sub2-domain_API-Multimedia-Recorde ++++++++++++++++++++++++         [ 982/1262]
[09/17 18:52:37 UTC] Next install: building-blocks-sub2-domain_CSAPI-System-Feedback-11.0.0-0.aarch64.rpm 
[09/17 18:52:37 UTC] Installing: building-blocks-sub2-domain_CSAPI-System-Feedback- ++++++++++++++++++++++++         [ 983/1262]
[09/17 18:52:37 UTC] Next install: building-blocks-sub2-Preset_boards-COMMON-Feedback-11.0.0-0.aarch64.rpm 
[09/17 18:52:37 UTC] Installing: building-blocks-sub2-Preset_boards-COMMON-Feedback ++++++++++++++++++++++++         [ 984/1262]
[09/17 18:52:37 UTC] Next install: building-blocks-sub2-Preset_boards-COMMON-Camera_Common-11.0.0-0.aarch64.rpm 
[09/17 18:52:37 UTC] Installing: building-blocks-sub2-Preset_boards-COMMON-Camera_C ++++++++++++++++++++++++         [ 985/1262]
[09/17 18:52:37 UTC] Next install: building-blocks-sub2-domain_API-UIX-Voice_control_elementary-11.0.0-0.aarch64.rpm 
[09/17 18:52:37 UTC] Installing: building-blocks-sub2-domain_API-UIX-Voice_control_ +++++++++++++++++++++++++        [ 986/1262]
[09/17 18:52:37 UTC] Next install: building-blocks-sub2-domain_API-Multimedia-Sound_Pool-11.0.0-0.aarch64.rpm 
[09/17 18:52:37 UTC] Installing: building-blocks-sub2-domain_API-Multimedia-Sound_P +++++++++++++++++++++++++        [ 987/1262]
[09/17 18:52:37 UTC] Next install: building-blocks-sub2-domain_API-Multimedia-OpenAL-11.0.0-0.aarch64.rpm 
[09/17 18:52:37 UTC] Installing: building-blocks-sub2-domain_API-Multimedia-OpenAL- +++++++++++++++++++++++++        [ 988/1262]
[09/17 18:52:37 UTC] Next install: building-blocks-sub1-domain_Feature-Esplusplayer-11.0.0-0.aarch64.rpm 
[09/17 18:52:37 UTC] Installing: building-blocks-sub1-domain_Feature-Esplusplayer-1 +++++++++++++++++++++++++        [ 989/1262]
[09/17 18:52:37 UTC] Next install: capi-system-media-key-tcore-0.2.13-6.aarch64.rpm 
[09/17 18:52:37 UTC] Installing: capi-system-media-key-tcore-0.2.13-6.aarch64.rpm   +++++++++++++++++++++++++        [ 990/1262]
[09/17 18:52:37 UTC] Next install: tzsh-backend-tcore-1.5.8-0.aarch64.rpm 
[09/17 18:52:37 UTC] Installing: tzsh-backend-tcore-1.5.8-0.aarch64.rpm             +++++++++++++++++++++++++        [ 991/1262]
[09/17 18:52:37 UTC] Next install: tzsh-1.5.8-0.aarch64.rpm 
[09/17 18:52:37 UTC] Installing: tzsh-1.5.8-0.aarch64.rpm                           +++++++++++++++++++++++++        [ 992/1262]
[09/17 18:52:37 UTC] Next install: tzsh-backend-efl-1.5.8-0.aarch64.rpm 
[09/17 18:52:37 UTC] Installing: tzsh-backend-efl-1.5.8-0.aarch64.rpm               +++++++++++++++++++++++++        [ 993/1262]
[09/17 18:52:37 UTC] Next install: enlightenment-0.20.0-tz11_3.0.1.aarch64.rpm 
[09/17 18:52:37 UTC] Installing: enlightenment-0.20.0-tz11_3.0.1.aarch64.rpm        +++++++++++++++++++++++++        [ 994/1262]
[09/17 18:52:37 UTC] Next install: building-blocks-sub2-domain_API-UI-Display_Server-11.0.0-0.aarch64.rpm 
[09/17 18:52:37 UTC] Installing: building-blocks-sub2-domain_API-UI-Display_Server- +++++++++++++++++++++++++        [ 995/1262]
[09/17 18:52:37 UTC] Next install: building-blocks-sub2-domain_API-UI-Tizen_WS_Shell-11.0.0-0.aarch64.rpm 
[09/17 18:52:37 UTC] Installing: building-blocks-sub2-domain_API-UI-Tizen_WS_Shell- +++++++++++++++++++++++++        [ 996/1262]
[09/17 18:52:37 UTC] Next install: building-blocks-sub2-domain_API-UI-SDL_GL-11.0.0-0.aarch64.rpm 
[09/17 18:52:37 UTC] Installing: building-blocks-sub2-domain_API-UI-SDL_GL-11.0.0-0 +++++++++++++++++++++++++        [ 997/1262]
[09/17 18:52:37 UTC] Next install: building-blocks-sub2-domain_API-AppFramework-Media_Key_API-11.0.0-0.aarch64.rpm 
[09/17 18:52:37 UTC] Installing: building-blocks-sub2-domain_API-AppFramework-Media +++++++++++++++++++++++++        [ 998/1262]
[09/17 18:52:37 UTC] Next install: building-blocks-sub2-domain_CSAPI-System-MediaKey-11.0.0-0.aarch64.rpm 
[09/17 18:52:37 UTC] Installing: building-blocks-sub2-domain_CSAPI-System-MediaKey- +++++++++++++++++++++++++        [ 999/1262]
[09/17 18:52:37 UTC] Next install: building-blocks-sub2-domain_CSAPI-UI-OpenTK-11.0.0-0.aarch64.rpm 
[09/17 18:52:37 UTC] Installing: building-blocks-sub2-domain_CSAPI-UI-OpenTK-11.0.0 +++++++++++++++++++++++++        [1000/1262]
[09/17 18:52:37 UTC] Next install: vision-source-v4l2-1.2.0-0.aarch64.rpm 
[09/17 18:52:37 UTC] Installing: vision-source-v4l2-1.2.0-0.aarch64.rpm             +++++++++++++++++++++++++        [1001/1262]
[09/17 18:52:38 UTC] Next install: libmm-player-1.1.13-0.aarch64.rpm 
[09/17 18:52:38 UTC] Installing: libmm-player-1.1.13-0.aarch64.rpm                  +++++++++++++++++++++++++        [1002/1262]
[09/17 18:52:38 UTC] Next install: mmsvc-player-1.0.4-0.aarch64.rpm 
[09/17 18:52:38 UTC] Installing: mmsvc-player-1.0.4-0.aarch64.rpm                   +++++++++++++++++++++++++        [1003/1262]
[09/17 18:52:38 UTC] Next install: building-blocks-sub2-domain_API-Multimedia-Player-11.0.0-0.aarch64.rpm 
[09/17 18:52:38 UTC] Installing: building-blocks-sub2-domain_API-Multimedia-Player- +++++++++++++++++++++++++        [1004/1262]
[09/17 18:52:38 UTC] Next install: capi-mediamuxer-0.2.1-0.aarch64.rpm 
[09/17 18:52:38 UTC] Installing: capi-mediamuxer-0.2.1-0.aarch64.rpm                +++++++++++++++++++++++++        [1005/1262]
[09/17 18:52:38 UTC] Next install: building-blocks-sub2-domain_API-Multimedia-Media_Muxer-11.0.0-0.aarch64.rpm 
[09/17 18:52:38 UTC] Installing: building-blocks-sub2-domain_API-Multimedia-Media_M +++++++++++++++++++++++++        [1006/1262]
[09/17 18:52:38 UTC] Next install: capi-mediademuxer-0.2.2-0.aarch64.rpm 
[09/17 18:52:38 UTC] Installing: capi-mediademuxer-0.2.2-0.aarch64.rpm              +++++++++++++++++++++++++        [1007/1262]
[09/17 18:52:39 UTC] Next install: building-blocks-sub2-domain_API-Multimedia-Media_Demuxer-11.0.0-0.aarch64.rpm 
[09/17 18:52:39 UTC] Installing: building-blocks-sub2-domain_API-Multimedia-Media_D +++++++++++++++++++++++++        [1008/1262]
[09/17 18:52:39 UTC] Next install: capi-media-codec-1.2.9-0.aarch64.rpm 
[09/17 18:52:39 UTC] Installing: capi-media-codec-1.2.9-0.aarch64.rpm               +++++++++++++++++++++++++        [1009/1262]
[09/17 18:52:39 UTC] Next install: building-blocks-sub2-domain_API-Multimedia-Media_Codec-11.0.0-0.aarch64.rpm 
[09/17 18:52:39 UTC] Installing: building-blocks-sub2-domain_API-Multimedia-Media_C +++++++++++++++++++++++++        [1010/1262]
[09/17 18:52:39 UTC] Next install: ecore-buffer-1.25.1-0.aarch64.rpm 
[09/17 18:52:39 UTC] Installing: ecore-buffer-1.25.1-0.aarch64.rpm                  +++++++++++++++++++++++++        [1011/1262]
[09/17 18:52:39 UTC] Next install: building-blocks-sub2-domain_API-UI-EFL_NativeUIToolkit-11.0.0-0.aarch64.rpm 
[09/17 18:52:39 UTC] Installing: building-blocks-sub2-domain_API-UI-EFL_NativeUIToo +++++++++++++++++++++++++        [1012/1262]
[09/17 18:52:39 UTC] Next install: building-blocks-sub2-domain_API-UI-EFL_Extension-11.0.0-0.aarch64.rpm 
[09/17 18:52:39 UTC] Installing: building-blocks-sub2-domain_API-UI-EFL_Extension-1 +++++++++++++++++++++++++        [1013/1262]
[09/17 18:52:39 UTC] Next install: building-blocks-sub2-domain_CSAPI-UI-ElmSharp-11.0.0-0.aarch64.rpm 
[09/17 18:52:39 UTC] Installing: building-blocks-sub2-domain_CSAPI-UI-ElmSharp-11.0 +++++++++++++++++++++++++        [1014/1262]
[09/17 18:52:39 UTC] Next install: building-blocks-sub2-domain_API-UI-Aurum-11.0.0-0.aarch64.rpm 
[09/17 18:52:39 UTC] Installing: building-blocks-sub2-domain_API-UI-Aurum-11.0.0-0. +++++++++++++++++++++++++        [1015/1262]
[09/17 18:52:39 UTC] Next install: building-blocks-sub1-domain_HALAPI-Tbm-11.0.0-0.aarch64.rpm 
[09/17 18:52:39 UTC] Installing: building-blocks-sub1-domain_HALAPI-Tbm-11.0.0-0.aa +++++++++++++++++++++++++        [1016/1262]
[09/17 18:52:39 UTC] Next install: building-blocks-sub1-domain_HALAPI-Tdm-11.0.0-0.aarch64.rpm 
[09/17 18:52:39 UTC] Installing: building-blocks-sub1-domain_HALAPI-Tdm-11.0.0-0.aa +++++++++++++++++++++++++        [1017/1262]
[09/17 18:52:39 UTC] Next install: esd-mod-group-0.1.58-1.aarch64.rpm 
[09/17 18:52:39 UTC] Installing: esd-mod-group-0.1.58-1.aarch64.rpm                 +++++++++++++++++++++++++        [1018/1262]
[09/17 18:52:39 UTC] Next install: rpm-security-plugin 
[09/17 18:52:39 UTC] Installing: rpm-security-plugin                                +++++++++++++++++++++++++        [1019/1262]
[09/17 18:52:39 UTC] Next install: rscmgr-service-0.1-13.aarch64.rpm 
[09/17 18:52:39 UTC] Installing: rscmgr-service-0.1-13.aarch64.rpm                  +++++++++++++++++++++++++        [1020/1262]
[09/17 18:52:39 UTC] Next install: building-blocks-sub1-domain_Feature-Rscmgr_service-11.0.0-0.aarch64.rpm 
[09/17 18:52:39 UTC] Installing: building-blocks-sub1-domain_Feature-Rscmgr_service +++++++++++++++++++++++++        [1021/1262]
[09/17 18:52:39 UTC] Next install: building-blocks-sub2-domain_API-AppFramework-United_Service_API-11.0.0-0.aarch64.rpm 
[09/17 18:52:39 UTC] Installing: building-blocks-sub2-domain_API-AppFramework-Unite +++++++++++++++++++++++++        [1022/1262]
[09/17 18:52:39 UTC] Next install: esd-1.1.6-1.aarch64.rpm 
[09/17 18:52:39 UTC] Installing: esd-1.1.6-1.aarch64.rpm                            +++++++++++++++++++++++++        [1023/1262]
[09/17 18:52:39 UTC] Next install: building-blocks-sub2-domain_API-AppFramework-Event_API-11.0.0-0.aarch64.rpm 
[09/17 18:52:39 UTC] Installing: building-blocks-sub2-domain_API-AppFramework-Event +++++++++++++++++++++++++        [1024/1262]
[09/17 18:52:39 UTC] Next install: building-blocks-sub2-domain_CSAPI-Applications-Common-11.0.0-0.aarch64.rpm 
[09/17 18:52:39 UTC] Installing: building-blocks-sub2-domain_CSAPI-Applications-Com +++++++++++++++++++++++++        [1025/1262]
[09/17 18:52:39 UTC] Next install: building-blocks-sub2-domain_CSAPI-Applications-Service-11.0.0-0.aarch64.rpm 
[09/17 18:52:39 UTC] Installing: building-blocks-sub2-domain_CSAPI-Applications-Ser ++++++++++++++++++++++++++       [1026/1262]
[09/17 18:52:39 UTC] Next install: building-blocks-sub2-domain_CSAPI-Applications-Notification-11.0.0-0.aarch64.rpm 
[09/17 18:52:39 UTC] Installing: building-blocks-sub2-domain_CSAPI-Applications-Not ++++++++++++++++++++++++++       [1027/1262]
[09/17 18:52:39 UTC] Next install: building-blocks-sub2-domain_CSAPI-Applications-Alarm-11.0.0-0.aarch64.rpm 
[09/17 18:52:39 UTC] Installing: building-blocks-sub2-domain_CSAPI-Applications-Ala ++++++++++++++++++++++++++       [1028/1262]
[09/17 18:52:39 UTC] Next install: building-blocks-sub2-domain_CSAPI-Applications-WidgetControl-11.0.0-0.aarch64.rpm 
[09/17 18:52:39 UTC] Installing: building-blocks-sub2-domain_CSAPI-Applications-Wid ++++++++++++++++++++++++++       [1029/1262]
[09/17 18:52:39 UTC] Next install: building-blocks-sub2-domain_CSAPI-Applications-UIGadget-11.0.0-0.aarch64.rpm 
[09/17 18:52:39 UTC] Installing: building-blocks-sub2-domain_CSAPI-Applications-UIG ++++++++++++++++++++++++++       [1030/1262]
[09/17 18:52:39 UTC] Next install: building-blocks-sub2-domain_CSAPI-Applications-NotificationEventListener-11.0.0-0.aarch64.rpm 
[09/17 18:52:39 UTC] Installing: building-blocks-sub2-domain_CSAPI-Applications-Not ++++++++++++++++++++++++++       [1031/1262]
[09/17 18:52:39 UTC] Next install: building-blocks-sub2-domain_CSAPI-Applications-MessagePort-11.0.0-0.aarch64.rpm 
[09/17 18:52:39 UTC] Installing: building-blocks-sub2-domain_CSAPI-Applications-Mes ++++++++++++++++++++++++++       [1032/1262]
[09/17 18:52:39 UTC] Next install: building-blocks-sub2-domain_CSAPI-Applications-EventManager-11.0.0-0.aarch64.rpm 
[09/17 18:52:39 UTC] Installing: building-blocks-sub2-domain_CSAPI-Applications-Eve ++++++++++++++++++++++++++       [1033/1262]
[09/17 18:52:39 UTC] Next install: building-blocks-sub2-domain_CSAPI-Applications-DataControl-11.0.0-0.aarch64.rpm 
[09/17 18:52:39 UTC] Installing: building-blocks-sub2-domain_CSAPI-Applications-Dat ++++++++++++++++++++++++++       [1034/1262]
[09/17 18:52:39 UTC] Next install: building-blocks-sub2-domain_CSAPI-UIX-VoiceControlManager-11.0.0-0.aarch64.rpm 
[09/17 18:52:39 UTC] Installing: building-blocks-sub2-domain_CSAPI-UIX-VoiceControl ++++++++++++++++++++++++++       [1035/1262]
[09/17 18:52:39 UTC] Next install: building-blocks-sub1-domain_HALAPI-Bluetooth-11.0.0-0.aarch64.rpm 
[09/17 18:52:39 UTC] Installing: building-blocks-sub1-domain_HALAPI-Bluetooth-11.0. ++++++++++++++++++++++++++       [1036/1262]
[09/17 18:52:39 UTC] Next install: building-blocks-sub1-domain_HALAPI-Camera-11.0.0-0.aarch64.rpm 
[09/17 18:52:39 UTC] Installing: building-blocks-sub1-domain_HALAPI-Camera-11.0.0-0 ++++++++++++++++++++++++++       [1037/1262]
[09/17 18:52:39 UTC] Next install: building-blocks-sub1-domain_HALAPI-Wifi-11.0.0-0.aarch64.rpm 
[09/17 18:52:39 UTC] Installing: building-blocks-sub1-domain_HALAPI-Wifi-11.0.0-0.a ++++++++++++++++++++++++++       [1038/1262]
[09/17 18:52:39 UTC] Next install: capi-media-tone-player-0.2.12-0.aarch64.rpm 
[09/17 18:52:39 UTC] Installing: capi-media-tone-player-0.2.12-0.aarch64.rpm        ++++++++++++++++++++++++++       [1039/1262]
[09/17 18:52:40 UTC] Next install: building-blocks-sub2-domain_API-Multimedia-Tone_Player-11.0.0-0.aarch64.rpm 
[09/17 18:52:40 UTC] Installing: building-blocks-sub2-domain_API-Multimedia-Tone_Pl ++++++++++++++++++++++++++       [1040/1262]
[09/17 18:52:40 UTC] Next install: security-privilege-manager-extension-iot-1.4.3-0.aarch64.rpm 
[09/17 18:52:40 UTC] Installing: security-privilege-manager-extension-iot-1.4.3-0.a ++++++++++++++++++++++++++       [1041/1262]
[09/17 18:52:40 UTC] Next install: privilege-info-0.0.9-1.aarch64.rpm 
[09/17 18:52:40 UTC] Installing: privilege-info-0.0.9-1.aarch64.rpm                 ++++++++++++++++++++++++++       [1042/1262]
[09/17 18:52:40 UTC] Next install: building-blocks-sub2-domain_API-Security-Privilege_Info-11.0.0-0.aarch64.rpm 
[09/17 18:52:40 UTC] Installing: building-blocks-sub2-domain_API-Security-Privilege ++++++++++++++++++++++++++       [1043/1262]
[09/17 18:52:40 UTC] Next install: tizen-watcher-1.0.15-1.aarch64.rpm 
[09/17 18:52:40 UTC] Installing: tizen-watcher-1.0.15-1.aarch64.rpm                 ++++++++++++++++++++++++++       [1044/1262]
[09/17 18:52:41 UTC] Running in chroot, ignoring request: restart
Running in chroot, ignoring request: restart

[09/17 18:52:41 UTC] Next install: building-blocks-sub2-domain_API-AppFramework-Tizen_Watcher_API-11.0.0-0.aarch64.rpm 
[09/17 18:52:41 UTC] Installing: building-blocks-sub2-domain_API-AppFramework-Tizen ++++++++++++++++++++++++++       [1045/1262]
[09/17 18:52:41 UTC] Next install: app2sd-plugin-0.8.2-1.aarch64.rpm 
[09/17 18:52:41 UTC] Installing: app2sd-plugin-0.8.2-1.aarch64.rpm                  ++++++++++++++++++++++++++       [1046/1262]
[09/17 18:52:41 UTC] Next install: building-blocks-sub2-domain_API-AppFramework-External_Storage_Installation-11.0.0-0.aarch64.rpm 
[09/17 18:52:41 UTC] Installing: building-blocks-sub2-domain_API-AppFramework-Exter ++++++++++++++++++++++++++       [1047/1262]
[09/17 18:52:41 UTC] Next install: connman-plugin-openvpn-1.42-4.aarch64.rpm 
[09/17 18:52:41 UTC] Installing: connman-plugin-openvpn-1.42-4.aarch64.rpm          ++++++++++++++++++++++++++       [1048/1262]
[09/17 18:52:41 UTC] Next install: connman-connman-vpnd-1.42-4.aarch64.rpm 
[09/17 18:52:41 UTC] Installing: connman-connman-vpnd-1.42-4.aarch64.rpm            ++++++++++++++++++++++++++       [1049/1262]
[09/17 18:52:41 UTC] Next install: webauthn-ble-1.0.8-1.aarch64.rpm 
[09/17 18:52:41 UTC] Installing: webauthn-ble-1.0.8-1.aarch64.rpm                   ++++++++++++++++++++++++++       [1050/1262]
[09/17 18:52:41 UTC] Next install: building-blocks-sub2-domain_API-Security-WebAuthn-11.0.0-0.aarch64.rpm 
[09/17 18:52:41 UTC] Installing: building-blocks-sub2-domain_API-Security-WebAuthn- ++++++++++++++++++++++++++       [1051/1262]
[09/17 18:52:41 UTC] Next install: building-blocks-sub2-domain_CSAPI-Security-WebAuthn-11.0.0-0.aarch64.rpm 
[09/17 18:52:41 UTC] Installing: building-blocks-sub2-domain_CSAPI-Security-WebAuth ++++++++++++++++++++++++++       [1052/1262]
[09/17 18:52:41 UTC] Next install: bluetooth-frwk-oal-0.10.0-1.aarch64.rpm 
[09/17 18:52:41 UTC] Installing: bluetooth-frwk-oal-0.10.0-1.aarch64.rpm            ++++++++++++++++++++++++++       [1053/1262]
[09/17 18:52:41 UTC] Next install: bluetooth-frwk-service-0.10.0-1.aarch64.rpm 
[09/17 18:52:41 UTC] Installing: bluetooth-frwk-service-0.10.0-1.aarch64.rpm        ++++++++++++++++++++++++++       [1054/1262]
[09/17 18:52:41 UTC] Next install: building-blocks-sub2-domain_API-Network-Bluetooth_BREDR-11.0.0-0.aarch64.rpm 
[09/17 18:52:41 UTC] Installing: building-blocks-sub2-domain_API-Network-Bluetooth_ ++++++++++++++++++++++++++       [1055/1262]
[09/17 18:52:41 UTC] Next install: building-blocks-sub2-domain_API-Network-Bluetooth_Call_Audio-11.0.0-0.aarch64.rpm 
[09/17 18:52:41 UTC] Installing: building-blocks-sub2-domain_API-Network-Bluetooth_ ++++++++++++++++++++++++++       [1056/1262]
[09/17 18:52:41 UTC] Next install: building-blocks-sub2-domain_API-Network-Bluetooth_LE-11.0.0-0.aarch64.rpm 
[09/17 18:52:41 UTC] Installing: building-blocks-sub2-domain_API-Network-Bluetooth_ ++++++++++++++++++++++++++       [1057/1262]
[09/17 18:52:41 UTC] Next install: building-blocks-sub2-domain_API-Network-Bluetooth_Transfer-11.0.0-0.aarch64.rpm 
[09/17 18:52:41 UTC] Installing: building-blocks-sub2-domain_API-Network-Bluetooth_ ++++++++++++++++++++++++++       [1058/1262]
[09/17 18:52:41 UTC] Next install: building-blocks-sub2-domain_API-Network-Bluetooth_Media_Audio-11.0.0-0.aarch64.rpm 
[09/17 18:52:41 UTC] Installing: building-blocks-sub2-domain_API-Network-Bluetooth_ ++++++++++++++++++++++++++       [1059/1262]
[09/17 18:52:41 UTC] Next install: building-blocks-sub2-Preset_boards-COMMON-Bluetooth-11.0.0-0.aarch64.rpm 
[09/17 18:52:41 UTC] Installing: building-blocks-sub2-Preset_boards-COMMON-Bluetoot ++++++++++++++++++++++++++       [1060/1262]
[09/17 18:52:41 UTC] Next install: building-blocks-sub2-Preset_boards-COMMON-Bluetooth_CallAudio-11.0.0-0.aarch64.rpm 
[09/17 18:52:41 UTC] Installing: building-blocks-sub2-Preset_boards-COMMON-Bluetoot ++++++++++++++++++++++++++       [1061/1262]
[09/17 18:52:41 UTC] Next install: building-blocks-sub2-domain_CSAPI-Network-Bluetooth-11.0.0-0.aarch64.rpm 
[09/17 18:52:41 UTC] Installing: building-blocks-sub2-domain_CSAPI-Network-Bluetoot ++++++++++++++++++++++++++       [1062/1262]
[09/17 18:52:41 UTC] Next install: building-blocks-sub2-Preset_boards-COMMON-BLE-11.0.0-0.aarch64.rpm 
[09/17 18:52:41 UTC] Installing: building-blocks-sub2-Preset_boards-COMMON-BLE-11.0 ++++++++++++++++++++++++++       [1063/1262]
[09/17 18:52:41 UTC] Next install: capi-telephony-0.3.0-1.aarch64.rpm 
[09/17 18:52:41 UTC] Installing: capi-telephony-0.3.0-1.aarch64.rpm                 ++++++++++++++++++++++++++       [1064/1262]
[09/17 18:52:41 UTC] Next install: org.tizen.stt-engine-default-1.100.3-1.aarch64.rpm 
[09/17 18:52:41 UTC] Installing: org.tizen.stt-engine-default-1.100.3-1.aarch64.rpm +++++++++++++++++++++++++++      [1065/1262]
[09/17 18:52:42 UTC] Next install: ua-plugin-wifi-dummy-0.14.0-1.aarch64.rpm 
[09/17 18:52:42 UTC] Installing: ua-plugin-wifi-dummy-0.14.0-1.aarch64.rpm          +++++++++++++++++++++++++++      [1066/1262]
[09/17 18:52:42 UTC] Next install: setup-adaptor-0.3.1-0.aarch64.rpm 
[09/17 18:52:42 UTC] Installing: setup-adaptor-0.3.1-0.aarch64.rpm                  +++++++++++++++++++++++++++      [1067/1262]
[09/17 18:52:42 UTC] Next install: building-blocks-sub1-domain_Feature-Setup-11.0.0-0.aarch64.rpm 
[09/17 18:52:42 UTC] Installing: building-blocks-sub1-domain_Feature-Setup-11.0.0-0 +++++++++++++++++++++++++++      [1068/1262]
[09/17 18:52:42 UTC] Next install: capi-network-http-0.0.39-0.aarch64.rpm 
[09/17 18:52:42 UTC] Installing: capi-network-http-0.0.39-0.aarch64.rpm             +++++++++++++++++++++++++++      [1069/1262]
[09/17 18:52:42 UTC] Next install: capi-network-wifi-manager-tool-1.3.24-0.aarch64.rpm 
[09/17 18:52:42 UTC] Installing: capi-network-wifi-manager-tool-1.3.24-0.aarch64.rp +++++++++++++++++++++++++++      [1070/1262]
[09/17 18:52:42 UTC] Next install: hal-api-radio-1.0.1-0.aarch64.rpm 
[09/17 18:52:42 UTC] Installing: hal-api-radio-1.0.1-0.aarch64.rpm                  +++++++++++++++++++++++++++      [1071/1262]
[09/17 18:52:43 UTC] Next install: building-blocks-sub1-domain_HALAPI-Radio-11.0.0-0.aarch64.rpm 
[09/17 18:52:43 UTC] Installing: building-blocks-sub1-domain_HALAPI-Radio-11.0.0-0. +++++++++++++++++++++++++++      [1072/1262]
[09/17 18:52:43 UTC] Next install: hal-api-nfc-0.0.1-1.aarch64.rpm 
[09/17 18:52:43 UTC] Installing: hal-api-nfc-0.0.1-1.aarch64.rpm                    +++++++++++++++++++++++++++      [1073/1262]
[09/17 18:52:43 UTC] Next install: building-blocks-sub1-domain_HALAPI-Nfc-11.0.0-0.aarch64.rpm 
[09/17 18:52:43 UTC] Installing: building-blocks-sub1-domain_HALAPI-Nfc-11.0.0-0.aa +++++++++++++++++++++++++++      [1074/1262]
[09/17 18:52:43 UTC] Next install: hal-api-common-haltests-2.0.0-2.aarch64.rpm 
[09/17 18:52:43 UTC] Installing: hal-api-common-haltests-2.0.0-2.aarch64.rpm        +++++++++++++++++++++++++++      [1075/1262]
[09/17 18:52:43 UTC] Next install: building-blocks-sub1-domain_HALAPI-Common-11.0.0-0.aarch64.rpm 
[09/17 18:52:43 UTC] Installing: building-blocks-sub1-domain_HALAPI-Common-11.0.0-0 +++++++++++++++++++++++++++      [1076/1262]
[09/17 18:52:43 UTC] Next install: building-blocks-root-domain_HALAPI-11.0.0-0.aarch64.rpm 
[09/17 18:52:43 UTC] Installing: building-blocks-root-domain_HALAPI-11.0.0-0.aarch6 +++++++++++++++++++++++++++      [1077/1262]
[09/17 18:52:43 UTC] Next install: mmi-2.2.2-0.aarch64.rpm 
[09/17 18:52:43 UTC] Installing: mmi-2.2.2-0.aarch64.rpm                            +++++++++++++++++++++++++++      [1078/1262]
[09/17 18:52:43 UTC] Next install: building-blocks-sub2-domain_API-UIX-Multi_modal_interaction-11.0.0-0.aarch64.rpm 
[09/17 18:52:43 UTC] Installing: building-blocks-sub2-domain_API-UIX-Multi_modal_in +++++++++++++++++++++++++++      [1079/1262]
[09/17 18:52:43 UTC] Next install: component-based-port-1.6.7-1.aarch64.rpm 
[09/17 18:52:43 UTC] Installing: component-based-port-1.6.7-1.aarch64.rpm           +++++++++++++++++++++++++++      [1080/1262]
[09/17 18:52:44 UTC] Next install: capi-appfw-component-manager-1.2.6-1.aarch64.rpm 
[09/17 18:52:44 UTC] Installing: capi-appfw-component-manager-1.2.6-1.aarch64.rpm   +++++++++++++++++++++++++++      [1081/1262]
[09/17 18:52:44 UTC] Next install: building-blocks-sub2-domain_API-AppFramework-Component_Manager_API-11.0.0-0.aarch64.rpm 
[09/17 18:52:44 UTC] Installing: building-blocks-sub2-domain_API-AppFramework-Compo +++++++++++++++++++++++++++      [1082/1262]
[09/17 18:52:44 UTC] Next install: sessiond-11.0.0-1.aarch64.rpm 
[09/17 18:52:44 UTC] Installing: sessiond-11.0.0-1.aarch64.rpm                      +++++++++++++++++++++++++++      [1083/1262]
[09/17 18:52:44 UTC] Running in chroot, ignoring request: daemon-reload
Running in chroot, ignoring request: restart

[09/17 18:52:44 UTC] Next install: libdumpsys-user-2.0.16-1.aarch64.rpm 
[09/17 18:52:44 UTC] Installing: libdumpsys-user-2.0.16-1.aarch64.rpm               +++++++++++++++++++++++++++      [1084/1262]
[09/17 18:52:44 UTC] Next install: building-blocks-sub2-domain_API-System-Diagnostics-11.0.0-0.aarch64.rpm 
[09/17 18:52:44 UTC] Installing: building-blocks-sub2-domain_API-System-Diagnostics +++++++++++++++++++++++++++      [1085/1262]
[09/17 18:52:44 UTC] Next install: building-blocks-sub2-domain_CSAPI-System-Inspections-11.0.0-0.aarch64.rpm 
[09/17 18:52:44 UTC] Installing: building-blocks-sub2-domain_CSAPI-System-Inspectio +++++++++++++++++++++++++++      [1086/1262]
[09/17 18:52:44 UTC] Next install: isu-plugin-parser-9.0.6-1.aarch64.rpm 
[09/17 18:52:44 UTC] Installing: isu-plugin-parser-9.0.6-1.aarch64.rpm              +++++++++++++++++++++++++++      [1087/1262]
[09/17 18:52:44 UTC] Next install: isu-9.0.6-1.aarch64.rpm 
[09/17 18:52:44 UTC] Installing: isu-9.0.6-1.aarch64.rpm                            +++++++++++++++++++++++++++      [1088/1262]
[09/17 18:52:44 UTC] Next install: building-blocks-sub1-domain_Feature-ISU-11.0.0-0.aarch64.rpm 
[09/17 18:52:44 UTC] Installing: building-blocks-sub1-domain_Feature-ISU-11.0.0-0.a +++++++++++++++++++++++++++      [1089/1262]
[09/17 18:52:44 UTC] Next install: vconf-internal-keys-0.0.201-0.aarch64.rpm 
[09/17 18:52:44 UTC] Installing: vconf-internal-keys-0.0.201-0.aarch64.rpm          +++++++++++++++++++++++++++      [1090/1262]
[09/17 18:55:29 UTC] Next install: system-plugin-backend-deviced-headed-0.1.0-0.aarch64.rpm 
[09/17 18:55:29 UTC] Installing: system-plugin-backend-deviced-headed-0.1.0-0.aarch +++++++++++++++++++++++++++      [1091/1262]
[09/17 18:55:29 UTC] Next install: stc-manager-0.1.7-0.aarch64.rpm 
[09/17 18:55:29 UTC] Installing: stc-manager-0.1.7-0.aarch64.rpm                    +++++++++++++++++++++++++++      [1092/1262]
[09/17 18:55:29 UTC] Next install: inm-manager-0.0.35-1.aarch64.rpm 
[09/17 18:55:29 UTC] Installing: inm-manager-0.0.35-1.aarch64.rpm                   +++++++++++++++++++++++++++      [1093/1262]
[09/17 18:55:29 UTC] Next install: e-mod-tizen-wl-textinput-0.11.28-1.aarch64.rpm 
[09/17 18:55:29 UTC] Installing: e-mod-tizen-wl-textinput-0.11.28-1.aarch64.rpm     +++++++++++++++++++++++++++      [1094/1262]
[09/17 18:55:29 UTC] Next install: e-tizen-data-profile_common-0.6.41-0.noarch.rpm 
[09/17 18:55:30 UTC] Installing: e-tizen-data-profile_common-0.6.41-0.noarch.rpm    +++++++++++++++++++++++++++      [1095/1262]
[09/17 18:55:30 UTC] Next install: building-blocks-sub2-Preset_boards-COMMON-Display-11.0.0-0.aarch64.rpm 
[09/17 18:55:30 UTC] Installing: building-blocks-sub2-Preset_boards-COMMON-Display- +++++++++++++++++++++++++++      [1096/1262]
[09/17 18:55:30 UTC] Next install: building-blocks-sub2-Preset_boards-COMMON-EFL-11.0.0-0.aarch64.rpm 
[09/17 18:55:30 UTC] Installing: building-blocks-sub2-Preset_boards-COMMON-EFL-11.0 +++++++++++++++++++++++++++      [1097/1262]
[09/17 18:55:30 UTC] Next install: building-blocks-sub2-Preset_boards-COMMON-Camera-11.0.0-0.aarch64.rpm 
[09/17 18:55:30 UTC] Installing: building-blocks-sub2-Preset_boards-COMMON-Camera-1 +++++++++++++++++++++++++++      [1098/1262]
[09/17 18:55:30 UTC] Next install: e-mod-tizen-screen-reader-0.0.6-1.aarch64.rpm 
[09/17 18:55:30 UTC] Installing: e-mod-tizen-screen-reader-0.0.6-1.aarch64.rpm      +++++++++++++++++++++++++++      [1099/1262]
[09/17 18:55:30 UTC] Next install: building-blocks-sub2-domain_API-UI-EFL_ELM_Accessbility-11.0.0-0.aarch64.rpm 
[09/17 18:55:30 UTC] Installing: building-blocks-sub2-domain_API-UI-EFL_ELM_Accessb +++++++++++++++++++++++++++      [1100/1262]
[09/17 18:55:30 UTC] Next install: csapi-tizenfx-15.0.0.19417-1.noarch.rpm 
[09/17 18:55:30 UTC] Installing: csapi-tizenfx-15.0.0.19417-1.noarch.rpm            +++++++++++++++++++++++++++      [1101/1262]
[09/17 18:55:32 UTC] /bin/chown: cannot access `/run/buxton2/memory.db': No such file or directory

[09/17 18:55:32 UTC] Next install: csapi-tizenfx-full-15.0.0.19417-1.noarch.rpm 
[09/17 18:55:32 UTC] Installing: csapi-tizenfx-full-15.0.0.19417-1.noarch.rpm       +++++++++++++++++++++++++++      [1102/1262]
[09/17 18:55:32 UTC] Next install: activationd-0.2.2-0.aarch64.rpm 
[09/17 18:55:32 UTC] Installing: activationd-0.2.2-0.aarch64.rpm                    +++++++++++++++++++++++++++      [1103/1262]
[09/17 18:55:32 UTC] Next install: podofo-0.9.7-0.aarch64.rpm 
[09/17 18:55:32 UTC] Installing: podofo-0.9.7-0.aarch64.rpm                         +++++++++++++++++++++++++++      [1104/1262]
[09/17 18:55:33 UTC] Next install: libmedia-service-0.8.8-0.aarch64.rpm 
[09/17 18:55:33 UTC] Installing: libmedia-service-0.8.8-0.aarch64.rpm               ++++++++++++++++++++++++++++     [1105/1262]
[09/17 18:55:33 UTC] Next install: capi-content-media-content-0.6.12-0.aarch64.rpm 
[09/17 18:55:33 UTC] Installing: capi-content-media-content-0.6.12-0.aarch64.rpm    ++++++++++++++++++++++++++++     [1106/1262]
[09/17 18:55:33 UTC] Next install: webapi-plugins-profile_mobile-2.92-0.aarch64.rpm 
[09/17 18:55:33 UTC] Installing: webapi-plugins-profile_mobile-2.92-0.aarch64.rpm   ++++++++++++++++++++++++++++     [1107/1262]
[09/17 18:55:34 UTC] Next install: building-blocks-sub2-domain_API-Content-Media_Content-11.0.0-0.aarch64.rpm 
[09/17 18:55:34 UTC] Installing: building-blocks-sub2-domain_API-Content-Media_Cont ++++++++++++++++++++++++++++     [1108/1262]
[09/17 18:55:34 UTC] Next install: webapi-plugins-2.92-0.aarch64.rpm 
[09/17 18:55:34 UTC] Installing: webapi-plugins-2.92-0.aarch64.rpm                  ++++++++++++++++++++++++++++     [1109/1262]
[09/17 18:55:34 UTC] Next install: cordova-api-0.18-0.aarch64.rpm 
[09/17 18:55:34 UTC] Installing: cordova-api-0.18-0.aarch64.rpm                     ++++++++++++++++++++++++++++     [1110/1262]
[09/17 18:55:34 UTC] Next install: org.tizen.inputdelegator-profile_common-0.11.3-1.aarch64.rpm 
[09/17 18:55:34 UTC] Installing: org.tizen.inputdelegator-profile_common-0.11.3-1.a ++++++++++++++++++++++++++++     [1111/1262]
[09/17 18:55:34 UTC] Next install: org.tizen.inputdelegator-0.11.3-1.aarch64.rpm 
[09/17 18:55:34 UTC] Installing: org.tizen.inputdelegator-0.11.3-1.aarch64.rpm      ++++++++++++++++++++++++++++     [1112/1262]
[09/17 18:55:34 UTC] Next install: mtp-responder-0.0.33-1.aarch64.rpm 
[09/17 18:55:34 UTC] Installing: mtp-responder-0.0.33-1.aarch64.rpm                 ++++++++++++++++++++++++++++     [1113/1262]
[09/17 18:55:34 UTC] Next install: sync-service-0.3.47-1.aarch64.rpm 
[09/17 18:55:34 UTC] Installing: sync-service-0.3.47-1.aarch64.rpm                  ++++++++++++++++++++++++++++     [1114/1262]
[09/17 18:55:34 UTC] Next install: libcore-sync-client-0.3.47-1.aarch64.rpm 
[09/17 18:55:34 UTC] Installing: libcore-sync-client-0.3.47-1.aarch64.rpm           ++++++++++++++++++++++++++++     [1115/1262]
[09/17 18:55:34 UTC] Next install: building-blocks-sub2-domain_API-Account-Sync_Manager-11.0.0-0.aarch64.rpm 
[09/17 18:55:34 UTC] Installing: building-blocks-sub2-domain_API-Account-Sync_Manag ++++++++++++++++++++++++++++     [1116/1262]
[09/17 18:55:34 UTC] Next install: default-fonts-sdk-1.2.1.0-10.aarch64.rpm 
[09/17 18:55:34 UTC] Installing: default-fonts-sdk-1.2.1.0-10.aarch64.rpm           ++++++++++++++++++++++++++++     [1117/1262]
[09/17 18:55:38 UTC] Next install: building-blocks-sub2-domain_API-UI-FontConfig-11.0.0-0.aarch64.rpm 
[09/17 18:55:38 UTC] Installing: building-blocks-sub2-domain_API-UI-FontConfig-11.0 ++++++++++++++++++++++++++++     [1118/1262]
[09/17 18:55:38 UTC] Next install: building-blocks-sub2-domain_API-AppFramework-Native_EFL_UI_app_model-11.0.0-0.aarch64.rpm 
[09/17 18:55:38 UTC] Installing: building-blocks-sub2-domain_API-AppFramework-Nativ ++++++++++++++++++++++++++++     [1119/1262]
[09/17 18:55:38 UTC] Next install: building-blocks-sub2-domain_API-UI-DALi2-11.0.0-0.aarch64.rpm 
[09/17 18:55:38 UTC] Installing: building-blocks-sub2-domain_API-UI-DALi2-11.0.0-0. ++++++++++++++++++++++++++++     [1120/1262]
[09/17 18:55:38 UTC] Next install: building-blocks-sub2-domain_API-AppFramework-Native_EFL_Component_Based_App_Model-11.0.0-0.aarch64.rpm 
[09/17 18:55:38 UTC] Installing: building-blocks-sub2-domain_API-AppFramework-Nativ ++++++++++++++++++++++++++++     [1121/1262]
[09/17 18:55:38 UTC] Next install: building-blocks-sub2-domain_API-Web-WebView-11.0.0-0.aarch64.rpm 
[09/17 18:55:38 UTC] Installing: building-blocks-sub2-domain_API-Web-WebView-11.0.0 ++++++++++++++++++++++++++++     [1122/1262]
[09/17 18:55:38 UTC] Next install: building-blocks-sub2-domain_API-Account-OAuth2-11.0.0-0.aarch64.rpm 
[09/17 18:55:38 UTC] Installing: building-blocks-sub2-domain_API-Account-OAuth2-11. ++++++++++++++++++++++++++++     [1123/1262]
[09/17 18:55:38 UTC] Next install: building-blocks-sub2-domain_CSAPI-Account-OAuth2-11.0.0-0.aarch64.rpm 
[09/17 18:55:38 UTC] Installing: building-blocks-sub2-domain_CSAPI-Account-OAuth2-1 ++++++++++++++++++++++++++++     [1124/1262]
[09/17 18:55:38 UTC] Next install: building-blocks-sub2-domain_CSAPI-Applications-ComponentBased-11.0.0-0.aarch64.rpm 
[09/17 18:55:38 UTC] Installing: building-blocks-sub2-domain_CSAPI-Applications-Com ++++++++++++++++++++++++++++     [1125/1262]
[09/17 18:55:38 UTC] Next install: building-blocks-sub2-domain_CSAPI-UI-NUI-11.0.0-0.aarch64.rpm 
[09/17 18:55:38 UTC] Installing: building-blocks-sub2-domain_CSAPI-UI-NUI-11.0.0-0. ++++++++++++++++++++++++++++     [1126/1262]
[09/17 18:55:38 UTC] Next install: building-blocks-sub2-Preset_boards-COMMON-DALi2-11.0.0-0.aarch64.rpm 
[09/17 18:55:38 UTC] Installing: building-blocks-sub2-Preset_boards-COMMON-DALi2-11 ++++++++++++++++++++++++++++     [1127/1262]
[09/17 18:55:38 UTC] Next install: building-blocks-sub2-domain_CSAPI-Applications-UI-11.0.0-0.aarch64.rpm 
[09/17 18:55:38 UTC] Installing: building-blocks-sub2-domain_CSAPI-Applications-UI- ++++++++++++++++++++++++++++     [1128/1262]
[09/17 18:55:38 UTC] Next install: building-blocks-sub2-domain_API-UI-Minicontrol-11.0.0-0.aarch64.rpm 
[09/17 18:55:38 UTC] Installing: building-blocks-sub2-domain_API-UI-Minicontrol-11. ++++++++++++++++++++++++++++     [1129/1262]
[09/17 18:55:38 UTC] Next install: libgum-1.0.8-0.aarch64.rpm 
[09/17 18:55:38 UTC] Installing: libgum-1.0.8-0.aarch64.rpm                         ++++++++++++++++++++++++++++     [1130/1262]
[09/17 18:55:38 UTC] Next install: gumd-1.0.8-0.aarch64.rpm 
[09/17 18:55:38 UTC] Installing: gumd-1.0.8-0.aarch64.rpm                           ++++++++++++++++++++++++++++     [1131/1262]
[09/17 18:55:39 UTC] Next install: app-installers-1.37.9-1.aarch64.rpm 
[09/17 18:55:39 UTC] Installing: app-installers-1.37.9-1.aarch64.rpm                ++++++++++++++++++++++++++++     [1132/1262]
[09/17 18:55:39 UTC] Next install: tpk-installer-1.11.6-1.aarch64.rpm 
[09/17 18:55:39 UTC] Installing: tpk-installer-1.11.6-1.aarch64.rpm                 ++++++++++++++++++++++++++++     [1133/1262]
[09/17 18:55:39 UTC] Next install: tpk-backend-1.11.6-1.aarch64.rpm 
[09/17 18:55:39 UTC] Installing: tpk-backend-1.11.6-1.aarch64.rpm                   ++++++++++++++++++++++++++++     [1134/1262]
[09/17 18:55:39 UTC] Next install: wgt-installer-0.18.8-1.aarch64.rpm 
[09/17 18:55:39 UTC] Installing: wgt-installer-0.18.8-1.aarch64.rpm                 ++++++++++++++++++++++++++++     [1135/1262]
[09/17 18:55:39 UTC] Next install: tlm-1.0.3-1.aarch64.rpm 
[09/17 18:55:39 UTC] Installing: tlm-1.0.3-1.aarch64.rpm                            ++++++++++++++++++++++++++++     [1136/1262]
[09/17 18:55:39 UTC] Next install: resourced-bin-10.0.0-1.aarch64.rpm 
[09/17 18:55:39 UTC] Installing: resourced-bin-10.0.0-1.aarch64.rpm                 ++++++++++++++++++++++++++++     [1137/1262]
[09/17 18:55:39 UTC] Next install: resourced-watchdog-handler-10.0.0-1.aarch64.rpm 
[09/17 18:55:39 UTC] Installing: resourced-watchdog-handler-10.0.0-1.aarch64.rpm    ++++++++++++++++++++++++++++     [1138/1262]
[09/17 18:55:40 UTC] Next install: resourced-10.0.0-1.aarch64.rpm 
[09/17 18:55:40 UTC] Installing: resourced-10.0.0-1.aarch64.rpm                     ++++++++++++++++++++++++++++     [1139/1262]
[09/17 18:55:40 UTC] Next install: building-blocks-sub1-domain_Feature-Resource_manager-11.0.0-0.aarch64.rpm 
[09/17 18:55:40 UTC] Installing: building-blocks-sub1-domain_Feature-Resource_manag ++++++++++++++++++++++++++++     [1140/1262]
[09/17 18:55:40 UTC] Next install: tlm-config-common-singleseat-1.0.3-1.aarch64.rpm 
[09/17 18:55:40 UTC] Installing: tlm-config-common-singleseat-1.0.3-1.aarch64.rpm   ++++++++++++++++++++++++++++     [1141/1262]
[09/17 18:55:40 UTC] Next install: wgt-backend-0.18.8-1.aarch64.rpm 
[09/17 18:55:40 UTC] Installing: wgt-backend-0.18.8-1.aarch64.rpm                   ++++++++++++++++++++++++++++     [1142/1262]
[09/17 18:55:40 UTC] Next install: building-blocks-sub1-domain_Feature-WebAPI-11.0.0-0.aarch64.rpm 
[09/17 18:55:40 UTC] Installing: building-blocks-sub1-domain_Feature-WebAPI-11.0.0- ++++++++++++++++++++++++++++     [1143/1262]
[09/17 18:55:40 UTC] Next install: org.tizen.share-panel_common-2.0.1-0.aarch64.rpm 
[09/17 18:55:40 UTC] Installing: org.tizen.share-panel_common-2.0.1-0.aarch64.rpm   +++++++++++++++++++++++++++++    [1144/1262]
[09/17 18:55:40 UTC] Next install: org.tizen.homescreen-1.0.0-1.aarch64.rpm 
[09/17 18:55:40 UTC] Installing: org.tizen.homescreen-1.0.0-1.aarch64.rpm           +++++++++++++++++++++++++++++    [1145/1262]
[09/17 18:55:40 UTC] Next install: building-blocks-sub1-domain_Feature-Starter-11.0.0-0.aarch64.rpm 
[09/17 18:55:40 UTC] Installing: building-blocks-sub1-domain_Feature-Starter-11.0.0 +++++++++++++++++++++++++++++    [1146/1262]
[09/17 18:55:40 UTC] Next install: org.tizen.cssetting-accessibility-1.1.0-1.aarch64.rpm 
[09/17 18:55:40 UTC] Installing: org.tizen.cssetting-accessibility-1.1.0-1.aarch64. +++++++++++++++++++++++++++++    [1147/1262]
[09/17 18:55:40 UTC] Next install: org.tizen.askuser-popup-profile_iot-3.0.0-0.aarch64.rpm 
[09/17 18:55:40 UTC] Installing: org.tizen.askuser-popup-profile_iot-3.0.0-0.aarch6 +++++++++++++++++++++++++++++    [1148/1262]
[09/17 18:55:40 UTC] Next install: org.tizen.ise-default-nui-1.0.0-1.aarch64.rpm 
[09/17 18:55:40 UTC] Installing: org.tizen.ise-default-nui-1.0.0-1.aarch64.rpm      +++++++++++++++++++++++++++++    [1149/1262]
[09/17 18:55:40 UTC] Next install: rpk-installer-0.5.6-1.aarch64.rpm 
[09/17 18:55:40 UTC] Installing: rpk-installer-0.5.6-1.aarch64.rpm                  +++++++++++++++++++++++++++++    [1150/1262]
[09/17 18:55:41 UTC] Next install: unified-installer-0.1.1-1.aarch64.rpm 
[09/17 18:55:41 UTC] Installing: unified-installer-0.1.1-1.aarch64.rpm              +++++++++++++++++++++++++++++    [1151/1262]
[09/17 18:55:41 UTC] Next install: unified-backend-0.1.1-1.aarch64.rpm 
[09/17 18:55:41 UTC] Installing: unified-backend-0.1.1-1.aarch64.rpm                +++++++++++++++++++++++++++++    [1152/1262]
[09/17 18:55:41 UTC] Next install: org.tizen.cssetting-voicecontrol-1.1.2-1.aarch64.rpm 
[09/17 18:55:41 UTC] Installing: org.tizen.cssetting-voicecontrol-1.1.2-1.aarch64.r +++++++++++++++++++++++++++++    [1153/1262]
[09/17 18:55:41 UTC] Next install: org.tizen.cssetting-tts-1.0.0-1.aarch64.rpm 
[09/17 18:55:41 UTC] Installing: org.tizen.cssetting-tts-1.0.0-1.aarch64.rpm        +++++++++++++++++++++++++++++    [1154/1262]
[09/17 18:55:41 UTC] Next install: org.tizen.cssetting-stt-1.0.0-1.aarch64.rpm 
[09/17 18:55:41 UTC] Installing: org.tizen.cssetting-stt-1.0.0-1.aarch64.rpm        +++++++++++++++++++++++++++++    [1155/1262]
[09/17 18:55:41 UTC] Next install: org.tizen.cssetting-inputmethod-1.1.2-1.aarch64.rpm 
[09/17 18:55:41 UTC] Installing: org.tizen.cssetting-inputmethod-1.1.2-1.aarch64.rp +++++++++++++++++++++++++++++    [1156/1262]
[09/17 18:55:41 UTC] Next install: building-blocks-sub2-domain_API-UIX-Input_Method-11.0.0-0.aarch64.rpm 
[09/17 18:55:41 UTC] Installing: building-blocks-sub2-domain_API-UIX-Input_Method-1 +++++++++++++++++++++++++++++    [1157/1262]
[09/17 18:55:41 UTC] Next install: org.tizen.cssetting-autofill-1.1.1-1.aarch64.rpm 
[09/17 18:55:41 UTC] Installing: org.tizen.cssetting-autofill-1.1.1-1.aarch64.rpm   +++++++++++++++++++++++++++++    [1158/1262]
[09/17 18:55:42 UTC] Next install: building-blocks-sub2-domain_API-UIX-Autofill-11.0.0-0.aarch64.rpm 
[09/17 18:55:42 UTC] Installing: building-blocks-sub2-domain_API-UIX-Autofill-11.0. +++++++++++++++++++++++++++++    [1159/1262]
[09/17 18:55:42 UTC] Next install: building-blocks-sub2-domain_CSAPI-UIX-InputMethodManager-11.0.0-0.aarch64.rpm 
[09/17 18:55:42 UTC] Installing: building-blocks-sub2-domain_CSAPI-UIX-InputMethodM +++++++++++++++++++++++++++++    [1160/1262]
[09/17 18:55:42 UTC] Next install: building-blocks-sub2-domain_CSAPI-UIX-InputMethod-11.0.0-0.aarch64.rpm 
[09/17 18:55:42 UTC] Installing: building-blocks-sub2-domain_CSAPI-UIX-InputMethod- +++++++++++++++++++++++++++++    [1161/1262]
[09/17 18:55:42 UTC] Next install: building-blocks-sub2-Preset_boards-COMMON-IM-11.0.0-0.aarch64.rpm 
[09/17 18:55:42 UTC] Installing: building-blocks-sub2-Preset_boards-COMMON-IM-11.0. +++++++++++++++++++++++++++++    [1162/1262]
[09/17 18:55:42 UTC] Next install: building-blocks-sub2-domain_CSAPI-UIX-VoiceControl-11.0.0-0.aarch64.rpm 
[09/17 18:55:42 UTC] Installing: building-blocks-sub2-domain_CSAPI-UIX-VoiceControl +++++++++++++++++++++++++++++    [1163/1262]
[09/17 18:55:42 UTC] Next install: org.tizen.volume-2.0.3-1.aarch64.rpm 
[09/17 18:55:42 UTC] Installing: org.tizen.volume-2.0.3-1.aarch64.rpm               +++++++++++++++++++++++++++++    [1164/1262]
[09/17 18:55:42 UTC] Next install: org.tizen.systemui-1.0.3-1.aarch64.rpm 
[09/17 18:55:42 UTC] Installing: org.tizen.systemui-1.0.3-1.aarch64.rpm             +++++++++++++++++++++++++++++    [1165/1262]
[09/17 18:55:42 UTC] Next install: building-blocks-sub1-feature_App-IoT_Headed_Ref_image-11.0.0-0.aarch64.rpm 
[09/17 18:55:42 UTC] Installing: building-blocks-sub1-feature_App-IoT_Headed_Ref_im +++++++++++++++++++++++++++++    [1166/1262]
[09/17 18:55:42 UTC] Next install: gum-utils-1.0.8-0.aarch64.rpm 
[09/17 18:55:42 UTC] Installing: gum-utils-1.0.8-0.aarch64.rpm                      +++++++++++++++++++++++++++++    [1167/1262]
[09/17 18:55:42 UTC] Next install: pkgmgr-server-1.1.3-1.aarch64.rpm 
[09/17 18:55:42 UTC] Installing: pkgmgr-server-1.1.3-1.aarch64.rpm                  +++++++++++++++++++++++++++++    [1168/1262]
[09/17 18:55:42 UTC] Next install: building-blocks-sub2-domain_API-AppFramework-TPK_Installation-11.0.0-0.aarch64.rpm 
[09/17 18:55:42 UTC] Installing: building-blocks-sub2-domain_API-AppFramework-TPK_I +++++++++++++++++++++++++++++    [1169/1262]
[09/17 18:55:42 UTC] Next install: building-blocks-sub2-domain_API-UIX-TTS-11.0.0-0.aarch64.rpm 
[09/17 18:55:42 UTC] Installing: building-blocks-sub2-domain_API-UIX-TTS-11.0.0-0.a +++++++++++++++++++++++++++++    [1170/1262]
[09/17 18:55:42 UTC] Next install: building-blocks-sub2-domain_API-UIX-STT-11.0.0-0.aarch64.rpm 
[09/17 18:55:42 UTC] Installing: building-blocks-sub2-domain_API-UIX-STT-11.0.0-0.a +++++++++++++++++++++++++++++    [1171/1262]
[09/17 18:55:42 UTC] Next install: building-blocks-sub2-domain_CSAPI-Applications-PackageManager-11.0.0-0.aarch64.rpm 
[09/17 18:55:42 UTC] Installing: building-blocks-sub2-domain_CSAPI-Applications-Pac +++++++++++++++++++++++++++++    [1172/1262]
[09/17 18:55:42 UTC] Next install: building-blocks-sub2-domain_CSAPI-Security-Security-11.0.0-0.aarch64.rpm 
[09/17 18:55:42 UTC] Installing: building-blocks-sub2-domain_CSAPI-Security-Securit +++++++++++++++++++++++++++++    [1173/1262]
[09/17 18:55:42 UTC] Next install: building-blocks-sub2-domain_CSAPI-UIX-SttEngine-11.0.0-0.aarch64.rpm 
[09/17 18:55:42 UTC] Installing: building-blocks-sub2-domain_CSAPI-UIX-SttEngine-11 +++++++++++++++++++++++++++++    [1174/1262]
[09/17 18:55:42 UTC] Next install: building-blocks-sub2-domain_CSAPI-UIX-Stt-11.0.0-0.aarch64.rpm 
[09/17 18:55:42 UTC] Installing: building-blocks-sub2-domain_CSAPI-UIX-Stt-11.0.0-0 +++++++++++++++++++++++++++++    [1175/1262]
[09/17 18:55:42 UTC] Next install: building-blocks-sub2-domain_CSAPI-UIX-TtsEngine-11.0.0-0.aarch64.rpm 
[09/17 18:55:42 UTC] Installing: building-blocks-sub2-domain_CSAPI-UIX-TtsEngine-11 +++++++++++++++++++++++++++++    [1176/1262]
[09/17 18:55:42 UTC] Next install: building-blocks-sub2-domain_CSAPI-UIX-Tts-11.0.0-0.aarch64.rpm 
[09/17 18:55:42 UTC] Installing: building-blocks-sub2-domain_CSAPI-UIX-Tts-11.0.0-0 +++++++++++++++++++++++++++++    [1177/1262]
[09/17 18:55:42 UTC] Next install: multi-assistant-0.3.22-1.aarch64.rpm 
[09/17 18:55:42 UTC] Installing: multi-assistant-0.3.22-1.aarch64.rpm               +++++++++++++++++++++++++++++    [1178/1262]
[09/17 18:55:43 UTC] Next install: building-blocks-sub2-domain_API-UIX-Multi_assistant-11.0.0-0.aarch64.rpm 
[09/17 18:55:43 UTC] Installing: building-blocks-sub2-domain_API-UIX-Multi_assistan +++++++++++++++++++++++++++++    [1179/1262]
[09/17 18:55:43 UTC] Next install: libcynara-creds-dbus-0.26.0-1.aarch64.rpm 
[09/17 18:55:43 UTC] Installing: libcynara-creds-dbus-0.26.0-1.aarch64.rpm          +++++++++++++++++++++++++++++    [1180/1262]
[09/17 18:55:43 UTC] Next install: libbluetooth-share-0.10.0-1.aarch64.rpm 
[09/17 18:55:43 UTC] Installing: libbluetooth-share-0.10.0-1.aarch64.rpm            +++++++++++++++++++++++++++++    [1181/1262]
[09/17 18:55:43 UTC] Next install: bluetooth-share-0.10.0-1.aarch64.rpm 
[09/17 18:55:43 UTC] Installing: bluetooth-share-0.10.0-1.aarch64.rpm               +++++++++++++++++++++++++++++    [1182/1262]
[09/17 18:55:44 UTC] Next install: dbus-libs-extension-kdbus-1.12.20-3.aarch64.rpm 
[09/17 18:55:44 UTC] Installing: dbus-libs-extension-kdbus-1.12.20-3.aarch64.rpm    +++++++++++++++++++++++++++++    [1183/1262]
[09/17 18:55:44 UTC] Next install: libcryptsvc-0.0.2-6.aarch64.rpm 
[09/17 18:55:44 UTC] Installing: libcryptsvc-0.0.2-6.aarch64.rpm                    ++++++++++++++++++++++++++++++   [1184/1262]
[09/17 18:55:44 UTC] Next install: building-blocks-sub2-domain_API-Security-LibCryptSvc-11.0.0-0.aarch64.rpm 
[09/17 18:55:44 UTC] Installing: building-blocks-sub2-domain_API-Security-LibCryptS ++++++++++++++++++++++++++++++   [1185/1262]
[09/17 18:55:44 UTC] Next install: capi-system-usbhost-0.0.2-1.aarch64.rpm 
[09/17 18:55:44 UTC] Installing: capi-system-usbhost-0.0.2-1.aarch64.rpm            ++++++++++++++++++++++++++++++   [1186/1262]
[09/17 18:55:44 UTC] Next install: building-blocks-sub2-domain_API-System-USB_Host-11.0.0-0.aarch64.rpm 
[09/17 18:55:44 UTC] Installing: building-blocks-sub2-domain_API-System-USB_Host-11 ++++++++++++++++++++++++++++++   [1187/1262]
[09/17 18:55:44 UTC] Next install: capi-system-peripheral-io-0.4.3-0.aarch64.rpm 
[09/17 18:55:44 UTC] Installing: capi-system-peripheral-io-0.4.3-0.aarch64.rpm      ++++++++++++++++++++++++++++++   [1188/1262]
[09/17 18:55:45 UTC] Next install: building-blocks-root-Preset_iot_core-11.0.0-0.aarch64.rpm 
[09/17 18:55:45 UTC] Installing: building-blocks-root-Preset_iot_core-11.0.0-0.aarc ++++++++++++++++++++++++++++++   [1189/1262]
[09/17 18:55:45 UTC] Next install: capi-system-info-tool-0.5.2-1.aarch64.rpm 
[09/17 18:55:45 UTC] Installing: capi-system-info-tool-0.5.2-1.aarch64.rpm          ++++++++++++++++++++++++++++++   [1190/1262]
[09/17 18:55:45 UTC] Next install: building-blocks-sub2-domain_API-System-System_Information-11.0.0-0.aarch64.rpm 
[09/17 18:55:45 UTC] Installing: building-blocks-sub2-domain_API-System-System_Info ++++++++++++++++++++++++++++++   [1191/1262]
[09/17 18:55:45 UTC] Next install: building-blocks-sub2-domain_CSAPI-System-Information-11.0.0-0.aarch64.rpm 
[09/17 18:55:45 UTC] Installing: building-blocks-sub2-domain_CSAPI-System-Informati ++++++++++++++++++++++++++++++   [1192/1262]
[09/17 18:55:45 UTC] Next install: building-blocks-sub2-domain_CSAPI-Multimedia-Multimedia-11.0.0-0.aarch64.rpm 
[09/17 18:55:45 UTC] Installing: building-blocks-sub2-domain_CSAPI-Multimedia-Multi ++++++++++++++++++++++++++++++   [1193/1262]
[09/17 18:55:45 UTC] Next install: building-blocks-sub2-domain_CSAPI-Multimedia-AudioIO-11.0.0-0.aarch64.rpm 
[09/17 18:55:45 UTC] Installing: building-blocks-sub2-domain_CSAPI-Multimedia-Audio ++++++++++++++++++++++++++++++   [1194/1262]
[09/17 18:55:45 UTC] Next install: building-blocks-sub2-domain_CSAPI-Multimedia-Camera-11.0.0-0.aarch64.rpm 
[09/17 18:55:45 UTC] Installing: building-blocks-sub2-domain_CSAPI-Multimedia-Camer ++++++++++++++++++++++++++++++   [1195/1262]
[09/17 18:55:45 UTC] Next install: building-blocks-sub2-domain_CSAPI-Account-Account_Manager-11.0.0-0.aarch64.rpm 
[09/17 18:55:45 UTC] Installing: building-blocks-sub2-domain_CSAPI-Account-Account_ ++++++++++++++++++++++++++++++   [1196/1262]
[09/17 18:55:45 UTC] Next install: building-blocks-sub2-domain_CSAPI-Account-Sync_Manager-11.0.0-0.aarch64.rpm 
[09/17 18:55:45 UTC] Installing: building-blocks-sub2-domain_CSAPI-Account-Sync_Man ++++++++++++++++++++++++++++++   [1197/1262]
[09/17 18:55:45 UTC] Next install: building-blocks-sub2-domain_CSAPI-Multimedia-Recorder-11.0.0-0.aarch64.rpm 
[09/17 18:55:45 UTC] Installing: building-blocks-sub2-domain_CSAPI-Multimedia-Recor ++++++++++++++++++++++++++++++   [1198/1262]
[09/17 18:55:45 UTC] Next install: building-blocks-sub2-domain_CSAPI-Multimedia-Vision-11.0.0-0.aarch64.rpm 
[09/17 18:55:45 UTC] Installing: building-blocks-sub2-domain_CSAPI-Multimedia-Visio ++++++++++++++++++++++++++++++   [1199/1262]
[09/17 18:55:45 UTC] Next install: building-blocks-sub2-domain_CSAPI-Multimedia-Metadata-11.0.0-0.aarch64.rpm 
[09/17 18:55:45 UTC] Installing: building-blocks-sub2-domain_CSAPI-Multimedia-Metad ++++++++++++++++++++++++++++++   [1200/1262]
[09/17 18:55:45 UTC] Next install: building-blocks-sub2-domain_CSAPI-Multimedia-MediaPlayer-11.0.0-0.aarch64.rpm 
[09/17 18:55:45 UTC] Installing: building-blocks-sub2-domain_CSAPI-Multimedia-Media ++++++++++++++++++++++++++++++   [1201/1262]
[09/17 18:55:45 UTC] Next install: building-blocks-sub2-domain_CSAPI-Multimedia-MediaCodec-11.0.0-0.aarch64.rpm 
[09/17 18:55:45 UTC] Installing: building-blocks-sub2-domain_CSAPI-Multimedia-Media ++++++++++++++++++++++++++++++   [1202/1262]
[09/17 18:55:45 UTC] Next install: building-blocks-sub2-domain_CSAPI-Multimedia-Util-11.0.0-0.aarch64.rpm 
[09/17 18:55:45 UTC] Installing: building-blocks-sub2-domain_CSAPI-Multimedia-Util- ++++++++++++++++++++++++++++++   [1203/1262]
[09/17 18:55:45 UTC] Next install: building-blocks-sub2-domain_CSAPI-UI-WindowSystem-11.0.0-0.aarch64.rpm 
[09/17 18:55:45 UTC] Installing: building-blocks-sub2-domain_CSAPI-UI-WindowSystem- ++++++++++++++++++++++++++++++   [1204/1262]
[09/17 18:55:45 UTC] Next install: building-blocks-sub2-domain_CSAPI-System-Usb-11.0.0-0.aarch64.rpm 
[09/17 18:55:45 UTC] Installing: building-blocks-sub2-domain_CSAPI-System-Usb-11.0. ++++++++++++++++++++++++++++++   [1205/1262]
[09/17 18:55:45 UTC] Next install: building-blocks-sub2-domain_CSAPI-System-Sensor-11.0.0-0.aarch64.rpm 
[09/17 18:55:45 UTC] Installing: building-blocks-sub2-domain_CSAPI-System-Sensor-11 ++++++++++++++++++++++++++++++   [1206/1262]
[09/17 18:55:45 UTC] Next install: building-blocks-sub2-domain_CSAPI-MachineLearning-Inference-11.0.0-0.aarch64.rpm 
[09/17 18:55:45 UTC] Installing: building-blocks-sub2-domain_CSAPI-MachineLearning- ++++++++++++++++++++++++++++++   [1207/1262]
[09/17 18:55:45 UTC] Next install: building-blocks-sub2-domain_CSAPI-Content-Media_Content-11.0.0-0.aarch64.rpm 
[09/17 18:55:45 UTC] Installing: building-blocks-sub2-domain_CSAPI-Content-Media_Co ++++++++++++++++++++++++++++++   [1208/1262]
[09/17 18:55:45 UTC] Next install: capi-network-mtp-1.3.21-1.aarch64.rpm 
[09/17 18:55:45 UTC] Installing: capi-network-mtp-1.3.21-1.aarch64.rpm              ++++++++++++++++++++++++++++++   [1209/1262]
[09/17 18:55:45 UTC] Next install: capi-network-inm-0.1.24-1.aarch64.rpm 
[09/17 18:55:45 UTC] Installing: capi-network-inm-0.1.24-1.aarch64.rpm              ++++++++++++++++++++++++++++++   [1210/1262]
[09/17 18:55:45 UTC] Next install: capi-network-asp-0.1.23-1.aarch64.rpm 
[09/17 18:55:45 UTC] Installing: capi-network-asp-0.1.23-1.aarch64.rpm              ++++++++++++++++++++++++++++++   [1211/1262]
[09/17 18:55:45 UTC] Next install: tayga-0.9.2-1.aarch64.rpm 
[09/17 18:55:45 UTC] Installing: tayga-0.9.2-1.aarch64.rpm                          ++++++++++++++++++++++++++++++   [1212/1262]
[09/17 18:55:46 UTC] Next install: strongswan-5.7.1-1.aarch64.rpm 
[09/17 18:55:46 UTC] Installing: strongswan-5.7.1-1.aarch64.rpm                     ++++++++++++++++++++++++++++++   [1213/1262]
[09/17 18:55:46 UTC] Next install: connman-plugin-ipsec-1.42-4.aarch64.rpm 
[09/17 18:55:46 UTC] Installing: connman-plugin-ipsec-1.42-4.aarch64.rpm            ++++++++++++++++++++++++++++++   [1214/1262]
[09/17 18:55:46 UTC] Next install: stc-iptables-0.0.26-0.aarch64.rpm 
[09/17 18:55:46 UTC] Installing: stc-iptables-0.0.26-0.aarch64.rpm                  ++++++++++++++++++++++++++++++   [1215/1262]
[09/17 18:55:46 UTC] Next install: security-config-profile_iot_headed-1.0-1.aarch64.rpm 
[09/17 18:55:46 UTC] Installing: security-config-profile_iot_headed-1.0-1.aarch64.r ++++++++++++++++++++++++++++++   [1216/1262]
[09/17 18:55:47 UTC] Next install: mtp-initiator-1.4.39-0.aarch64.rpm 
[09/17 18:55:47 UTC] Installing: mtp-initiator-1.4.39-0.aarch64.rpm                 ++++++++++++++++++++++++++++++   [1217/1262]
[09/17 18:55:47 UTC] Next install: building-blocks-sub2-domain_API-Network-MTP-11.0.0-0.aarch64.rpm 
[09/17 18:55:47 UTC] Installing: building-blocks-sub2-domain_API-Network-MTP-11.0.0 ++++++++++++++++++++++++++++++   [1218/1262]
[09/17 18:55:47 UTC] Next install: clat-1.4-2.aarch64.rpm 
[09/17 18:55:47 UTC] Installing: clat-1.4-2.aarch64.rpm                             ++++++++++++++++++++++++++++++   [1219/1262]
[09/17 18:55:47 UTC] Next install: building-blocks-sub2-domain_API-Network-WiFi_Manager-11.0.0-0.aarch64.rpm 
[09/17 18:55:47 UTC] Installing: building-blocks-sub2-domain_API-Network-WiFi_Manag ++++++++++++++++++++++++++++++   [1220/1262]
[09/17 18:55:47 UTC] Next install: building-blocks-sub2-domain_API-Network-WiFi_Direct-11.0.0-0.aarch64.rpm 
[09/17 18:55:47 UTC] Installing: building-blocks-sub2-domain_API-Network-WiFi_Direc ++++++++++++++++++++++++++++++   [1221/1262]
[09/17 18:55:47 UTC] Next install: building-blocks-sub2-domain_API-Network-DNSSD-11.0.0-0.aarch64.rpm 
[09/17 18:55:47 UTC] Installing: building-blocks-sub2-domain_API-Network-DNSSD-11.0 ++++++++++++++++++++++++++++++   [1222/1262]
[09/17 18:55:47 UTC] Next install: building-blocks-sub2-domain_API-Multimedia-Screen_Mirroring-11.0.0-0.aarch64.rpm 
[09/17 18:55:47 UTC] Installing: building-blocks-sub2-domain_API-Multimedia-Screen_ +++++++++++++++++++++++++++++++  [1223/1262]
[09/17 18:55:47 UTC] Next install: building-blocks-sub2-domain_API-Network-STC-11.0.0-0.aarch64.rpm 
[09/17 18:55:47 UTC] Installing: building-blocks-sub2-domain_API-Network-STC-11.0.0 +++++++++++++++++++++++++++++++  [1224/1262]
[09/17 18:55:47 UTC] Next install: building-blocks-sub2-domain_API-Network-SSDP-11.0.0-0.aarch64.rpm 
[09/17 18:55:47 UTC] Installing: building-blocks-sub2-domain_API-Network-SSDP-11.0. +++++++++++++++++++++++++++++++  [1225/1262]
[09/17 18:55:47 UTC] Next install: building-blocks-sub2-domain_API-Network-Connection-11.0.0-0.aarch64.rpm 
[09/17 18:55:47 UTC] Installing: building-blocks-sub2-domain_API-Network-Connection +++++++++++++++++++++++++++++++  [1226/1262]
[09/17 18:55:47 UTC] Next install: building-blocks-sub2-domain_CSAPI-Network-Connection-11.0.0-0.aarch64.rpm 
[09/17 18:55:47 UTC] Installing: building-blocks-sub2-domain_CSAPI-Network-Connecti +++++++++++++++++++++++++++++++  [1227/1262]
[09/17 18:55:47 UTC] Next install: building-blocks-sub2-domain_API-Content-Download-11.0.0-0.aarch64.rpm 
[09/17 18:55:47 UTC] Installing: building-blocks-sub2-domain_API-Content-Download-1 +++++++++++++++++++++++++++++++  [1228/1262]
[09/17 18:55:47 UTC] Next install: building-blocks-sub2-domain_CSAPI-Content-Download-11.0.0-0.aarch64.rpm 
[09/17 18:55:47 UTC] Installing: building-blocks-sub2-domain_CSAPI-Content-Download +++++++++++++++++++++++++++++++  [1229/1262]
[09/17 18:55:47 UTC] Next install: building-blocks-sub2-domain_CSAPI-Network-WiFi-11.0.0-0.aarch64.rpm 
[09/17 18:55:47 UTC] Installing: building-blocks-sub2-domain_CSAPI-Network-WiFi-11. +++++++++++++++++++++++++++++++  [1230/1262]
[09/17 18:55:47 UTC] Next install: building-blocks-sub2-domain_CSAPI-Network-NSD-11.0.0-0.aarch64.rpm 
[09/17 18:55:47 UTC] Installing: building-blocks-sub2-domain_CSAPI-Network-NSD-11.0 +++++++++++++++++++++++++++++++  [1231/1262]
[09/17 18:55:47 UTC] Next install: building-blocks-sub2-domain_CSAPI-Network-STC-11.0.0-0.aarch64.rpm 
[09/17 18:55:47 UTC] Installing: building-blocks-sub2-domain_CSAPI-Network-STC-11.0 +++++++++++++++++++++++++++++++  [1232/1262]
[09/17 18:55:47 UTC] Next install: building-blocks-sub2-domain_CSAPI-Multimedia-Remoting-11.0.0-0.aarch64.rpm 
[09/17 18:55:47 UTC] Installing: building-blocks-sub2-domain_CSAPI-Multimedia-Remot +++++++++++++++++++++++++++++++  [1233/1262]
[09/17 18:55:47 UTC] Next install: building-blocks-sub2-domain_API-Network-Vine-11.0.0-0.aarch64.rpm 
[09/17 18:55:47 UTC] Installing: building-blocks-sub2-domain_API-Network-Vine-11.0. +++++++++++++++++++++++++++++++  [1234/1262]
[09/17 18:55:47 UTC] Next install: building-blocks-sub2-domain_API-Network-ASP-11.0.0-0.aarch64.rpm 
[09/17 18:55:47 UTC] Installing: building-blocks-sub2-domain_API-Network-ASP-11.0.0 +++++++++++++++++++++++++++++++  [1235/1262]
[09/17 18:55:47 UTC] Next install: building-blocks-sub2-domain_CSAPI-Network-WiFi_Direct-11.0.0-0.aarch64.rpm 
[09/17 18:55:47 UTC] Installing: building-blocks-sub2-domain_CSAPI-Network-WiFi_Dir +++++++++++++++++++++++++++++++  [1236/1262]
[09/17 18:55:47 UTC] Next install: building-blocks-sub1-domain_Feature-WiFi_Tethering-11.0.0-0.aarch64.rpm 
[09/17 18:55:47 UTC] Installing: building-blocks-sub1-domain_Feature-WiFi_Tethering +++++++++++++++++++++++++++++++  [1237/1262]
[09/17 18:55:47 UTC] Next install: building-blocks-sub2-domain_API-Network-WiFi_Aware-11.0.0-0.aarch64.rpm 
[09/17 18:55:47 UTC] Installing: building-blocks-sub2-domain_API-Network-WiFi_Aware +++++++++++++++++++++++++++++++  [1238/1262]
[09/17 18:55:47 UTC] Next install: building-blocks-sub2-domain_API-Network-VPN_Service-11.0.0-0.aarch64.rpm 
[09/17 18:55:47 UTC] Installing: building-blocks-sub2-domain_API-Network-VPN_Servic +++++++++++++++++++++++++++++++  [1239/1262]
[09/17 18:55:47 UTC] Next install: building-blocks-sub2-domain_API-Network-IoTCon-11.0.0-0.aarch64.rpm 
[09/17 18:55:47 UTC] Installing: building-blocks-sub2-domain_API-Network-IoTCon-11. +++++++++++++++++++++++++++++++  [1240/1262]
[09/17 18:55:47 UTC] Next install: building-blocks-sub2-domain_CSAPI-Network-IoTCon-11.0.0-0.aarch64.rpm 
[09/17 18:55:47 UTC] Installing: building-blocks-sub2-domain_CSAPI-Network-IoTCon-1 +++++++++++++++++++++++++++++++  [1241/1262]
[09/17 18:55:47 UTC] Next install: building-blocks-sub1-domain_Feature-DotNET-11.0.0-0.aarch64.rpm 
[09/17 18:55:47 UTC] Installing: building-blocks-sub1-domain_Feature-DotNET-11.0.0- +++++++++++++++++++++++++++++++  [1242/1262]
[09/17 18:55:47 UTC] Next install: building-blocks-root-domain_CSAPI-11.0.0-0.aarch64.rpm 
[09/17 18:55:47 UTC] Installing: building-blocks-root-domain_CSAPI-11.0.0-0.aarch64 +++++++++++++++++++++++++++++++  [1243/1262]
[09/17 18:55:47 UTC] Next install: building-blocks-sub1-Preset_img_headed-pkgs-11.0.0-0.aarch64.rpm 
[09/17 18:55:47 UTC] Installing: building-blocks-sub1-Preset_img_headed-pkgs-11.0.0 +++++++++++++++++++++++++++++++  [1244/1262]
[09/17 18:55:47 UTC] Next install: building-blocks-sub2-domain_API-Network-INM-11.0.0-0.aarch64.rpm 
[09/17 18:55:47 UTC] Installing: building-blocks-sub2-domain_API-Network-INM-11.0.0 +++++++++++++++++++++++++++++++  [1245/1262]
[09/17 18:55:47 UTC] Next install: building-blocks-sub2-domain_API-Network-HTTP-11.0.0-0.aarch64.rpm 
[09/17 18:55:47 UTC] Installing: building-blocks-sub2-domain_API-Network-HTTP-11.0. +++++++++++++++++++++++++++++++  [1246/1262]
[09/17 18:55:47 UTC] Next install: building-blocks-sub2-domain_API-Network-Curl-11.0.0-0.aarch64.rpm 
[09/17 18:55:47 UTC] Installing: building-blocks-sub2-domain_API-Network-Curl-11.0. +++++++++++++++++++++++++++++++  [1247/1262]
[09/17 18:55:47 UTC] Next install: building-blocks-sub2-Preset_boards-COMMON-Wifi-11.0.0-0.aarch64.rpm 
[09/17 18:55:47 UTC] Installing: building-blocks-sub2-Preset_boards-COMMON-Wifi-11. +++++++++++++++++++++++++++++++  [1248/1262]
[09/17 18:55:47 UTC] Next install: building-blocks-sub2-Preset_boards-COMMON-WifiDirect-11.0.0-0.aarch64.rpm 
[09/17 18:55:47 UTC] Installing: building-blocks-sub2-Preset_boards-COMMON-WifiDire +++++++++++++++++++++++++++++++  [1249/1262]
[09/17 18:55:47 UTC] Next install: building-blocks-sub2-Preset_boards-COMMON-UserAwareness-11.0.0-0.aarch64.rpm 
[09/17 18:55:47 UTC] Installing: building-blocks-sub2-Preset_boards-COMMON-UserAwar +++++++++++++++++++++++++++++++  [1250/1262]
[09/17 18:55:47 UTC] Next install: building-blocks-sub2-domain_API-Multimedia-Media_Transporter-11.0.0-0.aarch64.rpm 
[09/17 18:55:47 UTC] Installing: building-blocks-sub2-domain_API-Multimedia-Media_T +++++++++++++++++++++++++++++++  [1251/1262]
[09/17 18:55:47 UTC] Next install: building-blocks-sub2-domain_API-Multimedia-Webrtc-11.0.0-0.aarch64.rpm 
[09/17 18:55:47 UTC] Installing: building-blocks-sub2-domain_API-Multimedia-Webrtc- +++++++++++++++++++++++++++++++  [1252/1262]
[09/17 18:55:47 UTC] Next install: bind-9.14.12-1.aarch64.rpm 
[09/17 18:55:47 UTC] Installing: bind-9.14.12-1.aarch64.rpm                         +++++++++++++++++++++++++++++++  [1253/1262]
[09/17 18:55:48 UTC] /bin/cp: cannot stat `/usr/lib64/engines/libgost.so': No such file or directory
rndc-confgen: The -r option has been deprecated.

[09/17 18:55:48 UTC] Next install: building-blocks-sub2-domain_API-Network-SoftAP-11.0.0-0.aarch64.rpm 
[09/17 18:55:48 UTC] Installing: building-blocks-sub2-domain_API-Network-SoftAP-11. +++++++++++++++++++++++++++++++  [1254/1262]
[09/17 18:55:48 UTC] Next install: building-blocks-root-Preset_iot_headed-11.0.0-0.aarch64.rpm 
[09/17 18:55:48 UTC] Installing: building-blocks-root-Preset_iot_headed-11.0.0-0.aa +++++++++++++++++++++++++++++++  [1255/1262]
[09/17 18:55:48 UTC] Next install: building-blocks-sub1-Preset_img_headed-common-11.0.0-0.aarch64.rpm 
[09/17 18:55:48 UTC] Installing: building-blocks-sub1-Preset_img_headed-common-11.0 +++++++++++++++++++++++++++++++  [1256/1262]
[09/17 18:55:48 UTC] Next install: building-blocks-sub1-domain_Feature-Kdbus-11.0.0-0.aarch64.rpm 
[09/17 18:55:48 UTC] Installing: building-blocks-sub1-domain_Feature-Kdbus-11.0.0-0 +++++++++++++++++++++++++++++++  [1257/1262]
[09/17 18:55:48 UTC] Next install: amd-mod-component-manager-1.82.3-1.aarch64.rpm 
[09/17 18:55:48 UTC] Installing: amd-mod-component-manager-1.82.3-1.aarch64.rpm     +++++++++++++++++++++++++++++++  [1258/1262]
[09/17 18:55:48 UTC] Next install: amd-mod-rpc-port-1.82.3-1.aarch64.rpm 
[09/17 18:55:48 UTC] Installing: amd-mod-rpc-port-1.82.3-1.aarch64.rpm              +++++++++++++++++++++++++++++++  [1259/1262]
[09/17 18:55:48 UTC] Next install: amd-mod-watch-1.82.3-1.aarch64.rpm 
[09/17 18:55:48 UTC] Installing: amd-mod-watch-1.82.3-1.aarch64.rpm                 +++++++++++++++++++++++++++++++  [1260/1262]
[09/17 18:55:48 UTC] Next install: amd-mod-job-scheduler-1.82.3-1.aarch64.rpm 
[09/17 18:55:48 UTC] Installing: amd-mod-job-scheduler-1.82.3-1.aarch64.rpm         +++++++++++++++++++++++++++++++  [1261/1262]
[09/17 18:55:48 UTC] Next install: nbd-client-3.25-0.aarch64.rpm 
[09/17 18:55:48 UTC] Installing: nbd-client-3.25-0.aarch64.rpm                      ++++++++++++++++++++++++++++++++ [1262/1262]
[09/17 18:55:48 UTC] 
[09/17 18:59:37 UTC] Loading manifest files from "/usr/share/packages"
Manifest : /usr/share/packages/org.tizen.powerkey-syspopup.xml (all)
Manifest : /usr/share/packages/org.tizen.inputdelegator.xml (all)
Manifest : /usr/share/packages/wakeup-engine-default.xml (all)
[EXEC_CHECKER_PLUGIN_PARSER][ERROR] Failed to open file(/usr/apps/wakeup-engine-default/bin/wakeup-engine-default). errno(2)
tag_plugin.cc: Run(142): Function: PKGMGR_PARSER_PLUGIN_INSTALL of plugin "/etc/package-manager/parserlib/libexec-checker.so" failed
plugin_manager.cc: RunPlugins(215): "/etc/package-manager/parserlib/libexec-checker.so" failed but installation is ongoing
Manifest : /usr/share/packages/ise-default.xml (all)
plugin.cc: Load(29): Failed to open library: /etc/package-manager/parserlib/category/libimeparser.so (/etc/package-manager/parserlib/category/libimeparser.so: cannot open shared object file: No such file or directory)
plugin_manager.cc: HandleLoadFailure(62): Failed to load plugin: "/etc/package-manager/parserlib/category/libimeparser.so" but installation is ongoing. Plugin has been skipped.
Manifest : /usr/share/packages/table.xml (all)
plugin.cc: Load(29): Failed to open library: /etc/package-manager/parserlib/category/libimeparser.so (/etc/package-manager/parserlib/category/libimeparser.so: cannot open shared object file: No such file or directory)
plugin_manager.cc: HandleLoadFailure(62): Failed to load plugin: "/etc/package-manager/parserlib/category/libimeparser.so" but installation is ongoing. Plugin has been skipped.
[EXEC_CHECKER_PLUGIN_PARSER][ERROR] Failed to open file(/usr/lib/scim-1.0/scim-launcher). errno(2)
tag_plugin.cc: Run(142): Function: PKGMGR_PARSER_PLUGIN_INSTALL of plugin "/etc/package-manager/parserlib/libexec-checker.so" failed
plugin_manager.cc: RunPlugins(215): "/etc/package-manager/parserlib/libexec-checker.so" failed but installation is ongoing
Manifest : /usr/share/packages/ise-engine-glm.xml (all)
plugin.cc: Load(29): Failed to open library: /etc/package-manager/parserlib/category/libimeparser.so (/etc/package-manager/parserlib/category/libimeparser.so: cannot open shared object file: No such file or directory)
plugin_manager.cc: HandleLoadFailure(62): Failed to load plugin: "/etc/package-manager/parserlib/category/libimeparser.so" but installation is ongoing. Plugin has been skipped.
[EXEC_CHECKER_PLUGIN_PARSER][ERROR] Failed to open file(/usr/lib/scim-1.0/scim-launcher). errno(2)
tag_plugin.cc: Run(142): Function: PKGMGR_PARSER_PLUGIN_INSTALL of plugin "/etc/package-manager/parserlib/libexec-checker.so" failed
plugin_manager.cc: RunPlugins(215): "/etc/package-manager/parserlib/libexec-checker.so" failed but installation is ongoing
Manifest : /usr/share/packages/hangul.xml (all)
plugin.cc: Load(29): Failed to open library: /etc/package-manager/parserlib/category/libimeparser.so (/etc/package-manager/parserlib/category/libimeparser.so: cannot open shared object file: No such file or directory)
plugin_manager.cc: HandleLoadFailure(62): Failed to load plugin: "/etc/package-manager/parserlib/category/libimeparser.so" but installation is ongoing. Plugin has been skipped.
[EXEC_CHECKER_PLUGIN_PARSER][ERROR] Failed to open file(/usr/lib/scim-1.0/scim-launcher). errno(2)
tag_plugin.cc: Run(142): Function: PKGMGR_PARSER_PLUGIN_INSTALL of plugin "/etc/package-manager/parserlib/libexec-checker.so" failed
plugin_manager.cc: RunPlugins(215): "/etc/package-manager/parserlib/libexec-checker.so" failed but installation is ongoing
Manifest : /usr/share/packages/org.tizen.system-signal-sender.xml (all)
Manifest : /usr/share/packages/org.tizen.aurum-bootstrap.xml (all)
[EXEC_CHECKER_PLUGIN_PARSER][WARNING] Failed to find main symbol
Manifest : /usr/share/packages/ise-engine-thai.xml (all)
plugin.cc: Load(29): Failed to open library: /etc/package-manager/parserlib/category/libimeparser.so (/etc/package-manager/parserlib/category/libimeparser.so: cannot open shared object file: No such file or directory)
plugin_manager.cc: HandleLoadFailure(62): Failed to load plugin: "/etc/package-manager/parserlib/category/libimeparser.so" but installation is ongoing. Plugin has been skipped.
[EXEC_CHECKER_PLUGIN_PARSER][ERROR] Failed to open file(/usr/lib/scim-1.0/scim-launcher). errno(2)
tag_plugin.cc: Run(142): Function: PKGMGR_PARSER_PLUGIN_INSTALL of plugin "/etc/package-manager/parserlib/libexec-checker.so" failed
plugin_manager.cc: RunPlugins(215): "/etc/package-manager/parserlib/libexec-checker.so" failed but installation is ongoing
Manifest : /usr/share/packages/org.tizen.system-syspopup.xml (all)
Manifest : /usr/share/packages/org.tizen.inputmethod-setting.xml (all)
[EXEC_CHECKER_PLUGIN_PARSER][WARNING] Failed to find main symbol
Manifest : /usr/share/packages/org.tizen.default-dark-theme.xml (all)
[EXEC_CHECKER_PLUGIN_PARSER][ERROR] Failed to read file(/usr/apps/org.tizen.default-dark-theme/bin/dummy). errno(2)
tag_plugin.cc: Run(142): Function: PKGMGR_PARSER_PLUGIN_INSTALL of plugin "/etc/package-manager/parserlib/libexec-checker.so" failed
plugin_manager.cc: RunPlugins(215): "/etc/package-manager/parserlib/libexec-checker.so" failed but installation is ongoing
[1;31m| ERROR   |[0m :              theme_info_loader.cc:97 : Connection failed, set offline mode
Manifest : /usr/share/packages/mmi-manager.xml (all)
[EXEC_CHECKER_PLUGIN_PARSER][WARNING] Failed to find main symbol
Manifest : /usr/share/packages/setting-myaccount-efl.xml (all)
Manifest : /usr/share/packages/org.tizen.vc-engine-default.xml (all)
Manifest : /usr/share/packages/ise-default-dali.xml (all)
plugin.cc: Load(29): Failed to open library: /etc/package-manager/parserlib/category/libimeparser.so (/etc/package-manager/parserlib/category/libimeparser.so: cannot open shared object file: No such file or directory)
plugin_manager.cc: HandleLoadFailure(62): Failed to load plugin: "/etc/package-manager/parserlib/category/libimeparser.so" but installation is ongoing. Plugin has been skipped.
[EXEC_CHECKER_PLUGIN_PARSER][WARNING] Failed to find main symbol
[EXEC_CHECKER_PLUGIN_PARSER][WARNING] Failed to find main symbol
[EXEC_CHECKER_PLUGIN_PARSER][ERROR] Failed to open file(/usr/libexec/ise-default-dali/ise-default-dali-integration-test). errno(2)
tag_plugin.cc: Run(142): Function: PKGMGR_PARSER_PLUGIN_INSTALL of plugin "/etc/package-manager/parserlib/libexec-checker.so" failed
plugin_manager.cc: RunPlugins(215): "/etc/package-manager/parserlib/libexec-checker.so" failed but installation is ongoing
Manifest : /usr/share/packages/org.tizen.action-framework.platform-actions.xml (all)
unified_backend.cc: WriteLog(16): Installer(0) Start: [ManifestDirectInstall] org.tizen.action-framework.platform-actions
step_rpk_register_security.cc: process(80): "/usr/apps/org.tizen.action-framework.platform-actions/lib/libaction-list-foreground-apps.so"
step_rpk_register_security.cc: process(80): "/usr/apps/org.tizen.action-framework.platform-actions/lib/libaction-launch-app-with-repeated-alarm.so"
step_rpk_register_security.cc: process(80): "/usr/apps/org.tizen.action-framework.platform-actions/lib/libaction-change-font.so"
step_rpk_register_security.cc: process(80): "/usr/apps/org.tizen.action-framework.platform-actions/lib/libaction-bluetooth.so"
step_rpk_register_security.cc: process(80): "/usr/apps/org.tizen.action-framework.platform-actions/lib/libaction-launch-app-with-once-delay-alarm.so"
step_rpk_register_security.cc: process(80): "/usr/apps/org.tizen.action-framework.platform-actions/lib/libaction-list-recent-used-apps.so"
step_rpk_register_security.cc: process(80): "/usr/apps/org.tizen.action-framework.platform-actions/lib/libaction-launch-app.so"
step_rpk_register_security.cc: process(80): "/usr/apps/org.tizen.action-framework.platform-actions/lib/libaction-change-theme.so"
step_rpk_register_security.cc: process(80): "/usr/apps/org.tizen.action-framework.platform-actions/lib/libaction-cancel-alarm.so"
step_rpk_register_security.cc: process(80): "/usr/apps/org.tizen.action-framework.platform-actions/lib/libaction-get-package-info.so"
step_rpk_register_security.cc: process(80): "/usr/apps/org.tizen.action-framework.platform-actions/lib/libaction-launch-app-with-once-date-alarm.so"
step_rpk_register_security.cc: process(80): "/usr/apps/org.tizen.action-framework.platform-actions/lib/libaction-get-installed-themes.so"
step_rpk_register_security.cc: process(80): "/usr/apps/org.tizen.action-framework.platform-actions/lib/libaction-change-screen-backlight-time.so"
step_rpk_register_security.cc: process(80): "/usr/apps/org.tizen.action-framework.platform-actions/lib/libaction-wifi.so"
step_rpk_register_security.cc: process(80): "/usr/apps/org.tizen.action-framework.platform-actions/lib/libaction-terminate-app.so"
step_rpk_register_security.cc: process(80): "/usr/apps/org.tizen.action-framework.platform-actions/lib/libaction-simple-notification.so"
step_rpk_register_security.cc: process(80): "/usr/apps/org.tizen.action-framework.platform-actions/lib/libaction-list-installed-apps.so"
step_rpk_register_security.cc: process(80): "/usr/apps/org.tizen.action-framework.platform-actions/lib/libaction-send-message.so"
step_rpk_register_security.cc: process(80): "/usr/apps/org.tizen.action-framework.platform-actions/lib/libaction-get-current-theme.so"
step_rpk_register_security.cc: process(80): "/usr/apps/org.tizen.action-framework.platform-actions/lib/libaction-check-remote-port.so"
unified_backend.cc: WriteLog(16): Installer(0) Finish: [ManifestDirectInstall] org.tizen.action-framework.platform-actions
Manifest : /usr/share/packages/ise-engine-default.xml (all)
plugin.cc: Load(29): Failed to open library: /etc/package-manager/parserlib/category/libimeparser.so (/etc/package-manager/parserlib/category/libimeparser.so: cannot open shared object file: No such file or directory)
plugin_manager.cc: HandleLoadFailure(62): Failed to load plugin: "/etc/package-manager/parserlib/category/libimeparser.so" but installation is ongoing. Plugin has been skipped.
[EXEC_CHECKER_PLUGIN_PARSER][ERROR] Failed to open file(/usr/lib/scim-1.0/scim-launcher). errno(2)
tag_plugin.cc: Run(142): Function: PKGMGR_PARSER_PLUGIN_INSTALL of plugin "/etc/package-manager/parserlib/libexec-checker.so" failed
plugin_manager.cc: RunPlugins(215): "/etc/package-manager/parserlib/libexec-checker.so" failed but installation is ongoing
Manifest : /usr/share/packages/org.tizen.vc-elm-unittests.xml (all)
[EXEC_CHECKER_PLUGIN_PARSER][ERROR] Failed to open file(/usr/apps/org.tizen.vc-elm-unittests/bin/vc-elm-unittests). errno(2)
tag_plugin.cc: Run(142): Function: PKGMGR_PARSER_PLUGIN_INSTALL of plugin "/etc/package-manager/parserlib/libexec-checker.so" failed
plugin_manager.cc: RunPlugins(215): "/etc/package-manager/parserlib/libexec-checker.so" failed but installation is ongoing
Manifest : /usr/share/packages/org.tizen.multi-assistant-service.xml (all)
[EXEC_CHECKER_PLUGIN_PARSER][WARNING] Failed to find main symbol
Manifest : /usr/share/packages/org.tizen.autofill-setting-mobile.xml (all)
[EXEC_CHECKER_PLUGIN_PARSER][WARNING] Failed to find main symbol
Manifest : /usr/share/packages/org.tizen.autofilld.xml (all)
[EXEC_CHECKER_PLUGIN_PARSER][WARNING] Failed to find main symbol
Manifest : /usr/share/packages/org.tizen.chromium-efl.xml (all)
[EXEC_CHECKER_PLUGIN_PARSER][WARNING] Failed to find main symbol
[EXEC_CHECKER_PLUGIN_PARSER][WARNING] Failed to find main symbol
[EXEC_CHECKER_PLUGIN_PARSER][WARNING] Failed to find main symbol
Manifest : /usr/share/packages/unikey.xml (all)
plugin.cc: Load(29): Failed to open library: /etc/package-manager/parserlib/category/libimeparser.so (/etc/package-manager/parserlib/category/libimeparser.so: cannot open shared object file: No such file or directory)
plugin_manager.cc: HandleLoadFailure(62): Failed to load plugin: "/etc/package-manager/parserlib/category/libimeparser.so" but installation is ongoing. Plugin has been skipped.
[EXEC_CHECKER_PLUGIN_PARSER][ERROR] Failed to open file(/usr/lib/scim-1.0/scim-launcher). errno(2)
tag_plugin.cc: Run(142): Function: PKGMGR_PARSER_PLUGIN_INSTALL of plugin "/etc/package-manager/parserlib/libexec-checker.so" failed
plugin_manager.cc: RunPlugins(215): "/etc/package-manager/parserlib/libexec-checker.so" failed but installation is ongoing
Manifest : /usr/share/packages/org.tizen.default-light-theme.xml (all)
[EXEC_CHECKER_PLUGIN_PARSER][ERROR] Failed to read file(/usr/apps/org.tizen.default-light-theme/bin/dummy). errno(2)
tag_plugin.cc: Run(142): Function: PKGMGR_PARSER_PLUGIN_INSTALL of plugin "/etc/package-manager/parserlib/libexec-checker.so" failed
plugin_manager.cc: RunPlugins(215): "/etc/package-manager/parserlib/libexec-checker.so" failed but installation is ongoing
[1;31m| ERROR   |[0m :              theme_info_loader.cc:97 : Connection failed, set offline mode
[1;31m| ERROR   |[0m :              theme_info_loader.cc:97 : Connection failed, set offline mode
Manifest : /usr/share/packages/ise-engine-anthy.xml (all)
plugin.cc: Load(29): Failed to open library: /etc/package-manager/parserlib/category/libimeparser.so (/etc/package-manager/parserlib/category/libimeparser.so: cannot open shared object file: No such file or directory)
plugin_manager.cc: HandleLoadFailure(62): Failed to load plugin: "/etc/package-manager/parserlib/category/libimeparser.so" but installation is ongoing. Plugin has been skipped.
[EXEC_CHECKER_PLUGIN_PARSER][ERROR] Failed to open file(/usr/lib/scim-1.0/scim-launcher). errno(2)
tag_plugin.cc: Run(142): Function: PKGMGR_PARSER_PLUGIN_INSTALL of plugin "/etc/package-manager/parserlib/libexec-checker.so" failed
plugin_manager.cc: RunPlugins(215): "/etc/package-manager/parserlib/libexec-checker.so" failed but installation is ongoing
Manifest : /usr/share/packages/org.tizen.tts-engine-default.xml (all)
Manifest : /usr/share/packages/org.tizen.screen-reader.xml (all)
Manifest : /usr/share/packages/org.tizen.action-framework.default-actions.xml (all)
unified_backend.cc: WriteLog(16): Installer(0) Start: [ManifestDirectInstall] org.tizen.action-framework.default-actions
unified_backend.cc: WriteLog(16): Installer(0) Finish: [ManifestDirectInstall] org.tizen.action-framework.default-actions
Manifest : /usr/share/packages/org.tizen.stt-engine-default.xml (all)
Manifest : /usr/share/packages/org.tizen.net-popup.xml (all)
Manifest : /usr/share/packages/ise-engine-sunpinyin.xml (all)
plugin.cc: Load(29): Failed to open library: /etc/package-manager/parserlib/category/libimeparser.so (/etc/package-manager/parserlib/category/libimeparser.so: cannot open shared object file: No such file or directory)
plugin_manager.cc: HandleLoadFailure(62): Failed to load plugin: "/etc/package-manager/parserlib/category/libimeparser.so" but installation is ongoing. Plugin has been skipped.
[EXEC_CHECKER_PLUGIN_PARSER][ERROR] Failed to open file(/usr/lib/scim-1.0/scim-launcher). errno(2)
tag_plugin.cc: Run(142): Function: PKGMGR_PARSER_PLUGIN_INSTALL of plugin "/etc/package-manager/parserlib/libexec-checker.so" failed
plugin_manager.cc: RunPlugins(215): "/etc/package-manager/parserlib/libexec-checker.so" failed but installation is ongoing
Loading manifest files from "/product/share/packages"
[PKG_PRELOAD_INSTALL][D][_add_pkgfile_info,202] 	pkg file /usr/apps/.preload-tpk/org.tizen.NUIGadgetViewer-1.0.0.tpk
[PKG_PRELOAD_INSTALL][D][_add_pkgfile_info,202] 	pkg file /usr/apps/.preload-tpk/org.tizen.homescreen-1.0.0.tpk
[PKG_PRELOAD_INSTALL][D][_add_pkgfile_info,202] 	pkg file /usr/apps/.preload-tpk/org.tizen.cssetting-keyboard-1.0.0.tpk
[PKG_PRELOAD_INSTALL][D][_add_pkgfile_info,202] 	pkg file /usr/apps/.preload-tpk/org.tizen.systemui-1.0.3.tpk
[PKG_PRELOAD_INSTALL][D][_add_pkgfile_info,202] 	pkg file /usr/apps/.preload-tpk/org.tizen.bt-syspopup-1.0.0.tpk
file_util.cc: ExtractFileToBuffer(891): File not found in zip archive: shared/res/org.tizen.bt-syspopup.png
[PKG_PRELOAD_INSTALL][D][_add_pkgfile_info,202] 	pkg file /usr/apps/.preload-tpk/org.tizen.askuser-privacy-popup-3.0.0.tpk
[PKG_PRELOAD_INSTALL][D][_add_pkgfile_info,202] 	pkg file /usr/apps/.preload-tpk/org.tizen.share-panel_common-2.0.1.tpk
[PKG_PRELOAD_INSTALL][D][_add_pkgfile_info,202] 	pkg file /usr/apps/.preload-tpk/org.tizen.ISEDefaultNUI-1.0.0.tpk
[PKG_PRELOAD_INSTALL][D][_add_pkgfile_info,180] 	Directory[/usr/apps/.preload-rw-tpk] doesn't exist
[PKG_PRELOAD_INSTALL][D][_add_pkgfile_info,180] 	Directory[/usr/apps/.preload-wgt] doesn't exist
[PKG_PRELOAD_INSTALL][D][_add_pkgfile_info,180] 	Directory[/usr/apps/.preload-rw-wgt] doesn't exist
[PKG_PRELOAD_INSTALL][D][_add_pkgfile_info,202] 	pkg file /usr/apps/.preload-rpk/org.tizen.cssetting-inputmethod-1.1.2.rpk
[PKG_PRELOAD_INSTALL][D][_add_pkgfile_info,202] 	pkg file /usr/apps/.preload-rpk/org.tizen.cssetting-tts-1.0.0.rpk
[PKG_PRELOAD_INSTALL][D][_add_pkgfile_info,202] 	pkg file /usr/apps/.preload-rpk/org.tizen.SystemPopupGadget-1.0.0.rpk
[PKG_PRELOAD_INSTALL][D][_add_pkgfile_info,202] 	pkg file /usr/apps/.preload-rpk/org.tizen.cssetting-stt-1.0.0.rpk
[PKG_PRELOAD_INSTALL][D][_add_pkgfile_info,202] 	pkg file /usr/apps/.preload-rpk/org.tizen.cssetting-accessibility-1.1.0.rpk
[PKG_PRELOAD_INSTALL][D][_add_pkgfile_info,202] 	pkg file /usr/apps/.preload-rpk/org.tizen.cssetting-bluetooth-1.10.0.rpk
[PKG_PRELOAD_INSTALL][D][_add_pkgfile_info,202] 	pkg file /usr/apps/.preload-rpk/org.tizen.app-selector-1.0.0.rpk
[PKG_PRELOAD_INSTALL][D][_add_pkgfile_info,202] 	pkg file /usr/apps/.preload-rpk/org.tizen.cssetting-voicecontrol-1.1.2.rpk
[PKG_PRELOAD_INSTALL][D][_add_pkgfile_info,202] 	pkg file /usr/apps/.preload-rpk/org.tizen.cssetting-wifi-direct-1.0.10.rpk
[PKG_PRELOAD_INSTALL][D][_add_pkgfile_info,202] 	pkg file /usr/apps/.preload-rpk/org.tizen.cssetting-autofill-1.1.1.rpk
[PKG_PRELOAD_INSTALL][D][_add_pkgfile_info,202] 	pkg file /usr/apps/.preload-rpk/org.tizen.VolumeGadget-2.0.3.rpk
[PKG_PRELOAD_INSTALL][D][_add_pkgfile_info,202] 	pkg file /usr/apps/.preload-rpk/org.tizen.cssetting-account-1.0.2.rpk
[PKG_PRELOAD_INSTALL][D][_add_pkgfile_info,202] 	pkg file /usr/apps/.preload-rpk/org.tizen.cssetting-wifi-1.1.8.rpk
[PKG_PRELOAD_INSTALL][D][_add_pkgfile_info,180] 	Directory[/usr/apps/.preload-rw-rpk] doesn't exist
[PKG_PRELOAD_INSTALL][D][_add_pkgfile_info,180] 	Directory[/product/apps/.preload-tpk] doesn't exist
[PKG_PRELOAD_INSTALL][D][_add_pkgfile_info,180] 	Directory[/product/apps/.preload-rw-tpk] doesn't exist
[PKG_PRELOAD_INSTALL][D][_add_pkgfile_info,180] 	Directory[/product/apps/.preload-wgt] doesn't exist
[PKG_PRELOAD_INSTALL][D][_add_pkgfile_info,180] 	Directory[/product/apps/.preload-rw-wgt] doesn't exist
[PKG_PRELOAD_INSTALL][D][_add_pkgfile_info,180] 	Directory[/product/apps/.preload-rpk] doesn't exist
[PKG_PRELOAD_INSTALL][D][_add_pkgfile_info,180] 	Directory[/product/apps/.preload-rw-rpk] doesn't exist
Message: Object is missing the following members required by the schema: 'description,inputSchema'.
Message: Object is missing the following members required by the schema: 'description,inputSchema'.
Message: Object is missing the following members required by the schema: 'description,inputSchema'.
Message: Object is missing the following members required by the schema: 'description,inputSchema'.
Message: Object is missing the following members required by the schema: 'description,inputSchema'.
Message: Object is missing the following members required by the schema: 'description,inputSchema'.
Message: Object is missing the following members required by the schema: 'description,inputSchema'.
Message: Object is missing the following members required by the schema: 'description,inputSchema'.
Message: Object is missing the following members required by the schema: 'description,inputSchema'.
Message: Object is missing the following members required by the schema: 'description,inputSchema'.
Message: Object is missing the following members required by the schema: 'description,inputSchema'.
Message: Object is missing the following members required by the schema: 'description,inputSchema'.
Message: Object is missing the following members required by the schema: 'description,inputSchema'.
Message: Object is missing the following members required by the schema: 'description,inputSchema'.
Message: Object is missing the following members required by the schema: 'description,inputSchema'.
Message: Object is missing the following members required by the schema: 'description,inputSchema'.
Message: Object is missing the following members required by the schema: 'description,inputSchema'.
shell-init: error retrieving current directory: getcwd: cannot access parent directories: No such file or directory
shell-init: error retrieving current directory: getcwd: cannot access parent directories: No such file or directory
ldd: warning: you do not have execution permission for `/usr/apps/org.tizen.homescreen/bin/runner'
plugin.cc: Load(29): Failed to open library: /etc/package-manager/parserlib/libshortcut-list.so (/etc/package-manager/parserlib/libshortcut-list.so: cannot open shared object file: No such file or directory)
plugin_manager.cc: HandleLoadFailure(62): Failed to load plugin: "/etc/package-manager/parserlib/libshortcut-list.so" but installation is ongoing. Plugin has been skipped.
plugin.cc: Load(29): Failed to open library: /etc/package-manager/parserlib/category/libimeparser.so (/etc/package-manager/parserlib/category/libimeparser.so: cannot open shared object file: No such file or directory)
plugin_manager.cc: HandleLoadFailure(62): Failed to load plugin: "/etc/package-manager/parserlib/category/libimeparser.so" but installation is ongoing. Plugin has been skipped.
The native image of System.Private.CoreLib does not exist.
Run the following command to create the native image:
# dotnettool --ni-dll /usr/share/dotnet.tizen/netcoreapp/System.Private.CoreLib.dll
metadata_plugin.cc: ExecutePlugin(146): Function: PKGMGR_MDPARSER_PLUGIN_INSTALL of plugin "/etc/package-manager/parserlib/metadata/libprefer_dotnet_aot_plugin.so" failed
plugin_manager.cc: RunPlugins(215): "/etc/package-manager/parserlib/metadata/libprefer_dotnet_aot_plugin.so" failed but installation is ongoing
The native image of System.Private.CoreLib does not exist.
Run the following command to create the native image:
# dotnettool --ni-dll /usr/share/dotnet.tizen/netcoreapp/System.Private.CoreLib.dll
metadata_plugin.cc: ExecutePlugin(146): Function: PKGMGR_MDPARSER_PLUGIN_INSTALL of plugin "/etc/package-manager/parserlib/metadata/libprefer_dotnet_aot_plugin.so" failed
plugin_manager.cc: RunPlugins(215): "/etc/package-manager/parserlib/metadata/libprefer_dotnet_aot_plugin.so" failed but installation is ongoing
unified_backend.cc: WriteLog(16): Installer(0) Start: [Install] /usr/apps/.preload-rpk/org.tizen.VolumeGadget-2.0.3.rpk
The native image of System.Private.CoreLib does not exist.
Run the following command to create the native image:
# dotnettool --ni-dll /usr/share/dotnet.tizen/netcoreapp/System.Private.CoreLib.dll
metadata_plugin.cc: ExecutePlugin(146): Function: PKGMGR_MDPARSER_PLUGIN_INSTALL of plugin "/etc/package-manager/parserlib/metadata/libprefer_dotnet_aot_plugin.so" failed
plugin_manager.cc: RunPlugins(215): "/etc/package-manager/parserlib/metadata/libprefer_dotnet_aot_plugin.so" failed but installation is ongoing
unified_backend.cc: WriteLog(16): Installer(0) Finish: [Install] /usr/apps/.preload-rpk/org.tizen.VolumeGadget-2.0.3.rpk
plugin.cc: Load(29): Failed to open library: /etc/package-manager/parserlib/libshortcut-list.so (/etc/package-manager/parserlib/libshortcut-list.so: cannot open shared object file: No such file or directory)
plugin_manager.cc: HandleLoadFailure(62): Failed to load plugin: "/etc/package-manager/parserlib/libshortcut-list.so" but installation is ongoing. Plugin has been skipped.
The native image of System.Private.CoreLib does not exist.
Run the following command to create the native image:
# dotnettool --ni-dll /usr/share/dotnet.tizen/netcoreapp/System.Private.CoreLib.dll
metadata_plugin.cc: ExecutePlugin(146): Function: PKGMGR_MDPARSER_PLUGIN_INSTALL of plugin "/etc/package-manager/parserlib/metadata/libprefer_dotnet_aot_plugin.so" failed
plugin_manager.cc: RunPlugins(215): "/etc/package-manager/parserlib/metadata/libprefer_dotnet_aot_plugin.so" failed but installation is ongoing
unified_backend.cc: WriteLog(16): Installer(0) Start: [Install] /usr/apps/.preload-rpk/org.tizen.cssetting-wifi-1.1.8.rpk
unified_backend.cc: WriteLog(16): Installer(0) Finish: [Install] /usr/apps/.preload-rpk/org.tizen.cssetting-wifi-1.1.8.rpk
unified_backend.cc: WriteLog(16): Installer(0) Start: [Install] /usr/apps/.preload-rpk/org.tizen.cssetting-stt-1.0.0.rpk
unified_backend.cc: WriteLog(16): Installer(0) Finish: [Install] /usr/apps/.preload-rpk/org.tizen.cssetting-stt-1.0.0.rpk
unified_backend.cc: WriteLog(16): Installer(0) Start: [Install] /usr/apps/.preload-rpk/org.tizen.cssetting-inputmethod-1.1.2.rpk
unified_backend.cc: WriteLog(16): Installer(0) Finish: [Install] /usr/apps/.preload-rpk/org.tizen.cssetting-inputmethod-1.1.2.rpk
unified_backend.cc: WriteLog(16): Installer(0) Start: [Install] /usr/apps/.preload-rpk/org.tizen.cssetting-autofill-1.1.1.rpk
unified_backend.cc: WriteLog(16): Installer(0) Finish: [Install] /usr/apps/.preload-rpk/org.tizen.cssetting-autofill-1.1.1.rpk
unified_backend.cc: WriteLog(16): Installer(0) Start: [Install] /usr/apps/.preload-rpk/org.tizen.cssetting-tts-1.0.0.rpk
unified_backend.cc: WriteLog(16): Installer(0) Finish: [Install] /usr/apps/.preload-rpk/org.tizen.cssetting-tts-1.0.0.rpk
unified_backend.cc: WriteLog(16): Installer(0) Start: [Install] /usr/apps/.preload-rpk/org.tizen.cssetting-voicecontrol-1.1.2.rpk
unified_backend.cc: WriteLog(16): Installer(0) Finish: [Install] /usr/apps/.preload-rpk/org.tizen.cssetting-voicecontrol-1.1.2.rpk
plugin.cc: Load(29): Failed to open library: /etc/package-manager/parserlib/libshortcut-list.so (/etc/package-manager/parserlib/libshortcut-list.so: cannot open shared object file: No such file or directory)
plugin_manager.cc: HandleLoadFailure(62): Failed to load plugin: "/etc/package-manager/parserlib/libshortcut-list.so" but installation is ongoing. Plugin has been skipped.
The native image of System.Private.CoreLib does not exist.
Run the following command to create the native image:
# dotnettool --ni-dll /usr/share/dotnet.tizen/netcoreapp/System.Private.CoreLib.dll
metadata_plugin.cc: ExecutePlugin(146): Function: PKGMGR_MDPARSER_PLUGIN_INSTALL of plugin "/etc/package-manager/parserlib/metadata/libprefer_dotnet_aot_plugin.so" failed
plugin_manager.cc: RunPlugins(215): "/etc/package-manager/parserlib/metadata/libprefer_dotnet_aot_plugin.so" failed but installation is ongoing
unified_backend.cc: WriteLog(16): Installer(0) Start: [Install] /usr/apps/.preload-rpk/org.tizen.cssetting-bluetooth-1.10.0.rpk
unified_backend.cc: WriteLog(16): Installer(0) Finish: [Install] /usr/apps/.preload-rpk/org.tizen.cssetting-bluetooth-1.10.0.rpk
unified_backend.cc: WriteLog(16): Installer(0) Start: [Install] /usr/apps/.preload-rpk/org.tizen.cssetting-wifi-direct-1.0.10.rpk
unified_backend.cc: WriteLog(16): Installer(0) Finish: [Install] /usr/apps/.preload-rpk/org.tizen.cssetting-wifi-direct-1.0.10.rpk
unified_backend.cc: WriteLog(16): Installer(0) Start: [Install] /usr/apps/.preload-rpk/org.tizen.cssetting-accessibility-1.1.0.rpk
unified_backend.cc: WriteLog(16): Installer(0) Finish: [Install] /usr/apps/.preload-rpk/org.tizen.cssetting-accessibility-1.1.0.rpk
The native image of System.Private.CoreLib does not exist.
Run the following command to create the native image:
# dotnettool --ni-dll /usr/share/dotnet.tizen/netcoreapp/System.Private.CoreLib.dll
metadata_plugin.cc: ExecutePlugin(146): Function: PKGMGR_MDPARSER_PLUGIN_INSTALL of plugin "/etc/package-manager/parserlib/metadata/libprefer_dotnet_aot_plugin.so" failed
plugin_manager.cc: RunPlugins(215): "/etc/package-manager/parserlib/metadata/libprefer_dotnet_aot_plugin.so" failed but installation is ongoing
The native image of System.Private.CoreLib does not exist.
Run the following command to create the native image:
# dotnettool --ni-dll /usr/share/dotnet.tizen/netcoreapp/System.Private.CoreLib.dll
metadata_plugin.cc: ExecutePlugin(146): Function: PKGMGR_MDPARSER_PLUGIN_INSTALL of plugin "/etc/package-manager/parserlib/metadata/libprefer_dotnet_aot_plugin.so" failed
plugin_manager.cc: RunPlugins(215): "/etc/package-manager/parserlib/metadata/libprefer_dotnet_aot_plugin.so" failed but installation is ongoing
unified_backend.cc: WriteLog(16): Installer(0) Start: [Install] /usr/apps/.preload-rpk/org.tizen.app-selector-1.0.0.rpk
The native image of System.Private.CoreLib does not exist.
Run the following command to create the native image:
# dotnettool --ni-dll /usr/share/dotnet.tizen/netcoreapp/System.Private.CoreLib.dll
metadata_plugin.cc: ExecutePlugin(146): Function: PKGMGR_MDPARSER_PLUGIN_INSTALL of plugin "/etc/package-manager/parserlib/metadata/libprefer_dotnet_aot_plugin.so" failed
plugin_manager.cc: RunPlugins(215): "/etc/package-manager/parserlib/metadata/libprefer_dotnet_aot_plugin.so" failed but installation is ongoing
unified_backend.cc: WriteLog(16): Installer(0) Finish: [Install] /usr/apps/.preload-rpk/org.tizen.app-selector-1.0.0.rpk
unified_backend.cc: WriteLog(16): Installer(0) Start: [Install] /usr/apps/.preload-rpk/org.tizen.SystemPopupGadget-1.0.0.rpk
The native image of System.Private.CoreLib does not exist.
Run the following command to create the native image:
# dotnettool --ni-dll /usr/share/dotnet.tizen/netcoreapp/System.Private.CoreLib.dll
metadata_plugin.cc: ExecutePlugin(146): Function: PKGMGR_MDPARSER_PLUGIN_INSTALL of plugin "/etc/package-manager/parserlib/metadata/libprefer_dotnet_aot_plugin.so" failed
plugin_manager.cc: RunPlugins(215): "/etc/package-manager/parserlib/metadata/libprefer_dotnet_aot_plugin.so" failed but installation is ongoing
unified_backend.cc: WriteLog(16): Installer(0) Finish: [Install] /usr/apps/.preload-rpk/org.tizen.SystemPopupGadget-1.0.0.rpk
unified_backend.cc: WriteLog(16): Installer(0) Start: [Install] /usr/apps/.preload-rpk/org.tizen.cssetting-account-1.0.2.rpk
unified_backend.cc: WriteLog(16): Installer(0) Finish: [Install] /usr/apps/.preload-rpk/org.tizen.cssetting-account-1.0.2.rpk
system apps	pkg_type [rpm]	pkgid [org.tizen.powerkey-syspopup]	name [Power key system popup]	version [0.2.0]	storage [internal]
system apps	pkg_type [rpm]	pkgid [org.tizen.inputdelegator]	name [inputdelegator]	version [0.11.3]	storage [internal]
system apps	pkg_type [rpm]	pkgid [wakeup-engine-default]	name [service]	version [1.0.0]	storage [internal]
system apps	pkg_type [rpm]	pkgid [ise-default]	name [Tizen keyboard]	version [1.13.8]	storage [internal]
system apps	pkg_type [rpm]	pkgid [table]	name [keyboard]	version [1.0.11]	storage [internal]
system apps	pkg_type [rpm]	pkgid [ise-engine-glm]	name [Global language modules keyboard]	version [1.0.14]	storage [internal]
system apps	pkg_type [rpm]	pkgid [hangul]	name [Hangul keyboard]	version [1.0.12]	storage [internal]
system apps	pkg_type [rpm]	pkgid [org.tizen.system-signal-sender]	name [System signal sender]	version [0.1.7]	storage [internal]
system apps	pkg_type [rpm]	pkgid [org.tizen.aurum-bootstrap]	name [aurum-bootstrap]	version [1.0.14]	storage [internal]
system apps	pkg_type [rpm]	pkgid [ise-engine-thai]	name [Thai Keyboard Engine]	version [1.0.0]	storage [internal]
system apps	pkg_type [rpm]	pkgid [org.tizen.system-syspopup]	name [System popup]	version [0.1.7]	storage [internal]
system apps	pkg_type [rpm]	pkgid [org.tizen.inputmethod-setting]	name [Inputmethod Setting Service]	version [0.11.1]	storage [internal]
system apps	pkg_type [rpm]	pkgid [org.tizen.default-dark-theme]	name [DefaultDarkTheme]	version [1.0.0]	storage [internal]
system apps	pkg_type [rpm]	pkgid [mmi-manager]	name [mmi-manager]	version [1.0.3]	storage [internal]
system apps	pkg_type [rpm]	pkgid [setting-myaccount-efl]	name [Accounts]	version [1.9.104]	storage [internal]
system apps	pkg_type [rpm]	pkgid [org.tizen.vc-engine-default]	name [org.tizen.vc-engine-default]	version [1.90.1]	storage [internal]
system apps	pkg_type [rpm]	pkgid [ise-default-dali]	name [Tizen Dali keyboard]	version [0.3.5]	storage [internal]
system apps	pkg_type [rpk]	pkgid [org.tizen.action-framework.platform-actions]	name [Tizen Action Platform Actions]	version [1.0.0]	storage [internal]
system apps	pkg_type [rpm]	pkgid [ise-engine-default]	name [Default keyboard]	version [1.0.10]	storage [internal]
system apps	pkg_type [rpm]	pkgid [org.tizen.vc-elm-unittests]	name [Voice Control Elm unittests]	version [0.6.2]	storage [internal]
system apps	pkg_type [rpm]	pkgid [org.tizen.multi-assistant-service]	name [Multi Assistant Service]	version [0.3.42]	storage [internal]
system apps	pkg_type [rpm]	pkgid [org.tizen.autofill-setting-mobile]	name [Autofill setting]	version [0.2.6]	storage [internal]
system apps	pkg_type [rpm]	pkgid [org.tizen.autofilld]	name [autofilld]	version [1.11.1]	storage [internal]
system apps	pkg_type [rpm]	pkgid [org.tizen.chromium-efl]	name [Tizen Web Engine based on Chromium]	version [1.1.144]	storage [internal]
system apps	pkg_type [rpm]	pkgid [unikey]	name [Vietnamese keyboard]	version [0.3.2]	storage [internal]
system apps	pkg_type [rpm]	pkgid [org.tizen.default-light-theme]	name [DefaultLightTheme]	version [1.0.0]	storage [internal]
system apps	pkg_type [rpm]	pkgid [ise-engine-anthy]	name [Japanese keyboard]	version [1.0.12]	storage [internal]
system apps	pkg_type [rpm]	pkgid [org.tizen.tts-engine-default]	name [tts-engine-default]	version [1.100.1]	storage [internal]
system apps	pkg_type [rpm]	pkgid [org.tizen.screen-reader]	name [screen-reader]	version [0.1.0]	storage [internal]
system apps	pkg_type [rpk]	pkgid [org.tizen.action-framework.default-actions]	name [Tizen Action Default Actions]	version [1.0.0]	storage [internal]
system apps	pkg_type [rpm]	pkgid [org.tizen.stt-engine-default]	name [org.tizen.stt-engine-default]	version [1.100.3]	storage [internal]
system apps	pkg_type [rpm]	pkgid [org.tizen.net-popup]	name [Network popup]	version [3.0.0]	storage [internal]
system apps	pkg_type [rpm]	pkgid [ise-engine-sunpinyin]	name [Chinese (sunpinyin) keyboard]	version [1.0.12]	storage [internal]
system apps	pkg_type [tpk]	pkgid [org.tizen.homescreen]	name [TizenFS]	version [1.0.0]	storage [internal]
system apps	pkg_type [tpk]	pkgid [org.tizen.ISEDefaultNUI]	name [Tizen NUI keyboard]	version [1.0.0]	storage [internal]
system apps	pkg_type [tpk]	pkgid [org.tizen.systemui]	name [SystemUI]	version [1.0.3]	storage [internal]
system apps	pkg_type [rpk]	pkgid [org.tizen.VolumeGadget]	name []	version [2.0.3]	storage [internal]
system apps	pkg_type [tpk]	pkgid [org.tizen.cssetting-keyboard]	name [SettingKeyboard]	version [1.0.0]	storage [internal]
system apps	pkg_type [rpk]	pkgid [org.tizen.cssetting-wifi]	name []	version [1.1.8]	storage [internal]
system apps	pkg_type [rpk]	pkgid [org.tizen.cssetting-stt]	name []	version [1.0.0]	storage [internal]
system apps	pkg_type [rpk]	pkgid [org.tizen.cssetting-inputmethod]	name []	version [1.1.2]	storage [internal]
system apps	pkg_type [rpk]	pkgid [org.tizen.cssetting-autofill]	name []	version [1.1.1]	storage [internal]
system apps	pkg_type [rpk]	pkgid [org.tizen.cssetting-tts]	name []	version [1.0.0]	storage [internal]
system apps	pkg_type [rpk]	pkgid [org.tizen.cssetting-voicecontrol]	name []	version [1.1.2]	storage [internal]
system apps	pkg_type [tpk]	pkgid [org.tizen.bt-syspopup]	name [bt-syspopup]	version [1.0.0]	storage [internal]
system apps	pkg_type [tpk]	pkgid [org.tizen.share-panel_common]	name [share-panel]	version [2.0.1]	storage [internal]
system apps	pkg_type [rpk]	pkgid [org.tizen.cssetting-bluetooth]	name []	version [1.9.0]	storage [internal]
system apps	pkg_type [rpk]	pkgid [org.tizen.cssetting-wifi-direct]	name []	version [1.0.10]	storage [internal]
system apps	pkg_type [rpk]	pkgid [org.tizen.cssetting-accessibility]	name []	version [1.1.0]	storage [internal]
system apps	pkg_type [tpk]	pkgid [org.tizen.askuser-privacy-popup]	name [askuser privacy popup]	version [3.0.0]	storage [internal]
system apps	pkg_type [tpk]	pkgid [org.tizen.NUIGadgetViewer]	name [NUIGadgetViewer]	version [1.0.0]	storage [internal]
system apps	pkg_type [rpk]	pkgid [org.tizen.app-selector]	name []	version [1.0.0]	storage [internal]
system apps	pkg_type [rpk]	pkgid [org.tizen.SystemPopupGadget]	name []	version [1.0.0]	storage [internal]
system apps	pkg_type [rpk]	pkgid [org.tizen.cssetting-account]	name []	version [1.0.2]	storage [internal]
spend time for pkgcmd is [144]ms
Manifest: "/usr/share/syspopup/default/common.xml"
syspopup name[volume] appid[org.tizen.volume] priority[1] focus[1] timeout[-1] term-action[1] endkey-action[1]
syspopup name[bt-syspopup] appid[org.tizen.bt-syspopup] priority[0] focus[0] timeout[-1] term-action[0] endkey-action[0]
syspopup name[wifi-qs] appid[net.wifi-qs] priority[0] focus[0] timeout[-1] term-action[0] endkey-action[2]
syspopup name[powerkey-syspopup] appid[org.tizen.powerkey-syspopup] priority[3] focus[0] timeout[-1] term-action[0] endkey-action[0]
syspopup name[overheat-syspopup] appid[org.tizen.overheat-syspopup] priority[3] focus[0] timeout[-1] term-action[0] endkey-action[0]
syspopup name[lowmem-syspopup] appid[org.tizen.lowmem-syspopup] priority[0] focus[0] timeout[5] term-action[0] endkey-action[0]
syspopup name[battery-syspopup] appid[org.tizen.battery-syspopup] priority[0] focus[0] timeout[5] term-action[0] endkey-action[0]
syspopup name[net-popup] appid[org.tizen.net-popup] priority[0] focus[0] timeout[-1] term-action[0] endkey-action[0]
syspopup name[usb-syspopup] appid[org.tizen.usb-syspopup] priority[1] focus[0] timeout[-1] term-action[2] endkey-action[2]
syspopup name[usbotg-syspopup] appid[org.tizen.usbotg-syspopup] priority[0] focus[1] timeout[-1] term-action[0] endkey-action[0]
syspopup name[mmc-syspopup] appid[org.tizen.mmc-syspopup] priority[0] focus[0] timeout[-1] term-action[0] endkey-action[0]
syspopup name[mobileap-syspopup] appid[org.tizen.mobileap-syspopup] priority[0] focus[0] timeout[-1] term-action[0] endkey-action[0]
syspopup name[telephony-syspopup] appid[org.tizen.telephony-syspopup] priority[1] focus[1] timeout[5] term-action[0] endkey-action[0]
syspopup name[system-syspopup] appid[org.tizen.system-syspopup] priority[1] focus[0] timeout[-1] term-action[0] endkey-action[0]
syspopup name[safetyvolume-syspopup] appid[org.tizen.safetyvolume-syspopup] priority[1] focus[0] timeout[-1] term-action[0] endkey-action[0]
syspopup name[datausage-syspopup] appid[org.tizen.datausage-syspopup] priority[1] focus[0] timeout[-1] term-action[0] endkey-action[0]
syspopup name[crash-syspopup] appid[org.tizen.crash-syspopup] priority[1] focus[0] timeout[-1] term-action[0] endkey-action[0]
syspopup name[gps-syspopup] appid[org.tizen.gps-syspopup] priority[0] focus[0] timeout[-1] term-action[0] endkey-action[0]
syspopup name[mode-syspopup] appid[org.tizen.mode-syspopup] priority[1] focus[0] timeout[-1] term-action[0] endkey-action[0]
syspopup name[d2d-conv-syspopup] appid[org.tizen.d2d-conv-syspopup] priority[3] focus[0] timeout[-1] term-action[0] endkey-action[0]
syspopup name[fido-syspopup] appid[org.tizen.fido-syspopup] priority[3] focus[0] timeout[-1] term-action[0] endkey-action[0]

[09/17 18:59:37 UTC] Applying configurations ...
[09/17 18:59:37 UTC] Running post scripts ...
[09/17 18:59:37 UTC] #################### generic-adaptation.post ####################
[09/17 18:59:37 UTC] /bin/sed: can't read /etc/modprobe.d/blacklist.conf: No such file or directory
[09/17 18:59:37 UTC] #################### generic-base.post ####################
[09/17 18:59:38 UTC] Create /etc/info.ini
[09/17 18:59:38 UTC] Make system info db(/etc/system_info_db) by /etc/config/model-config.xml and /etc/info.ini
[09/17 18:59:38 UTC] #################### generic-users.post ####################
[09/17 18:59:38 UTC] `/etc/gumd/gumd.conf' -> `/etc/gumd/gumd.conf.orig'
[09/17 18:59:43 UTC] gum-Message: 03:59:43.822: 836.028421 gumd-utils.c:291 void _handle_user_add(InputUser *, gboolean, gboolean) User added successfully
[09/17 18:59:43 UTC] gum-Message: 03:59:43.828: 836.036672 gumd-utils.c:187 void _print_user_prop(GumUser *) uid : 5001
[09/17 18:59:43 UTC] gum-Message: 03:59:43.828: 836.036986 gumd-utils.c:188 void _print_user_prop(GumUser *) gid : 100
[09/17 18:59:43 UTC] gum-Message: 03:59:43.828: 836.037151 gumd-utils.c:189 void _print_user_prop(GumUser *) username : owner
[09/17 18:59:43 UTC] gum-Message: 03:59:43.828: 836.037289 gumd-utils.c:190 void _print_user_prop(GumUser *) usertype : admin
[09/17 18:59:43 UTC] gum-Message: 03:59:43.828: 836.037426 gumd-utils.c:191 void _print_user_prop(GumUser *) nickname : UNKNOWN
[09/17 18:59:43 UTC] gum-Message: 03:59:43.829: 836.037695 gumd-utils.c:192 void _print_user_prop(GumUser *) realname :
[09/17 18:59:43 UTC] gum-Message: 03:59:43.829: 836.037996 gumd-utils.c:193 void _print_user_prop(GumUser *) office :
[09/17 18:59:43 UTC] gum-Message: 03:59:43.829: 836.038322 gumd-utils.c:195 void _print_user_prop(GumUser *) officephone :
[09/17 18:59:43 UTC] gum-Message: 03:59:43.830: 836.038629 gumd-utils.c:196 void _print_user_prop(GumUser *) homephone :
[09/17 18:59:43 UTC] gum-Message: 03:59:43.830: 836.039055 gumd-utils.c:197 void _print_user_prop(GumUser *) homedir : /opt/usr/home/owner
[09/17 18:59:43 UTC] gum-Message: 03:59:43.830: 836.039233 gumd-utils.c:198 void _print_user_prop(GumUser *) icon: UNKNOWN
[09/17 18:59:43 UTC] gum-Message: 03:59:43.830: 836.039376 gumd-utils.c:199 void _print_user_prop(GumUser *) shell : /bin/bash
[09/17 18:59:43 UTC] 
[09/17 18:59:43 UTC] `/etc/gumd/gumd.conf.orig' -> `/etc/gumd/gumd.conf'
[09/17 18:59:43 UTC] ############### iot-headless-base.post ################
[09/17 18:59:44 UTC] pkgmgr-tool-0.14.10-1.aarch64
[09/17 18:59:44 UTC] #################### generic-wayland.post ####################
[09/17 18:59:44 UTC] #################### generic-middleware.post ####################
[09/17 18:59:44 UTC] #################### generic-applications.post ####################
[09/17 18:59:44 UTC] #################### generic-bluetooth.post ####################
[09/17 18:59:44 UTC] #################### generic-multimedia.post ####################
[09/17 18:59:44 UTC] #################### generic-desktop-applications.post ####################
[09/17 18:59:44 UTC] #################### generic-crosswalk.post ####################
[09/17 18:59:44 UTC] ############### common-crosswalk.post ################
[09/17 18:59:45 UTC] ############### common-license.post ################
[09/17 19:01:51 UTC] #################### generic-dbus-policychecker.post ####################
[09/17 19:01:51 UTC] 
[09/17 19:01:51 UTC] /tmp/ks-postscript-av85d37u: Checking D-Bus policy file: /etc/dbus-1/system.d/alarm-service.conf
[09/17 19:01:52 UTC] Checking D-Bus policy file: /etc/dbus-1/system.d/alarm-service.conf
[09/17 19:01:52 UTC] 
[09/17 19:01:52 UTC] /tmp/ks-postscript-av85d37u: Checking D-Bus policy file: /etc/dbus-1/system.d/asp-manager.conf
[09/17 19:01:54 UTC] Checking D-Bus policy file: /etc/dbus-1/system.d/asp-manager.conf
[09/17 19:01:54 UTC] 
[09/17 19:01:54 UTC] /tmp/ks-postscript-av85d37u: Checking D-Bus policy file: /etc/dbus-1/system.d/aul.conf
[09/17 19:01:55 UTC] Checking D-Bus policy file: /etc/dbus-1/system.d/aul.conf
[09/17 19:01:55 UTC] 
[09/17 19:01:55 UTC] /tmp/ks-postscript-av85d37u: Checking D-Bus policy file: /etc/dbus-1/system.d/bluetooth-ag-agent.conf
[09/17 19:01:56 UTC] Checking D-Bus policy file: /etc/dbus-1/system.d/bluetooth-ag-agent.conf
[09/17 19:01:56 UTC] 
[09/17 19:01:56 UTC] /tmp/ks-postscript-av85d37u: Checking D-Bus policy file: /etc/dbus-1/system.d/bluetooth-frwk-core.conf
[09/17 19:01:57 UTC] Checking D-Bus policy file: /etc/dbus-1/system.d/bluetooth-frwk-core.conf
[09/17 19:01:57 UTC] 
[09/17 19:01:57 UTC] /tmp/ks-postscript-av85d37u: Checking D-Bus policy file: /etc/dbus-1/system.d/bluetooth-frwk-gap-agent.conf
[09/17 19:01:59 UTC] Checking D-Bus policy file: /etc/dbus-1/system.d/bluetooth-frwk-gap-agent.conf
[09/17 19:01:59 UTC] 
[09/17 19:01:59 UTC] /tmp/ks-postscript-av85d37u: Checking D-Bus policy file: /etc/dbus-1/system.d/bluetooth-frwk-service.conf
[09/17 19:02:00 UTC] Checking D-Bus policy file: /etc/dbus-1/system.d/bluetooth-frwk-service.conf
[09/17 19:02:00 UTC] 
[09/17 19:02:00 UTC] /tmp/ks-postscript-av85d37u: Checking D-Bus policy file: /etc/dbus-1/system.d/bluetooth.conf
[09/17 19:02:01 UTC] Checking D-Bus policy file: /etc/dbus-1/system.d/bluetooth.conf
[09/17 19:02:01 UTC] 
[09/17 19:02:01 UTC] /tmp/ks-postscript-av85d37u: Checking D-Bus policy file: /etc/dbus-1/system.d/bugreport-service.conf
[09/17 19:02:03 UTC] Checking D-Bus policy file: /etc/dbus-1/system.d/bugreport-service.conf
[09/17 19:02:03 UTC] 
[09/17 19:02:03 UTC] /tmp/ks-postscript-av85d37u: Checking D-Bus policy file: /etc/dbus-1/system.d/capi-ui-sticker.conf
[09/17 19:02:04 UTC] Checking D-Bus policy file: /etc/dbus-1/system.d/capi-ui-sticker.conf
[09/17 19:02:04 UTC] 
[09/17 19:02:04 UTC] /tmp/ks-postscript-av85d37u: Checking D-Bus policy file: /etc/dbus-1/system.d/connman-vpn-dbus.conf
[09/17 19:02:05 UTC] Checking D-Bus policy file: /etc/dbus-1/system.d/connman-vpn-dbus.conf
[09/17 19:02:05 UTC] 
[09/17 19:02:05 UTC] /tmp/ks-postscript-av85d37u: Checking D-Bus policy file: /etc/dbus-1/system.d/connman.conf
[09/17 19:02:06 UTC] Checking D-Bus policy file: /etc/dbus-1/system.d/connman.conf
[09/17 19:02:06 UTC] 
[09/17 19:02:06 UTC] /tmp/ks-postscript-av85d37u: Checking D-Bus policy file: /etc/dbus-1/system.d/data-provider-master.conf
[09/17 19:02:08 UTC] Checking D-Bus policy file: /etc/dbus-1/system.d/data-provider-master.conf
[09/17 19:02:08 UTC] 
[09/17 19:02:08 UTC] /tmp/ks-postscript-av85d37u: Checking D-Bus policy file: /etc/dbus-1/system.d/dnsmasq.conf
[09/17 19:02:09 UTC] Checking D-Bus policy file: /etc/dbus-1/system.d/dnsmasq.conf
[09/17 19:02:09 UTC] 
[09/17 19:02:09 UTC] /tmp/ks-postscript-av85d37u: Checking D-Bus policy file: /etc/dbus-1/system.d/dumpsys-service.conf
[09/17 19:02:10 UTC] Checking D-Bus policy file: /etc/dbus-1/system.d/dumpsys-service.conf
[09/17 19:02:10 UTC] 
[09/17 19:02:10 UTC] /tmp/ks-postscript-av85d37u: Checking D-Bus policy file: /etc/dbus-1/system.d/engine-loader.conf
[09/17 19:02:11 UTC] Checking D-Bus policy file: /etc/dbus-1/system.d/engine-loader.conf
[09/17 19:02:11 UTC] 
[09/17 19:02:11 UTC] /tmp/ks-postscript-av85d37u: Checking D-Bus policy file: /etc/dbus-1/system.d/feedbackd.conf
[09/17 19:02:13 UTC] Checking D-Bus policy file: /etc/dbus-1/system.d/feedbackd.conf
[09/17 19:02:13 UTC] 
[09/17 19:02:13 UTC] /tmp/ks-postscript-av85d37u: Checking D-Bus policy file: /etc/dbus-1/system.d/focus-server.conf
[09/17 19:02:14 UTC] Checking D-Bus policy file: /etc/dbus-1/system.d/focus-server.conf
[09/17 19:02:14 UTC] 
[09/17 19:02:14 UTC] /tmp/ks-postscript-av85d37u: Checking D-Bus policy file: /etc/dbus-1/system.d/gumd-dbus.conf
[09/17 19:02:15 UTC] Checking D-Bus policy file: /etc/dbus-1/system.d/gumd-dbus.conf
[09/17 19:02:15 UTC] 
[09/17 19:02:15 UTC] /tmp/ks-postscript-av85d37u: Checking D-Bus policy file: /etc/dbus-1/system.d/inm-manager.conf
[09/17 19:02:17 UTC] Checking D-Bus policy file: /etc/dbus-1/system.d/inm-manager.conf
[09/17 19:02:17 UTC] 
[09/17 19:02:17 UTC] /tmp/ks-postscript-av85d37u: Checking D-Bus policy file: /etc/dbus-1/system.d/isud.conf
[09/17 19:02:18 UTC] Checking D-Bus policy file: /etc/dbus-1/system.d/isud.conf
[09/17 19:02:18 UTC] 
[09/17 19:02:18 UTC] /tmp/ks-postscript-av85d37u: Checking D-Bus policy file: /etc/dbus-1/system.d/launcher.conf
[09/17 19:02:19 UTC] Checking D-Bus policy file: /etc/dbus-1/system.d/launcher.conf
[09/17 19:02:19 UTC] 
[09/17 19:02:19 UTC] /tmp/ks-postscript-av85d37u: Checking D-Bus policy file: /etc/dbus-1/system.d/lbs-server.conf
[09/17 19:02:20 UTC] Checking D-Bus policy file: /etc/dbus-1/system.d/lbs-server.conf
[09/17 19:02:20 UTC] 
[09/17 19:02:20 UTC] /tmp/ks-postscript-av85d37u: Checking D-Bus policy file: /etc/dbus-1/system.d/mlops-agent.conf
[09/17 19:02:22 UTC] Checking D-Bus policy file: /etc/dbus-1/system.d/mlops-agent.conf
[09/17 19:02:22 UTC] 
[09/17 19:02:22 UTC] /tmp/ks-postscript-av85d37u: Checking D-Bus policy file: /etc/dbus-1/system.d/mobileap-agent.conf
[09/17 19:02:23 UTC] Checking D-Bus policy file: /etc/dbus-1/system.d/mobileap-agent.conf
[09/17 19:02:23 UTC] 
[09/17 19:02:23 UTC] /tmp/ks-postscript-av85d37u: Checking D-Bus policy file: /etc/dbus-1/system.d/nan-manager.conf
[09/17 19:02:24 UTC] Checking D-Bus policy file: /etc/dbus-1/system.d/nan-manager.conf
[09/17 19:02:24 UTC] 
[09/17 19:02:24 UTC] /tmp/ks-postscript-av85d37u: Checking D-Bus policy file: /etc/dbus-1/system.d/net-config.conf
[09/17 19:02:25 UTC] Checking D-Bus policy file: /etc/dbus-1/system.d/net-config.conf
[09/17 19:02:25 UTC] 
[09/17 19:02:25 UTC] /tmp/ks-postscript-av85d37u: Checking D-Bus policy file: /etc/dbus-1/system.d/org.enlightenment.wm.conf
[09/17 19:02:27 UTC] Checking D-Bus policy file: /etc/dbus-1/system.d/org.enlightenment.wm.conf
[09/17 19:02:27 UTC] 
[09/17 19:02:27 UTC] /tmp/ks-postscript-av85d37u: Checking D-Bus policy file: /etc/dbus-1/system.d/org.tizen.account.manager.conf
[09/17 19:02:28 UTC] Checking D-Bus policy file: /etc/dbus-1/system.d/org.tizen.account.manager.conf
[09/17 19:02:28 UTC] 
[09/17 19:02:28 UTC] /tmp/ks-postscript-av85d37u: Checking D-Bus policy file: /etc/dbus-1/system.d/org.tizen.activationd.conf
[09/17 19:02:29 UTC] Checking D-Bus policy file: /etc/dbus-1/system.d/org.tizen.activationd.conf
[09/17 19:02:29 UTC] 
[09/17 19:02:29 UTC] /tmp/ks-postscript-av85d37u: Checking D-Bus policy file: /etc/dbus-1/system.d/org.tizen.app2sd.conf
[09/17 19:02:31 UTC] Checking D-Bus policy file: /etc/dbus-1/system.d/org.tizen.app2sd.conf
[09/17 19:02:31 UTC] 
[09/17 19:02:31 UTC] /tmp/ks-postscript-av85d37u: Checking D-Bus policy file: /etc/dbus-1/system.d/org.tizen.clatd.conf
[09/17 19:02:32 UTC] Checking D-Bus policy file: /etc/dbus-1/system.d/org.tizen.clatd.conf
[09/17 19:02:32 UTC] 
[09/17 19:02:32 UTC] /tmp/ks-postscript-av85d37u: Checking D-Bus policy file: /etc/dbus-1/system.d/org.tizen.context.conf
[09/17 19:02:33 UTC] Checking D-Bus policy file: /etc/dbus-1/system.d/org.tizen.context.conf
[09/17 19:02:33 UTC] 
[09/17 19:02:33 UTC] /tmp/ks-postscript-av85d37u: Checking D-Bus policy file: /etc/dbus-1/system.d/org.tizen.factory-reset.conf
[09/17 19:02:34 UTC] Checking D-Bus policy file: /etc/dbus-1/system.d/org.tizen.factory-reset.conf
[09/17 19:02:34 UTC] 
[09/17 19:02:34 UTC] /tmp/ks-postscript-av85d37u: Checking D-Bus policy file: /etc/dbus-1/system.d/org.tizen.mtp.conf
[09/17 19:02:36 UTC] Checking D-Bus policy file: /etc/dbus-1/system.d/org.tizen.mtp.conf
[09/17 19:02:36 UTC] 
[09/17 19:02:36 UTC] /tmp/ks-postscript-av85d37u: Checking D-Bus policy file: /etc/dbus-1/system.d/org.tizen.pkgdir_tool.conf
[09/17 19:02:37 UTC] Checking D-Bus policy file: /etc/dbus-1/system.d/org.tizen.pkgdir_tool.conf
[09/17 19:02:37 UTC] 
[09/17 19:02:37 UTC] /tmp/ks-postscript-av85d37u: Checking D-Bus policy file: /etc/dbus-1/system.d/org.tizen.resourced.conf
[09/17 19:02:38 UTC] Checking D-Bus policy file: /etc/dbus-1/system.d/org.tizen.resourced.conf
[09/17 19:02:38 UTC] 
[09/17 19:02:38 UTC] /tmp/ks-postscript-av85d37u: Checking D-Bus policy file: /etc/dbus-1/system.d/org.tizen.scmirroring.server.conf
[09/17 19:02:39 UTC] Checking D-Bus policy file: /etc/dbus-1/system.d/org.tizen.scmirroring.server.conf
[09/17 19:02:39 UTC] 
[09/17 19:02:39 UTC] /tmp/ks-postscript-av85d37u: Checking D-Bus policy file: /etc/dbus-1/system.d/org.tizen.sessiond.conf
[09/17 19:02:41 UTC] Checking D-Bus policy file: /etc/dbus-1/system.d/org.tizen.sessiond.conf
[09/17 19:02:41 UTC] 
[09/17 19:02:41 UTC] /tmp/ks-postscript-av85d37u: Checking D-Bus policy file: /etc/dbus-1/system.d/org.tizen.system.deviced.conf
[09/17 19:02:42 UTC] Checking D-Bus policy file: /etc/dbus-1/system.d/org.tizen.system.deviced.conf
[09/17 19:02:42 UTC] 
[09/17 19:02:42 UTC] /tmp/ks-postscript-av85d37u: Checking D-Bus policy file: /etc/dbus-1/system.d/org.tizen.system.storage.conf
[09/17 19:02:43 UTC] Checking D-Bus policy file: /etc/dbus-1/system.d/org.tizen.system.storage.conf
[09/17 19:02:43 UTC] 
[09/17 19:02:43 UTC] /tmp/ks-postscript-av85d37u: Checking D-Bus policy file: /etc/dbus-1/system.d/pass.conf
[09/17 19:02:45 UTC] Checking D-Bus policy file: /etc/dbus-1/system.d/pass.conf
[09/17 19:02:45 UTC] 
[09/17 19:02:45 UTC] /tmp/ks-postscript-av85d37u: Checking D-Bus policy file: /etc/dbus-1/system.d/phonenumber-utils.conf
[09/17 19:02:46 UTC] Checking D-Bus policy file: /etc/dbus-1/system.d/phonenumber-utils.conf
[09/17 19:02:46 UTC] 
[09/17 19:02:46 UTC] /tmp/ks-postscript-av85d37u: Checking D-Bus policy file: /etc/dbus-1/system.d/rpc-port.conf
[09/17 19:02:47 UTC] Checking D-Bus policy file: /etc/dbus-1/system.d/rpc-port.conf
[09/17 19:02:47 UTC] 
[09/17 19:02:47 UTC] /tmp/ks-postscript-av85d37u: Checking D-Bus policy file: /etc/dbus-1/system.d/rscmgr-service.conf
[09/17 19:02:48 UTC] Checking D-Bus policy file: /etc/dbus-1/system.d/rscmgr-service.conf
[09/17 19:02:48 UTC] 
[09/17 19:02:48 UTC] /tmp/ks-postscript-av85d37u: Checking D-Bus policy file: /etc/dbus-1/system.d/stc-iptables.conf
[09/17 19:02:50 UTC] Checking D-Bus policy file: /etc/dbus-1/system.d/stc-iptables.conf
[09/17 19:02:50 UTC] 
[09/17 19:02:50 UTC] /tmp/ks-postscript-av85d37u: Checking D-Bus policy file: /etc/dbus-1/system.d/stc-manager.conf
[09/17 19:02:51 UTC] Checking D-Bus policy file: /etc/dbus-1/system.d/stc-manager.conf
[09/17 19:02:51 UTC] 
[09/17 19:02:51 UTC] /tmp/ks-postscript-av85d37u: Checking D-Bus policy file: /etc/dbus-1/system.d/tts-server.conf
[09/17 19:02:52 UTC] Checking D-Bus policy file: /etc/dbus-1/system.d/tts-server.conf
[09/17 19:02:52 UTC] 
[09/17 19:02:52 UTC] /tmp/ks-postscript-av85d37u: Checking D-Bus policy file: /etc/dbus-1/system.d/ua-manager.conf
[09/17 19:02:53 UTC] Checking D-Bus policy file: /etc/dbus-1/system.d/ua-manager.conf
[09/17 19:02:53 UTC] 
[09/17 19:02:53 UTC] /tmp/ks-postscript-av85d37u: Checking D-Bus policy file: /etc/dbus-1/system.d/update-manager.conf
[09/17 19:02:55 UTC] Checking D-Bus policy file: /etc/dbus-1/system.d/update-manager.conf
[09/17 19:02:55 UTC] 
[09/17 19:02:55 UTC] /tmp/ks-postscript-av85d37u: Checking D-Bus policy file: /etc/dbus-1/system.d/wfd-manager.conf
[09/17 19:02:56 UTC] Checking D-Bus policy file: /etc/dbus-1/system.d/wfd-manager.conf
[09/17 19:02:56 UTC] 
[09/17 19:02:56 UTC] /tmp/ks-postscript-av85d37u: Checking D-Bus policy file: /etc/dbus-1/system.d/wifi-tethering-dbus.conf
[09/17 19:02:57 UTC] Checking D-Bus policy file: /etc/dbus-1/system.d/wifi-tethering-dbus.conf
[09/17 19:02:57 UTC] 
[09/17 19:02:57 UTC] /tmp/ks-postscript-av85d37u: Checking D-Bus policy file: /etc/dbus-1/system.d/wpa_supplicant.conf
[09/17 19:02:58 UTC] Checking D-Bus policy file: /etc/dbus-1/system.d/wpa_supplicant.conf
[09/17 19:02:58 UTC] 
[09/17 19:02:58 UTC] /tmp/ks-postscript-av85d37u: Checking D-Bus policy file: /usr/share/dbus-1/system.d/org.freedesktop.locale1.conf
[09/17 19:03:00 UTC] Checking D-Bus policy file: /usr/share/dbus-1/system.d/org.freedesktop.locale1.conf
[09/17 19:03:00 UTC] 
[09/17 19:03:00 UTC] /tmp/ks-postscript-av85d37u: Checking D-Bus policy file: /usr/share/dbus-1/system.d/org.freedesktop.login1.conf
[09/17 19:03:01 UTC] Checking D-Bus policy file: /usr/share/dbus-1/system.d/org.freedesktop.login1.conf
[09/17 19:03:01 UTC] 
[09/17 19:03:01 UTC] /tmp/ks-postscript-av85d37u: Checking D-Bus policy file: /usr/share/dbus-1/system.d/org.freedesktop.systemd1.conf
[09/17 19:03:02 UTC] Checking D-Bus policy file: /usr/share/dbus-1/system.d/org.freedesktop.systemd1.conf
[09/17 19:03:02 UTC] 
[09/17 19:03:02 UTC] /tmp/ks-postscript-av85d37u: Checking D-Bus policy file: /usr/share/dbus-1/system.d/org.tizen.system.conf
[09/17 19:03:04 UTC] Checking D-Bus policy file: /usr/share/dbus-1/system.d/org.tizen.system.conf
[09/17 19:03:04 UTC] #################### generic-security.post ####################
[09/17 19:03:04 UTC] Give capabilities to daemons via set_capability from security-config package
[09/17 19:03:06 UTC] guest:x:9999:9999::/home/guest:/bin/sh
[09/17 19:03:06 UTC] owner::5001:100:,,,,admin:/opt/usr/home/owner:/bin/bash
[09/17 19:03:06 UTC] Run security-test
[09/17 19:07:50 UTC] ###### path check error list ######
[09/17 19:07:50 UTC] /tmp/ks-postscript-av85d37u,file /tmp/ks-postscript-av85d37u is not owned by any package
[09/17 19:07:50 UTC] /usr/share/security-config/configure_askuser.sh,security-config-1.0-1.aarch64
[09/17 19:07:50 UTC] /usr/share/upgrade/vd_scripts/additional_scripts/chromium-efl.sh,chromium-efl-1.1.144-1.aarch64
[09/17 19:07:50 UTC] /usr/share/upgrade/scripts/500.media_db_upgrade.sh,media-server-0.8.16-0.aarch64
[09/17 19:07:50 UTC] /usr/share/platform-extension/711.security-manager-migration-from-product-partition.sh,security-manager-2.5.4-0.aarch64
[09/17 19:07:50 UTC] ###### not permitted service list ######
[09/17 19:07:50 UTC] /usr/lib/systemd/system/systemd-bless-boot.service
[09/17 19:07:50 UTC] /usr/lib/systemd/system/systemd-boot-system-token.service
[09/17 19:07:50 UTC] /usr/lib/systemd/system/tizen-watcherd.socket
[09/17 19:07:50 UTC] /usr/lib/systemd/system/amd-tizen-action-service.socket
[09/17 19:07:50 UTC] ###### Security test done. Remove util files. ######
[09/17 19:07:50 UTC] ############### iot-making-ABB-tag.post ################
[09/17 19:08:05 UTC] ############### iot-making-building-blocks-dll.post ################
[09/17 19:08:23 UTC] ElmSharp.dll
[09/17 19:08:23 UTC] OpenTK.dll
[09/17 19:08:24 UTC] Tizen.AIAvatar.dll
[09/17 19:08:24 UTC] Tizen.Account.AccountManager.dll
[09/17 19:08:24 UTC] Tizen.Account.OAuth2.dll
[09/17 19:08:24 UTC] Tizen.Account.SyncManager.dll
[09/17 19:08:24 UTC] Tizen.Applications.Alarm.dll
[09/17 19:08:24 UTC] Tizen.Applications.Cion.dll
[09/17 19:08:24 UTC] Tizen.Applications.Common.dll
[09/17 19:08:24 UTC] Tizen.Applications.ComponentBased.ComponentManager.dll
[09/17 19:08:24 UTC] Tizen.Applications.ComponentBased.Default.dll
[09/17 19:08:24 UTC] /bin/cp: cannot stat `/usr/share/dotnet.tizen/framework/Tizen.Applications.ComponentBased.Default.dll': No such file or directory
[09/17 19:08:24 UTC] Tizen.Applications.ComponentBased.Port.dll
[09/17 19:08:24 UTC] Tizen.Applications.ComponentBased.dll
[09/17 19:08:24 UTC] Tizen.Applications.DataControl.dll
[09/17 19:08:24 UTC] Tizen.Applications.EventManager.dll
[09/17 19:08:24 UTC] Tizen.Applications.MessagePort.dll
[09/17 19:08:24 UTC] Tizen.Applications.Notification.dll
[09/17 19:08:24 UTC] Tizen.Applications.NotificationEventListener.dll
[09/17 19:08:24 UTC] Tizen.Applications.PackageManager.dll
[09/17 19:08:24 UTC] Tizen.Applications.Preference.dll
[09/17 19:08:24 UTC] Tizen.Applications.Service.dll
[09/17 19:08:24 UTC] Tizen.Applications.ThemeManager.dll
[09/17 19:08:24 UTC] Tizen.Applications.ToastMessage.dll
[09/17 19:08:24 UTC] Tizen.Applications.UI.dll
[09/17 19:08:25 UTC] Tizen.Applications.UIGadget.dll
[09/17 19:08:25 UTC] Tizen.Applications.WidgetControl.dll
[09/17 19:08:25 UTC] Tizen.Content.Download.dll
[09/17 19:08:25 UTC] Tizen.Content.MediaContent.dll
[09/17 19:08:25 UTC] Tizen.Content.MimeType.dll
[09/17 19:08:25 UTC] Tizen.Context.dll
[09/17 19:08:25 UTC] Tizen.Core.dll
[09/17 19:08:25 UTC] Tizen.Data.Tdbc.Driver.Sqlite.dll
[09/17 19:08:25 UTC] Tizen.Data.Tdbc.dll
[09/17 19:08:25 UTC] Tizen.Inspections.dll
[09/17 19:08:25 UTC] Tizen.Location.dll
[09/17 19:08:25 UTC] Tizen.Log.dll
[09/17 19:08:25 UTC] Tizen.MachineLearning.Inference.dll
[09/17 19:08:25 UTC] Tizen.MachineLearning.Train.dll
[09/17 19:08:25 UTC] Tizen.Messaging.Push.dll
[09/17 19:08:25 UTC] Tizen.Multimedia.AudioIO.dll
[09/17 19:08:25 UTC] Tizen.Multimedia.Camera.dll
[09/17 19:08:25 UTC] Tizen.Multimedia.MediaCodec.dll
[09/17 19:08:25 UTC] Tizen.Multimedia.MediaPlayer.dll
[09/17 19:08:25 UTC] Tizen.Multimedia.Metadata.dll
[09/17 19:08:25 UTC] Tizen.Multimedia.Recorder.dll
[09/17 19:08:25 UTC] Tizen.Multimedia.Remoting.dll
[09/17 19:08:25 UTC] Tizen.Multimedia.Util.dll
[09/17 19:08:26 UTC] Tizen.Multimedia.Vision.dll
[09/17 19:08:26 UTC] Tizen.Multimedia.dll
[09/17 19:08:26 UTC] Tizen.NUI.AIAvatar.dll
[09/17 19:08:26 UTC] Tizen.NUI.Components.dll
[09/17 19:08:26 UTC] Tizen.NUI.Extension.dll
[09/17 19:08:26 UTC] Tizen.NUI.Gadget.dll
[09/17 19:08:26 UTC] Tizen.NUI.Scene3D.dll
[09/17 19:08:26 UTC] Tizen.NUI.WindowSystem.dll
[09/17 19:08:26 UTC] Tizen.NUI.dll
[09/17 19:08:26 UTC] Tizen.Network.Bluetooth.dll
[09/17 19:08:26 UTC] Tizen.Network.Connection.dll
[09/17 19:08:26 UTC] Tizen.Network.IoTConnectivity.dll
[09/17 19:08:26 UTC] Tizen.Network.Nsd.dll
[09/17 19:08:26 UTC] Tizen.Network.Stc.dll
[09/17 19:08:26 UTC] Tizen.Network.WiFi.dll
[09/17 19:08:26 UTC] Tizen.Network.WiFiDirect.dll
[09/17 19:08:26 UTC] Tizen.Peripheral.dll
[09/17 19:08:26 UTC] Tizen.Pims.Calendar.dll
[09/17 19:08:26 UTC] Tizen.Pims.Contacts.dll
[09/17 19:08:26 UTC] Tizen.Runtime.dll
[09/17 19:08:26 UTC] Tizen.Security.PrivacyPrivilegeManager.dll
[09/17 19:08:26 UTC] Tizen.Security.SecureRepository.dll
[09/17 19:08:27 UTC] Tizen.Security.WebAuthn.dll
[09/17 19:08:27 UTC] Tizen.Security.dll
[09/17 19:08:27 UTC] Tizen.Sensor.dll
[09/17 19:08:27 UTC] Tizen.System.Feedback.dll
[09/17 19:08:27 UTC] Tizen.System.Information.dll
[09/17 19:08:27 UTC] Tizen.System.MediaKey.dll
[09/17 19:08:27 UTC] Tizen.System.PlatformConfig.dll
[09/17 19:08:27 UTC] Tizen.System.Session.dll
[09/17 19:08:27 UTC] Tizen.System.Storage.dll
[09/17 19:08:27 UTC] Tizen.System.SystemSettings.dll
[09/17 19:08:27 UTC] Tizen.System.Usb.dll
[09/17 19:08:27 UTC] Tizen.System.dll
[09/17 19:08:27 UTC] Tizen.Tracer.dll
[09/17 19:08:27 UTC] Tizen.Uix.InputMethod.dll
[09/17 19:08:27 UTC] Tizen.Uix.InputMethodManager.dll
[09/17 19:08:27 UTC] Tizen.Uix.Sticker.dll
[09/17 19:08:27 UTC] Tizen.Uix.Stt.dll
[09/17 19:08:27 UTC] Tizen.Uix.SttEngine.dll
[09/17 19:08:27 UTC] Tizen.Uix.Tts.dll
[09/17 19:08:27 UTC] Tizen.Uix.TtsEngine.dll
[09/17 19:08:27 UTC] Tizen.Uix.VoiceControl.dll
[09/17 19:08:27 UTC] Tizen.Uix.VoiceControlManager.dll
[09/17 19:08:27 UTC] Tizen.WindowSystem.dll
[09/17 19:08:28 UTC] Tizen.dll
[09/17 19:08:28 UTC] Complete to making the tizenfx for iot
[09/17 19:08:28 UTC] 
[09/17 19:08:28 UTC] Elapsed time for dotnettool is [13]ms, [0.013]sec
[09/17 19:08:40 UTC] Emitting R2R PE file: /usr/share/dotnet/shared/Microsoft.NETCore.App/8.0.11/System.Private.CoreLib.ni.dll.tmp
[09/17 19:08:41 UTC] Native image /usr/share/dotnet/shared/Microsoft.NETCore.App/8.0.11/System.Private.CoreLib.ni.dll.tmp generated successfully.
[09/17 19:08:41 UTC] + /usr/share/dotnet.tizen/framework/ElmSharp.dll
[09/17 19:08:41 UTC] + /usr/share/dotnet.tizen/framework/OpenTK.dll
[09/17 19:08:41 UTC] + /usr/share/dotnet.tizen/framework/Tizen.AIAvatar.dll
[09/17 19:08:41 UTC] + /usr/share/dotnet.tizen/framework/Tizen.Account.AccountManager.dll
[09/17 19:08:41 UTC] + /usr/share/dotnet.tizen/framework/Tizen.Account.OAuth2.dll
[09/17 19:08:41 UTC] + /usr/share/dotnet.tizen/framework/Tizen.Account.SyncManager.dll
[09/17 19:08:41 UTC] + /usr/share/dotnet.tizen/framework/Tizen.Applications.Alarm.dll
[09/17 19:08:41 UTC] + /usr/share/dotnet.tizen/framework/Tizen.Applications.Cion.dll
[09/17 19:08:41 UTC] + /usr/share/dotnet.tizen/framework/Tizen.Applications.Common.dll
[09/17 19:08:41 UTC] + /usr/share/dotnet.tizen/framework/Tizen.Applications.ComponentBased.ComponentManager.dll
[09/17 19:08:41 UTC] + /usr/share/dotnet.tizen/framework/Tizen.Applications.ComponentBased.Port.dll
[09/17 19:08:41 UTC] + /usr/share/dotnet.tizen/framework/Tizen.Applications.ComponentBased.dll
[09/17 19:08:41 UTC] + /usr/share/dotnet.tizen/framework/Tizen.Applications.DataControl.dll
[09/17 19:08:41 UTC] + /usr/share/dotnet.tizen/framework/Tizen.Applications.EventManager.dll
[09/17 19:08:41 UTC] + /usr/share/dotnet.tizen/framework/Tizen.Applications.MessagePort.dll
[09/17 19:08:41 UTC] + /usr/share/dotnet.tizen/framework/Tizen.Applications.Notification.dll
[09/17 19:08:41 UTC] + /usr/share/dotnet.tizen/framework/Tizen.Applications.NotificationEventListener.dll
[09/17 19:08:41 UTC] + /usr/share/dotnet.tizen/framework/Tizen.Applications.PackageManager.dll
[09/17 19:08:41 UTC] + /usr/share/dotnet.tizen/framework/Tizen.Applications.Preference.dll
[09/17 19:08:41 UTC] + /usr/share/dotnet.tizen/framework/Tizen.Applications.Service.dll
[09/17 19:08:41 UTC] + /usr/share/dotnet.tizen/framework/Tizen.Applications.ThemeManager.dll
[09/17 19:08:41 UTC] + /usr/share/dotnet.tizen/framework/Tizen.Applications.ToastMessage.dll
[09/17 19:08:41 UTC] + /usr/share/dotnet.tizen/framework/Tizen.Applications.UI.dll
[09/17 19:08:41 UTC] + /usr/share/dotnet.tizen/framework/Tizen.Applications.UIGadget.dll
[09/17 19:08:41 UTC] + /usr/share/dotnet.tizen/framework/Tizen.Applications.WidgetControl.dll
[09/17 19:08:41 UTC] + /usr/share/dotnet.tizen/framework/Tizen.Content.Download.dll
[09/17 19:08:41 UTC] + /usr/share/dotnet.tizen/framework/Tizen.Content.MediaContent.dll
[09/17 19:08:41 UTC] + /usr/share/dotnet.tizen/framework/Tizen.Content.MimeType.dll
[09/17 19:08:41 UTC] + /usr/share/dotnet.tizen/framework/Tizen.Context.dll
[09/17 19:08:41 UTC] + /usr/share/dotnet.tizen/framework/Tizen.Core.dll
[09/17 19:08:41 UTC] + /usr/share/dotnet.tizen/framework/Tizen.Data.Tdbc.Driver.Sqlite.dll
[09/17 19:08:41 UTC] + /usr/share/dotnet.tizen/framework/Tizen.Data.Tdbc.dll
[09/17 19:08:41 UTC] + /usr/share/dotnet.tizen/framework/Tizen.Inspections.dll
[09/17 19:08:41 UTC] + /usr/share/dotnet.tizen/framework/Tizen.Location.dll
[09/17 19:08:41 UTC] + /usr/share/dotnet.tizen/framework/Tizen.Log.dll
[09/17 19:08:41 UTC] + /usr/share/dotnet.tizen/framework/Tizen.MachineLearning.Inference.dll
[09/17 19:08:41 UTC] + /usr/share/dotnet.tizen/framework/Tizen.MachineLearning.Train.dll
[09/17 19:08:41 UTC] + /usr/share/dotnet.tizen/framework/Tizen.Messaging.Push.dll
[09/17 19:08:41 UTC] + /usr/share/dotnet.tizen/framework/Tizen.Multimedia.AudioIO.dll
[09/17 19:08:41 UTC] + /usr/share/dotnet.tizen/framework/Tizen.Multimedia.Camera.dll
[09/17 19:08:41 UTC] + /usr/share/dotnet.tizen/framework/Tizen.Multimedia.MediaCodec.dll
[09/17 19:08:41 UTC] + /usr/share/dotnet.tizen/framework/Tizen.Multimedia.MediaPlayer.dll
[09/17 19:08:41 UTC] + /usr/share/dotnet.tizen/framework/Tizen.Multimedia.Metadata.dll
[09/17 19:08:41 UTC] + /usr/share/dotnet.tizen/framework/Tizen.Multimedia.Recorder.dll
[09/17 19:08:41 UTC] + /usr/share/dotnet.tizen/framework/Tizen.Multimedia.Remoting.dll
[09/17 19:08:41 UTC] + /usr/share/dotnet.tizen/framework/Tizen.Multimedia.Util.dll
[09/17 19:08:41 UTC] + /usr/share/dotnet.tizen/framework/Tizen.Multimedia.Vision.dll
[09/17 19:08:41 UTC] + /usr/share/dotnet.tizen/framework/Tizen.Multimedia.dll
[09/17 19:08:41 UTC] + /usr/share/dotnet.tizen/framework/Tizen.NUI.AIAvatar.dll
[09/17 19:08:41 UTC] + /usr/share/dotnet.tizen/framework/Tizen.NUI.Components.dll
[09/17 19:08:41 UTC] + /usr/share/dotnet.tizen/framework/Tizen.NUI.Extension.dll
[09/17 19:08:41 UTC] + /usr/share/dotnet.tizen/framework/Tizen.NUI.Gadget.dll
[09/17 19:08:41 UTC] + /usr/share/dotnet.tizen/framework/Tizen.NUI.Scene3D.dll
[09/17 19:08:41 UTC] + /usr/share/dotnet.tizen/framework/Tizen.NUI.WindowSystem.dll
[09/17 19:08:41 UTC] + /usr/share/dotnet.tizen/framework/Tizen.NUI.dll
[09/17 19:08:41 UTC] + /usr/share/dotnet.tizen/framework/Tizen.Network.Bluetooth.dll
[09/17 19:08:41 UTC] + /usr/share/dotnet.tizen/framework/Tizen.Network.Connection.dll
[09/17 19:08:41 UTC] + /usr/share/dotnet.tizen/framework/Tizen.Network.IoTConnectivity.dll
[09/17 19:08:41 UTC] + /usr/share/dotnet.tizen/framework/Tizen.Network.Nsd.dll
[09/17 19:08:41 UTC] + /usr/share/dotnet.tizen/framework/Tizen.Network.Stc.dll
[09/17 19:08:41 UTC] + /usr/share/dotnet.tizen/framework/Tizen.Network.WiFi.dll
[09/17 19:08:41 UTC] + /usr/share/dotnet.tizen/framework/Tizen.Network.WiFiDirect.dll
[09/17 19:08:41 UTC] + /usr/share/dotnet.tizen/framework/Tizen.Peripheral.dll
[09/17 19:08:41 UTC] + /usr/share/dotnet.tizen/framework/Tizen.Pims.Calendar.dll
[09/17 19:08:41 UTC] + /usr/share/dotnet.tizen/framework/Tizen.Pims.Contacts.dll
[09/17 19:08:41 UTC] + /usr/share/dotnet.tizen/framework/Tizen.Runtime.dll
[09/17 19:08:41 UTC] + /usr/share/dotnet.tizen/framework/Tizen.Security.PrivacyPrivilegeManager.dll
[09/17 19:08:41 UTC] + /usr/share/dotnet.tizen/framework/Tizen.Security.SecureRepository.dll
[09/17 19:08:41 UTC] + /usr/share/dotnet.tizen/framework/Tizen.Security.WebAuthn.dll
[09/17 19:08:41 UTC] + /usr/share/dotnet.tizen/framework/Tizen.Security.dll
[09/17 19:08:41 UTC] + /usr/share/dotnet.tizen/framework/Tizen.Sensor.dll
[09/17 19:08:41 UTC] + /usr/share/dotnet.tizen/framework/Tizen.System.Feedback.dll
[09/17 19:08:41 UTC] + /usr/share/dotnet.tizen/framework/Tizen.System.Information.dll
[09/17 19:08:41 UTC] + /usr/share/dotnet.tizen/framework/Tizen.System.MediaKey.dll
[09/17 19:08:41 UTC] + /usr/share/dotnet.tizen/framework/Tizen.System.PlatformConfig.dll
[09/17 19:08:41 UTC] + /usr/share/dotnet.tizen/framework/Tizen.System.Session.dll
[09/17 19:08:41 UTC] + /usr/share/dotnet.tizen/framework/Tizen.System.Storage.dll
[09/17 19:08:41 UTC] + /usr/share/dotnet.tizen/framework/Tizen.System.SystemSettings.dll
[09/17 19:08:41 UTC] + /usr/share/dotnet.tizen/framework/Tizen.System.Usb.dll
[09/17 19:08:41 UTC] + /usr/share/dotnet.tizen/framework/Tizen.System.dll
[09/17 19:08:41 UTC] + /usr/share/dotnet.tizen/framework/Tizen.Tracer.dll
[09/17 19:08:41 UTC] + /usr/share/dotnet.tizen/framework/Tizen.Uix.InputMethod.dll
[09/17 19:08:41 UTC] + /usr/share/dotnet.tizen/framework/Tizen.Uix.InputMethodManager.dll
[09/17 19:08:41 UTC] + /usr/share/dotnet.tizen/framework/Tizen.Uix.Sticker.dll
[09/17 19:08:41 UTC] + /usr/share/dotnet.tizen/framework/Tizen.Uix.Stt.dll
[09/17 19:08:41 UTC] + /usr/share/dotnet.tizen/framework/Tizen.Uix.SttEngine.dll
[09/17 19:08:41 UTC] + /usr/share/dotnet.tizen/framework/Tizen.Uix.Tts.dll
[09/17 19:08:41 UTC] + /usr/share/dotnet.tizen/framework/Tizen.Uix.TtsEngine.dll
[09/17 19:08:41 UTC] + /usr/share/dotnet.tizen/framework/Tizen.Uix.VoiceControl.dll
[09/17 19:08:41 UTC] + /usr/share/dotnet.tizen/framework/Tizen.Uix.VoiceControlManager.dll
[09/17 19:08:41 UTC] + /usr/share/dotnet.tizen/framework/Tizen.WindowSystem.dll
[09/17 19:08:41 UTC] + /usr/share/dotnet.tizen/framework/Tizen.dll
[09/17 19:08:41 UTC] + /usr/share/dotnet/shared/Microsoft.NETCore.App/8.0.11/Microsoft.CSharp.dll
[09/17 19:08:41 UTC] + /usr/share/dotnet/shared/Microsoft.NETCore.App/8.0.11/Microsoft.VisualBasic.Core.dll
[09/17 19:08:41 UTC] + /usr/share/dotnet/shared/Microsoft.NETCore.App/8.0.11/Microsoft.VisualBasic.dll
[09/17 19:08:41 UTC] + /usr/share/dotnet/shared/Microsoft.NETCore.App/8.0.11/Microsoft.Win32.Primitives.dll
[09/17 19:08:41 UTC] + /usr/share/dotnet/shared/Microsoft.NETCore.App/8.0.11/Microsoft.Win32.Registry.dll
[09/17 19:08:41 UTC] + /usr/share/dotnet/shared/Microsoft.NETCore.App/8.0.11/System.AppContext.dll
[09/17 19:08:41 UTC] + /usr/share/dotnet/shared/Microsoft.NETCore.App/8.0.11/System.Buffers.dll
[09/17 19:08:41 UTC] + /usr/share/dotnet/shared/Microsoft.NETCore.App/8.0.11/System.Collections.Concurrent.dll
[09/17 19:08:41 UTC] + /usr/share/dotnet/shared/Microsoft.NETCore.App/8.0.11/System.Collections.Immutable.dll
[09/17 19:08:41 UTC] + /usr/share/dotnet/shared/Microsoft.NETCore.App/8.0.11/System.Collections.NonGeneric.dll
[09/17 19:08:41 UTC] + /usr/share/dotnet/shared/Microsoft.NETCore.App/8.0.11/System.Collections.Specialized.dll
[09/17 19:08:41 UTC] + /usr/share/dotnet/shared/Microsoft.NETCore.App/8.0.11/System.Collections.dll
[09/17 19:08:41 UTC] + /usr/share/dotnet/shared/Microsoft.NETCore.App/8.0.11/System.ComponentModel.Annotations.dll
[09/17 19:08:41 UTC] + /usr/share/dotnet/shared/Microsoft.NETCore.App/8.0.11/System.ComponentModel.DataAnnotations.dll
[09/17 19:08:41 UTC] + /usr/share/dotnet/shared/Microsoft.NETCore.App/8.0.11/System.ComponentModel.EventBasedAsync.dll
[09/17 19:08:41 UTC] + /usr/share/dotnet/shared/Microsoft.NETCore.App/8.0.11/System.ComponentModel.Primitives.dll
[09/17 19:08:41 UTC] + /usr/share/dotnet/shared/Microsoft.NETCore.App/8.0.11/System.ComponentModel.TypeConverter.dll
[09/17 19:08:41 UTC] + /usr/share/dotnet/shared/Microsoft.NETCore.App/8.0.11/System.ComponentModel.dll
[09/17 19:08:41 UTC] + /usr/share/dotnet/shared/Microsoft.NETCore.App/8.0.11/System.Configuration.dll
[09/17 19:08:41 UTC] + /usr/share/dotnet/shared/Microsoft.NETCore.App/8.0.11/System.Console.dll
[09/17 19:08:41 UTC] + /usr/share/dotnet/shared/Microsoft.NETCore.App/8.0.11/System.Core.dll
[09/17 19:08:41 UTC] + /usr/share/dotnet/shared/Microsoft.NETCore.App/8.0.11/System.Data.Common.dll
[09/17 19:08:41 UTC] + /usr/share/dotnet/shared/Microsoft.NETCore.App/8.0.11/System.Data.DataSetExtensions.dll
[09/17 19:08:41 UTC] + /usr/share/dotnet/shared/Microsoft.NETCore.App/8.0.11/System.Data.dll
[09/17 19:08:41 UTC] + /usr/share/dotnet/shared/Microsoft.NETCore.App/8.0.11/System.Diagnostics.Contracts.dll
[09/17 19:08:41 UTC] + /usr/share/dotnet/shared/Microsoft.NETCore.App/8.0.11/System.Diagnostics.Debug.dll
[09/17 19:08:41 UTC] + /usr/share/dotnet/shared/Microsoft.NETCore.App/8.0.11/System.Diagnostics.DiagnosticSource.dll
[09/17 19:08:41 UTC] + /usr/share/dotnet/shared/Microsoft.NETCore.App/8.0.11/System.Diagnostics.FileVersionInfo.dll
[09/17 19:08:41 UTC] + /usr/share/dotnet/shared/Microsoft.NETCore.App/8.0.11/System.Diagnostics.Process.dll
[09/17 19:08:41 UTC] + /usr/share/dotnet/shared/Microsoft.NETCore.App/8.0.11/System.Diagnostics.StackTrace.dll
[09/17 19:08:41 UTC] + /usr/share/dotnet/shared/Microsoft.NETCore.App/8.0.11/System.Diagnostics.TextWriterTraceListener.dll
[09/17 19:08:41 UTC] + /usr/share/dotnet/shared/Microsoft.NETCore.App/8.0.11/System.Diagnostics.Tools.dll
[09/17 19:08:41 UTC] + /usr/share/dotnet/shared/Microsoft.NETCore.App/8.0.11/System.Diagnostics.TraceSource.dll
[09/17 19:08:41 UTC] + /usr/share/dotnet/shared/Microsoft.NETCore.App/8.0.11/System.Diagnostics.Tracing.dll
[09/17 19:08:41 UTC] + /usr/share/dotnet/shared/Microsoft.NETCore.App/8.0.11/System.Drawing.Primitives.dll
[09/17 19:08:41 UTC] + /usr/share/dotnet/shared/Microsoft.NETCore.App/8.0.11/System.Drawing.dll
[09/17 19:08:41 UTC] + /usr/share/dotnet/shared/Microsoft.NETCore.App/8.0.11/System.Dynamic.Runtime.dll
[09/17 19:08:41 UTC] + /usr/share/dotnet/shared/Microsoft.NETCore.App/8.0.11/System.Formats.Asn1.dll
[09/17 19:08:41 UTC] + /usr/share/dotnet/shared/Microsoft.NETCore.App/8.0.11/System.Formats.Tar.dll
[09/17 19:08:41 UTC] + /usr/share/dotnet/shared/Microsoft.NETCore.App/8.0.11/System.Globalization.Calendars.dll
[09/17 19:08:41 UTC] + /usr/share/dotnet/shared/Microsoft.NETCore.App/8.0.11/System.Globalization.Extensions.dll
[09/17 19:08:41 UTC] + /usr/share/dotnet/shared/Microsoft.NETCore.App/8.0.11/System.Globalization.dll
[09/17 19:08:41 UTC] + /usr/share/dotnet/shared/Microsoft.NETCore.App/8.0.11/System.IO.Compression.Brotli.dll
[09/17 19:08:41 UTC] + /usr/share/dotnet/shared/Microsoft.NETCore.App/8.0.11/System.IO.Compression.FileSystem.dll
[09/17 19:08:41 UTC] + /usr/share/dotnet/shared/Microsoft.NETCore.App/8.0.11/System.IO.Compression.ZipFile.dll
[09/17 19:08:41 UTC] + /usr/share/dotnet/shared/Microsoft.NETCore.App/8.0.11/System.IO.Compression.dll
[09/17 19:08:41 UTC] + /usr/share/dotnet/shared/Microsoft.NETCore.App/8.0.11/System.IO.FileSystem.AccessControl.dll
[09/17 19:08:41 UTC] + /usr/share/dotnet/shared/Microsoft.NETCore.App/8.0.11/System.IO.FileSystem.DriveInfo.dll
[09/17 19:08:41 UTC] + /usr/share/dotnet/shared/Microsoft.NETCore.App/8.0.11/System.IO.FileSystem.Primitives.dll
[09/17 19:08:41 UTC] + /usr/share/dotnet/shared/Microsoft.NETCore.App/8.0.11/System.IO.FileSystem.Watcher.dll
[09/17 19:08:41 UTC] + /usr/share/dotnet/shared/Microsoft.NETCore.App/8.0.11/System.IO.FileSystem.dll
[09/17 19:08:41 UTC] + /usr/share/dotnet/shared/Microsoft.NETCore.App/8.0.11/System.IO.IsolatedStorage.dll
[09/17 19:08:41 UTC] + /usr/share/dotnet/shared/Microsoft.NETCore.App/8.0.11/System.IO.MemoryMappedFiles.dll
[09/17 19:08:41 UTC] + /usr/share/dotnet/shared/Microsoft.NETCore.App/8.0.11/System.IO.Pipes.AccessControl.dll
[09/17 19:08:41 UTC] + /usr/share/dotnet/shared/Microsoft.NETCore.App/8.0.11/System.IO.Pipes.dll
[09/17 19:08:41 UTC] + /usr/share/dotnet/shared/Microsoft.NETCore.App/8.0.11/System.IO.UnmanagedMemoryStream.dll
[09/17 19:08:41 UTC] + /usr/share/dotnet/shared/Microsoft.NETCore.App/8.0.11/System.IO.dll
[09/17 19:08:41 UTC] + /usr/share/dotnet/shared/Microsoft.NETCore.App/8.0.11/System.Linq.Expressions.dll
[09/17 19:08:41 UTC] + /usr/share/dotnet/shared/Microsoft.NETCore.App/8.0.11/System.Linq.Parallel.dll
[09/17 19:08:41 UTC] + /usr/share/dotnet/shared/Microsoft.NETCore.App/8.0.11/System.Linq.Queryable.dll
[09/17 19:08:41 UTC] + /usr/share/dotnet/shared/Microsoft.NETCore.App/8.0.11/System.Linq.dll
[09/17 19:08:41 UTC] + /usr/share/dotnet/shared/Microsoft.NETCore.App/8.0.11/System.Memory.dll
[09/17 19:08:41 UTC] + /usr/share/dotnet/shared/Microsoft.NETCore.App/8.0.11/System.Net.Http.Json.dll
[09/17 19:08:41 UTC] + /usr/share/dotnet/shared/Microsoft.NETCore.App/8.0.11/System.Net.Http.dll
[09/17 19:08:41 UTC] + /usr/share/dotnet/shared/Microsoft.NETCore.App/8.0.11/System.Net.HttpListener.dll
[09/17 19:08:41 UTC] + /usr/share/dotnet/shared/Microsoft.NETCore.App/8.0.11/System.Net.Mail.dll
[09/17 19:08:41 UTC] + /usr/share/dotnet/shared/Microsoft.NETCore.App/8.0.11/System.Net.NameResolution.dll
[09/17 19:08:41 UTC] + /usr/share/dotnet/shared/Microsoft.NETCore.App/8.0.11/System.Net.NetworkInformation.dll
[09/17 19:08:41 UTC] + /usr/share/dotnet/shared/Microsoft.NETCore.App/8.0.11/System.Net.Ping.dll
[09/17 19:08:41 UTC] + /usr/share/dotnet/shared/Microsoft.NETCore.App/8.0.11/System.Net.Primitives.dll
[09/17 19:08:41 UTC] + /usr/share/dotnet/shared/Microsoft.NETCore.App/8.0.11/System.Net.Quic.dll
[09/17 19:08:41 UTC] + /usr/share/dotnet/shared/Microsoft.NETCore.App/8.0.11/System.Net.Requests.dll
[09/17 19:08:41 UTC] + /usr/share/dotnet/shared/Microsoft.NETCore.App/8.0.11/System.Net.Security.dll
[09/17 19:08:41 UTC] + /usr/share/dotnet/shared/Microsoft.NETCore.App/8.0.11/System.Net.ServicePoint.dll
[09/17 19:08:41 UTC] + /usr/share/dotnet/shared/Microsoft.NETCore.App/8.0.11/System.Net.Sockets.dll
[09/17 19:08:41 UTC] + /usr/share/dotnet/shared/Microsoft.NETCore.App/8.0.11/System.Net.WebClient.dll
[09/17 19:08:41 UTC] + /usr/share/dotnet/shared/Microsoft.NETCore.App/8.0.11/System.Net.WebHeaderCollection.dll
[09/17 19:08:41 UTC] + /usr/share/dotnet/shared/Microsoft.NETCore.App/8.0.11/System.Net.WebProxy.dll
[09/17 19:08:41 UTC] + /usr/share/dotnet/shared/Microsoft.NETCore.App/8.0.11/System.Net.WebSockets.Client.dll
[09/17 19:08:41 UTC] + /usr/share/dotnet/shared/Microsoft.NETCore.App/8.0.11/System.Net.WebSockets.dll
[09/17 19:08:41 UTC] + /usr/share/dotnet/shared/Microsoft.NETCore.App/8.0.11/System.Net.dll
[09/17 19:08:41 UTC] + /usr/share/dotnet/shared/Microsoft.NETCore.App/8.0.11/System.Numerics.Vectors.dll
[09/17 19:08:41 UTC] + /usr/share/dotnet/shared/Microsoft.NETCore.App/8.0.11/System.Numerics.dll
[09/17 19:08:41 UTC] + /usr/share/dotnet/shared/Microsoft.NETCore.App/8.0.11/System.ObjectModel.dll
[09/17 19:08:41 UTC] + /usr/share/dotnet/shared/Microsoft.NETCore.App/8.0.11/System.Private.DataContractSerialization.dll
[09/17 19:08:41 UTC] + /usr/share/dotnet/shared/Microsoft.NETCore.App/8.0.11/System.Private.Uri.dll
[09/17 19:08:41 UTC] + /usr/share/dotnet/shared/Microsoft.NETCore.App/8.0.11/System.Private.Xml.Linq.dll
[09/17 19:08:41 UTC] + /usr/share/dotnet/shared/Microsoft.NETCore.App/8.0.11/System.Private.Xml.dll
[09/17 19:08:41 UTC] + /usr/share/dotnet/shared/Microsoft.NETCore.App/8.0.11/System.Reflection.DispatchProxy.dll
[09/17 19:08:41 UTC] + /usr/share/dotnet/shared/Microsoft.NETCore.App/8.0.11/System.Reflection.Emit.ILGeneration.dll
[09/17 19:08:41 UTC] + /usr/share/dotnet/shared/Microsoft.NETCore.App/8.0.11/System.Reflection.Emit.Lightweight.dll
[09/17 19:08:41 UTC] + /usr/share/dotnet/shared/Microsoft.NETCore.App/8.0.11/System.Reflection.Emit.dll
[09/17 19:08:41 UTC] + /usr/share/dotnet/shared/Microsoft.NETCore.App/8.0.11/System.Reflection.Extensions.dll
[09/17 19:08:41 UTC] + /usr/share/dotnet/shared/Microsoft.NETCore.App/8.0.11/System.Reflection.Metadata.dll
[09/17 19:08:41 UTC] + /usr/share/dotnet/shared/Microsoft.NETCore.App/8.0.11/System.Reflection.Primitives.dll
[09/17 19:08:41 UTC] + /usr/share/dotnet/shared/Microsoft.NETCore.App/8.0.11/System.Reflection.TypeExtensions.dll
[09/17 19:08:41 UTC] + /usr/share/dotnet/shared/Microsoft.NETCore.App/8.0.11/System.Reflection.dll
[09/17 19:08:41 UTC] + /usr/share/dotnet/shared/Microsoft.NETCore.App/8.0.11/System.Resources.Reader.dll
[09/17 19:08:41 UTC] + /usr/share/dotnet/shared/Microsoft.NETCore.App/8.0.11/System.Resources.ResourceManager.dll
[09/17 19:08:41 UTC] + /usr/share/dotnet/shared/Microsoft.NETCore.App/8.0.11/System.Resources.Writer.dll
[09/17 19:08:41 UTC] + /usr/share/dotnet/shared/Microsoft.NETCore.App/8.0.11/System.Runtime.CompilerServices.Unsafe.dll
[09/17 19:08:41 UTC] + /usr/share/dotnet/shared/Microsoft.NETCore.App/8.0.11/System.Runtime.CompilerServices.VisualC.dll
[09/17 19:08:41 UTC] + /usr/share/dotnet/shared/Microsoft.NETCore.App/8.0.11/System.Runtime.Extensions.dll
[09/17 19:08:41 UTC] + /usr/share/dotnet/shared/Microsoft.NETCore.App/8.0.11/System.Runtime.Handles.dll
[09/17 19:08:41 UTC] + /usr/share/dotnet/shared/Microsoft.NETCore.App/8.0.11/System.Runtime.InteropServices.JavaScript.dll
[09/17 19:08:41 UTC] + /usr/share/dotnet/shared/Microsoft.NETCore.App/8.0.11/System.Runtime.InteropServices.RuntimeInformation.dll
[09/17 19:08:41 UTC] + /usr/share/dotnet/shared/Microsoft.NETCore.App/8.0.11/System.Runtime.InteropServices.dll
[09/17 19:08:41 UTC] + /usr/share/dotnet/shared/Microsoft.NETCore.App/8.0.11/System.Runtime.Intrinsics.dll
[09/17 19:08:41 UTC] + /usr/share/dotnet/shared/Microsoft.NETCore.App/8.0.11/System.Runtime.Loader.dll
[09/17 19:08:41 UTC] + /usr/share/dotnet/shared/Microsoft.NETCore.App/8.0.11/System.Runtime.Numerics.dll
[09/17 19:08:41 UTC] + /usr/share/dotnet/shared/Microsoft.NETCore.App/8.0.11/System.Runtime.Serialization.Formatters.dll
[09/17 19:08:41 UTC] + /usr/share/dotnet/shared/Microsoft.NETCore.App/8.0.11/System.Runtime.Serialization.Json.dll
[09/17 19:08:41 UTC] + /usr/share/dotnet/shared/Microsoft.NETCore.App/8.0.11/System.Runtime.Serialization.Primitives.dll
[09/17 19:08:41 UTC] + /usr/share/dotnet/shared/Microsoft.NETCore.App/8.0.11/System.Runtime.Serialization.Xml.dll
[09/17 19:08:41 UTC] + /usr/share/dotnet/shared/Microsoft.NETCore.App/8.0.11/System.Runtime.Serialization.dll
[09/17 19:08:41 UTC] + /usr/share/dotnet/shared/Microsoft.NETCore.App/8.0.11/System.Runtime.dll
[09/17 19:08:41 UTC] + /usr/share/dotnet/shared/Microsoft.NETCore.App/8.0.11/System.Security.AccessControl.dll
[09/17 19:08:41 UTC] + /usr/share/dotnet/shared/Microsoft.NETCore.App/8.0.11/System.Security.Claims.dll
[09/17 19:08:41 UTC] + /usr/share/dotnet/shared/Microsoft.NETCore.App/8.0.11/System.Security.Cryptography.Algorithms.dll
[09/17 19:08:41 UTC] + /usr/share/dotnet/shared/Microsoft.NETCore.App/8.0.11/System.Security.Cryptography.Cng.dll
[09/17 19:08:41 UTC] + /usr/share/dotnet/shared/Microsoft.NETCore.App/8.0.11/System.Security.Cryptography.Csp.dll
[09/17 19:08:41 UTC] + /usr/share/dotnet/shared/Microsoft.NETCore.App/8.0.11/System.Security.Cryptography.Encoding.dll
[09/17 19:08:41 UTC] + /usr/share/dotnet/shared/Microsoft.NETCore.App/8.0.11/System.Security.Cryptography.OpenSsl.dll
[09/17 19:08:41 UTC] + /usr/share/dotnet/shared/Microsoft.NETCore.App/8.0.11/System.Security.Cryptography.Primitives.dll
[09/17 19:08:41 UTC] + /usr/share/dotnet/shared/Microsoft.NETCore.App/8.0.11/System.Security.Cryptography.X509Certificates.dll
[09/17 19:08:41 UTC] + /usr/share/dotnet/shared/Microsoft.NETCore.App/8.0.11/System.Security.Cryptography.dll
[09/17 19:08:41 UTC] + /usr/share/dotnet/shared/Microsoft.NETCore.App/8.0.11/System.Security.Principal.Windows.dll
[09/17 19:08:41 UTC] + /usr/share/dotnet/shared/Microsoft.NETCore.App/8.0.11/System.Security.Principal.dll
[09/17 19:08:41 UTC] + /usr/share/dotnet/shared/Microsoft.NETCore.App/8.0.11/System.Security.SecureString.dll
[09/17 19:08:41 UTC] + /usr/share/dotnet/shared/Microsoft.NETCore.App/8.0.11/System.Security.dll
[09/17 19:08:41 UTC] + /usr/share/dotnet/shared/Microsoft.NETCore.App/8.0.11/System.ServiceModel.Web.dll
[09/17 19:08:41 UTC] + /usr/share/dotnet/shared/Microsoft.NETCore.App/8.0.11/System.ServiceProcess.dll
[09/17 19:08:41 UTC] + /usr/share/dotnet/shared/Microsoft.NETCore.App/8.0.11/System.Text.Encoding.CodePages.dll
[09/17 19:08:41 UTC] + /usr/share/dotnet/shared/Microsoft.NETCore.App/8.0.11/System.Text.Encoding.Extensions.dll
[09/17 19:08:41 UTC] + /usr/share/dotnet/shared/Microsoft.NETCore.App/8.0.11/System.Text.Encoding.dll
[09/17 19:08:41 UTC] + /usr/share/dotnet/shared/Microsoft.NETCore.App/8.0.11/System.Text.Encodings.Web.dll
[09/17 19:08:41 UTC] + /usr/share/dotnet/shared/Microsoft.NETCore.App/8.0.11/System.Text.Json.dll
[09/17 19:08:41 UTC] + /usr/share/dotnet/shared/Microsoft.NETCore.App/8.0.11/System.Text.RegularExpressions.dll
[09/17 19:08:41 UTC] + /usr/share/dotnet/shared/Microsoft.NETCore.App/8.0.11/System.Threading.Channels.dll
[09/17 19:08:41 UTC] + /usr/share/dotnet/shared/Microsoft.NETCore.App/8.0.11/System.Threading.Overlapped.dll
[09/17 19:08:41 UTC] + /usr/share/dotnet/shared/Microsoft.NETCore.App/8.0.11/System.Threading.Tasks.Dataflow.dll
[09/17 19:08:41 UTC] + /usr/share/dotnet/shared/Microsoft.NETCore.App/8.0.11/System.Threading.Tasks.Extensions.dll
[09/17 19:08:41 UTC] + /usr/share/dotnet/shared/Microsoft.NETCore.App/8.0.11/System.Threading.Tasks.Parallel.dll
[09/17 19:08:41 UTC] + /usr/share/dotnet/shared/Microsoft.NETCore.App/8.0.11/System.Threading.Tasks.dll
[09/17 19:08:41 UTC] + /usr/share/dotnet/shared/Microsoft.NETCore.App/8.0.11/System.Threading.Thread.dll
[09/17 19:08:41 UTC] + /usr/share/dotnet/shared/Microsoft.NETCore.App/8.0.11/System.Threading.ThreadPool.dll
[09/17 19:08:41 UTC] + /usr/share/dotnet/shared/Microsoft.NETCore.App/8.0.11/System.Threading.Timer.dll
[09/17 19:08:41 UTC] + /usr/share/dotnet/shared/Microsoft.NETCore.App/8.0.11/System.Threading.dll
[09/17 19:08:41 UTC] + /usr/share/dotnet/shared/Microsoft.NETCore.App/8.0.11/System.Transactions.Local.dll
[09/17 19:08:41 UTC] + /usr/share/dotnet/shared/Microsoft.NETCore.App/8.0.11/System.Transactions.dll
[09/17 19:08:41 UTC] + /usr/share/dotnet/shared/Microsoft.NETCore.App/8.0.11/System.ValueTuple.dll
[09/17 19:08:41 UTC] + /usr/share/dotnet/shared/Microsoft.NETCore.App/8.0.11/System.Web.HttpUtility.dll
[09/17 19:08:41 UTC] + /usr/share/dotnet/shared/Microsoft.NETCore.App/8.0.11/System.Web.dll
[09/17 19:08:41 UTC] + /usr/share/dotnet/shared/Microsoft.NETCore.App/8.0.11/System.Windows.dll
[09/17 19:08:41 UTC] + /usr/share/dotnet/shared/Microsoft.NETCore.App/8.0.11/System.Xml.Linq.dll
[09/17 19:08:41 UTC] + /usr/share/dotnet/shared/Microsoft.NETCore.App/8.0.11/System.Xml.ReaderWriter.dll
[09/17 19:08:41 UTC] + /usr/share/dotnet/shared/Microsoft.NETCore.App/8.0.11/System.Xml.Serialization.dll
[09/17 19:08:41 UTC] + /usr/share/dotnet/shared/Microsoft.NETCore.App/8.0.11/System.Xml.XDocument.dll
[09/17 19:08:41 UTC] + /usr/share/dotnet/shared/Microsoft.NETCore.App/8.0.11/System.Xml.XPath.XDocument.dll
[09/17 19:08:41 UTC] + /usr/share/dotnet/shared/Microsoft.NETCore.App/8.0.11/System.Xml.XPath.dll
[09/17 19:08:41 UTC] + /usr/share/dotnet/shared/Microsoft.NETCore.App/8.0.11/System.Xml.XmlDocument.dll
[09/17 19:08:41 UTC] + /usr/share/dotnet/shared/Microsoft.NETCore.App/8.0.11/System.Xml.XmlSerializer.dll
[09/17 19:08:41 UTC] + /usr/share/dotnet/shared/Microsoft.NETCore.App/8.0.11/System.Xml.dll
[09/17 19:08:41 UTC] + /usr/share/dotnet/shared/Microsoft.NETCore.App/8.0.11/System.dll
[09/17 19:08:41 UTC] + /usr/share/dotnet/shared/Microsoft.NETCore.App/8.0.11/WindowsBase.dll
[09/17 19:08:41 UTC] + /usr/share/dotnet/shared/Microsoft.NETCore.App/8.0.11/mscorlib.dll
[09/17 19:08:41 UTC] + /usr/share/dotnet/shared/Microsoft.NETCore.App/8.0.11/netstandard.dll
[09/17 19:08:41 UTC] ==================== NI Commands =========================
[09/17 19:08:41 UTC] + /opt/usr/dotnet/mic/crossgen2
[09/17 19:08:41 UTC] + --jitpath
[09/17 19:08:41 UTC] + /opt/usr/dotnet/mic/libclrjit_universal_arm64_x64.so
[09/17 19:08:41 UTC] + --targetarch
[09/17 19:08:41 UTC] + arm64
[09/17 19:08:41 UTC] + --targetos
[09/17 19:08:41 UTC] + linux
[09/17 19:08:41 UTC] + --resilient
[09/17 19:08:41 UTC] + --Ot
[09/17 19:08:41 UTC] + --inputbubble
[09/17 19:08:41 UTC] + --compilebubblegenerics
[09/17 19:08:41 UTC] + --inputbubbleref:/usr/share/dotnet/shared/Microsoft.NETCore.App/8.0.11/*.dll
[09/17 19:08:41 UTC] + --inputbubbleref:/usr/share/dotnet.tizen/framework/*.dll
[09/17 19:08:41 UTC] + --instruction-set
[09/17 19:08:41 UTC] + -optimistic
[09/17 19:08:41 UTC] + -r:/usr/share/dotnet/shared/Microsoft.NETCore.App/8.0.11/*.dll
[09/17 19:08:41 UTC] + -r:/usr/share/dotnet.tizen/framework/*.dll
[09/17 19:08:41 UTC] + -r:/usr/share/dotnet.tizen/framework/ref/*.dll
[09/17 19:08:41 UTC] + --out-near-input
[09/17 19:08:41 UTC] + --single-file-compilation
[09/17 19:08:41 UTC] + /usr/share/dotnet.tizen/framework/ElmSharp.dll
[09/17 19:08:41 UTC] + /usr/share/dotnet.tizen/framework/OpenTK.dll
[09/17 19:08:41 UTC] + /usr/share/dotnet.tizen/framework/Tizen.AIAvatar.dll
[09/17 19:08:41 UTC] + /usr/share/dotnet.tizen/framework/Tizen.Account.AccountManager.dll
[09/17 19:08:41 UTC] + /usr/share/dotnet.tizen/framework/Tizen.Account.OAuth2.dll
[09/17 19:08:41 UTC] + /usr/share/dotnet.tizen/framework/Tizen.Account.SyncManager.dll
[09/17 19:08:41 UTC] + /usr/share/dotnet.tizen/framework/Tizen.Applications.Alarm.dll
[09/17 19:08:41 UTC] + /usr/share/dotnet.tizen/framework/Tizen.Applications.Cion.dll
[09/17 19:08:41 UTC] + /usr/share/dotnet.tizen/framework/Tizen.Applications.Common.dll
[09/17 19:08:41 UTC] + /usr/share/dotnet.tizen/framework/Tizen.Applications.ComponentBased.ComponentManager.dll
[09/17 19:08:41 UTC] + /usr/share/dotnet.tizen/framework/Tizen.Applications.ComponentBased.Port.dll
[09/17 19:08:41 UTC] + /usr/share/dotnet.tizen/framework/Tizen.Applications.ComponentBased.dll
[09/17 19:08:41 UTC] + /usr/share/dotnet.tizen/framework/Tizen.Applications.DataControl.dll
[09/17 19:08:41 UTC] + /usr/share/dotnet.tizen/framework/Tizen.Applications.EventManager.dll
[09/17 19:08:41 UTC] + /usr/share/dotnet.tizen/framework/Tizen.Applications.MessagePort.dll
[09/17 19:08:41 UTC] + /usr/share/dotnet.tizen/framework/Tizen.Applications.Notification.dll
[09/17 19:08:41 UTC] + /usr/share/dotnet.tizen/framework/Tizen.Applications.NotificationEventListener.dll
[09/17 19:08:41 UTC] + /usr/share/dotnet.tizen/framework/Tizen.Applications.PackageManager.dll
[09/17 19:08:41 UTC] + /usr/share/dotnet.tizen/framework/Tizen.Applications.Preference.dll
[09/17 19:08:41 UTC] + /usr/share/dotnet.tizen/framework/Tizen.Applications.Service.dll
[09/17 19:08:41 UTC] + /usr/share/dotnet.tizen/framework/Tizen.Applications.ThemeManager.dll
[09/17 19:08:41 UTC] + /usr/share/dotnet.tizen/framework/Tizen.Applications.ToastMessage.dll
[09/17 19:08:41 UTC] + /usr/share/dotnet.tizen/framework/Tizen.Applications.UI.dll
[09/17 19:08:41 UTC] + /usr/share/dotnet.tizen/framework/Tizen.Applications.UIGadget.dll
[09/17 19:08:41 UTC] + /usr/share/dotnet.tizen/framework/Tizen.Applications.WidgetControl.dll
[09/17 19:08:41 UTC] + /usr/share/dotnet.tizen/framework/Tizen.Content.Download.dll
[09/17 19:08:41 UTC] + /usr/share/dotnet.tizen/framework/Tizen.Content.MediaContent.dll
[09/17 19:08:41 UTC] + /usr/share/dotnet.tizen/framework/Tizen.Content.MimeType.dll
[09/17 19:08:41 UTC] + /usr/share/dotnet.tizen/framework/Tizen.Context.dll
[09/17 19:08:41 UTC] + /usr/share/dotnet.tizen/framework/Tizen.Core.dll
[09/17 19:08:41 UTC] + /usr/share/dotnet.tizen/framework/Tizen.Data.Tdbc.Driver.Sqlite.dll
[09/17 19:08:41 UTC] + /usr/share/dotnet.tizen/framework/Tizen.Data.Tdbc.dll
[09/17 19:08:41 UTC] + /usr/share/dotnet.tizen/framework/Tizen.Inspections.dll
[09/17 19:08:41 UTC] + /usr/share/dotnet.tizen/framework/Tizen.Location.dll
[09/17 19:08:41 UTC] + /usr/share/dotnet.tizen/framework/Tizen.Log.dll
[09/17 19:08:41 UTC] + /usr/share/dotnet.tizen/framework/Tizen.MachineLearning.Inference.dll
[09/17 19:08:41 UTC] + /usr/share/dotnet.tizen/framework/Tizen.MachineLearning.Train.dll
[09/17 19:08:41 UTC] + /usr/share/dotnet.tizen/framework/Tizen.Messaging.Push.dll
[09/17 19:08:41 UTC] + /usr/share/dotnet.tizen/framework/Tizen.Multimedia.AudioIO.dll
[09/17 19:08:41 UTC] + /usr/share/dotnet.tizen/framework/Tizen.Multimedia.Camera.dll
[09/17 19:08:41 UTC] + /usr/share/dotnet.tizen/framework/Tizen.Multimedia.MediaCodec.dll
[09/17 19:08:41 UTC] + /usr/share/dotnet.tizen/framework/Tizen.Multimedia.MediaPlayer.dll
[09/17 19:08:41 UTC] + /usr/share/dotnet.tizen/framework/Tizen.Multimedia.Metadata.dll
[09/17 19:08:41 UTC] + /usr/share/dotnet.tizen/framework/Tizen.Multimedia.Recorder.dll
[09/17 19:08:41 UTC] + /usr/share/dotnet.tizen/framework/Tizen.Multimedia.Remoting.dll
[09/17 19:08:41 UTC] + /usr/share/dotnet.tizen/framework/Tizen.Multimedia.Util.dll
[09/17 19:08:41 UTC] + /usr/share/dotnet.tizen/framework/Tizen.Multimedia.Vision.dll
[09/17 19:08:41 UTC] + /usr/share/dotnet.tizen/framework/Tizen.Multimedia.dll
[09/17 19:08:41 UTC] + /usr/share/dotnet.tizen/framework/Tizen.NUI.AIAvatar.dll
[09/17 19:08:41 UTC] + /usr/share/dotnet.tizen/framework/Tizen.NUI.Components.dll
[09/17 19:08:41 UTC] + /usr/share/dotnet.tizen/framework/Tizen.NUI.Extension.dll
[09/17 19:08:41 UTC] + /usr/share/dotnet.tizen/framework/Tizen.NUI.Gadget.dll
[09/17 19:08:41 UTC] + /usr/share/dotnet.tizen/framework/Tizen.NUI.Scene3D.dll
[09/17 19:08:41 UTC] + /usr/share/dotnet.tizen/framework/Tizen.NUI.WindowSystem.dll
[09/17 19:08:41 UTC] + /usr/share/dotnet.tizen/framework/Tizen.NUI.dll
[09/17 19:08:41 UTC] + /usr/share/dotnet.tizen/framework/Tizen.Network.Bluetooth.dll
[09/17 19:08:41 UTC] + /usr/share/dotnet.tizen/framework/Tizen.Network.Connection.dll
[09/17 19:08:41 UTC] + /usr/share/dotnet.tizen/framework/Tizen.Network.IoTConnectivity.dll
[09/17 19:08:41 UTC] + /usr/share/dotnet.tizen/framework/Tizen.Network.Nsd.dll
[09/17 19:08:41 UTC] + /usr/share/dotnet.tizen/framework/Tizen.Network.Stc.dll
[09/17 19:08:41 UTC] + /usr/share/dotnet.tizen/framework/Tizen.Network.WiFi.dll
[09/17 19:08:41 UTC] + /usr/share/dotnet.tizen/framework/Tizen.Network.WiFiDirect.dll
[09/17 19:08:41 UTC] + /usr/share/dotnet.tizen/framework/Tizen.Peripheral.dll
[09/17 19:08:41 UTC] + /usr/share/dotnet.tizen/framework/Tizen.Pims.Calendar.dll
[09/17 19:08:41 UTC] + /usr/share/dotnet.tizen/framework/Tizen.Pims.Contacts.dll
[09/17 19:08:41 UTC] + /usr/share/dotnet.tizen/framework/Tizen.Runtime.dll
[09/17 19:08:41 UTC] + /usr/share/dotnet.tizen/framework/Tizen.Security.PrivacyPrivilegeManager.dll
[09/17 19:08:41 UTC] + /usr/share/dotnet.tizen/framework/Tizen.Security.SecureRepository.dll
[09/17 19:08:41 UTC] + /usr/share/dotnet.tizen/framework/Tizen.Security.WebAuthn.dll
[09/17 19:08:41 UTC] + /usr/share/dotnet.tizen/framework/Tizen.Security.dll
[09/17 19:08:41 UTC] + /usr/share/dotnet.tizen/framework/Tizen.Sensor.dll
[09/17 19:08:41 UTC] + /usr/share/dotnet.tizen/framework/Tizen.System.Feedback.dll
[09/17 19:08:41 UTC] + /usr/share/dotnet.tizen/framework/Tizen.System.Information.dll
[09/17 19:08:41 UTC] + /usr/share/dotnet.tizen/framework/Tizen.System.MediaKey.dll
[09/17 19:08:41 UTC] + /usr/share/dotnet.tizen/framework/Tizen.System.PlatformConfig.dll
[09/17 19:08:41 UTC] + /usr/share/dotnet.tizen/framework/Tizen.System.Session.dll
[09/17 19:08:41 UTC] + /usr/share/dotnet.tizen/framework/Tizen.System.Storage.dll
[09/17 19:08:41 UTC] + /usr/share/dotnet.tizen/framework/Tizen.System.SystemSettings.dll
[09/17 19:08:41 UTC] + /usr/share/dotnet.tizen/framework/Tizen.System.Usb.dll
[09/17 19:08:41 UTC] + /usr/share/dotnet.tizen/framework/Tizen.System.dll
[09/17 19:08:41 UTC] + /usr/share/dotnet.tizen/framework/Tizen.Tracer.dll
[09/17 19:08:41 UTC] + /usr/share/dotnet.tizen/framework/Tizen.Uix.InputMethod.dll
[09/17 19:08:41 UTC] + /usr/share/dotnet.tizen/framework/Tizen.Uix.InputMethodManager.dll
[09/17 19:08:41 UTC] + /usr/share/dotnet.tizen/framework/Tizen.Uix.Sticker.dll
[09/17 19:08:41 UTC] + /usr/share/dotnet.tizen/framework/Tizen.Uix.Stt.dll
[09/17 19:08:41 UTC] + /usr/share/dotnet.tizen/framework/Tizen.Uix.SttEngine.dll
[09/17 19:08:41 UTC] + /usr/share/dotnet.tizen/framework/Tizen.Uix.Tts.dll
[09/17 19:08:41 UTC] + /usr/share/dotnet.tizen/framework/Tizen.Uix.TtsEngine.dll
[09/17 19:08:41 UTC] + /usr/share/dotnet.tizen/framework/Tizen.Uix.VoiceControl.dll
[09/17 19:08:41 UTC] + /usr/share/dotnet.tizen/framework/Tizen.Uix.VoiceControlManager.dll
[09/17 19:08:41 UTC] + /usr/share/dotnet.tizen/framework/Tizen.WindowSystem.dll
[09/17 19:08:41 UTC] + /usr/share/dotnet.tizen/framework/Tizen.dll
[09/17 19:08:41 UTC] + /usr/share/dotnet/shared/Microsoft.NETCore.App/8.0.11/Microsoft.CSharp.dll
[09/17 19:08:41 UTC] + /usr/share/dotnet/shared/Microsoft.NETCore.App/8.0.11/Microsoft.VisualBasic.Core.dll
[09/17 19:08:41 UTC] + /usr/share/dotnet/shared/Microsoft.NETCore.App/8.0.11/Microsoft.VisualBasic.dll
[09/17 19:08:41 UTC] + /usr/share/dotnet/shared/Microsoft.NETCore.App/8.0.11/Microsoft.Win32.Primitives.dll
[09/17 19:08:41 UTC] + /usr/share/dotnet/shared/Microsoft.NETCore.App/8.0.11/Microsoft.Win32.Registry.dll
[09/17 19:08:41 UTC] + /usr/share/dotnet/shared/Microsoft.NETCore.App/8.0.11/System.AppContext.dll
[09/17 19:08:41 UTC] + /usr/share/dotnet/shared/Microsoft.NETCore.App/8.0.11/System.Buffers.dll
[09/17 19:08:41 UTC] + /usr/share/dotnet/shared/Microsoft.NETCore.App/8.0.11/System.Collections.Concurrent.dll
[09/17 19:08:41 UTC] + /usr/share/dotnet/shared/Microsoft.NETCore.App/8.0.11/System.Collections.Immutable.dll
[09/17 19:08:41 UTC] + /usr/share/dotnet/shared/Microsoft.NETCore.App/8.0.11/System.Collections.NonGeneric.dll
[09/17 19:08:41 UTC] + /usr/share/dotnet/shared/Microsoft.NETCore.App/8.0.11/System.Collections.Specialized.dll
[09/17 19:08:41 UTC] + /usr/share/dotnet/shared/Microsoft.NETCore.App/8.0.11/System.Collections.dll
[09/17 19:08:41 UTC] + /usr/share/dotnet/shared/Microsoft.NETCore.App/8.0.11/System.ComponentModel.Annotations.dll
[09/17 19:08:41 UTC] + /usr/share/dotnet/shared/Microsoft.NETCore.App/8.0.11/System.ComponentModel.DataAnnotations.dll
[09/17 19:08:41 UTC] + /usr/share/dotnet/shared/Microsoft.NETCore.App/8.0.11/System.ComponentModel.EventBasedAsync.dll
[09/17 19:08:41 UTC] + /usr/share/dotnet/shared/Microsoft.NETCore.App/8.0.11/System.ComponentModel.Primitives.dll
[09/17 19:08:41 UTC] + /usr/share/dotnet/shared/Microsoft.NETCore.App/8.0.11/System.ComponentModel.TypeConverter.dll
[09/17 19:08:41 UTC] + /usr/share/dotnet/shared/Microsoft.NETCore.App/8.0.11/System.ComponentModel.dll
[09/17 19:08:41 UTC] + /usr/share/dotnet/shared/Microsoft.NETCore.App/8.0.11/System.Configuration.dll
[09/17 19:08:41 UTC] + /usr/share/dotnet/shared/Microsoft.NETCore.App/8.0.11/System.Console.dll
[09/17 19:08:41 UTC] + /usr/share/dotnet/shared/Microsoft.NETCore.App/8.0.11/System.Core.dll
[09/17 19:08:41 UTC] + /usr/share/dotnet/shared/Microsoft.NETCore.App/8.0.11/System.Data.Common.dll
[09/17 19:08:41 UTC] + /usr/share/dotnet/shared/Microsoft.NETCore.App/8.0.11/System.Data.DataSetExtensions.dll
[09/17 19:08:41 UTC] + /usr/share/dotnet/shared/Microsoft.NETCore.App/8.0.11/System.Data.dll
[09/17 19:08:41 UTC] + /usr/share/dotnet/shared/Microsoft.NETCore.App/8.0.11/System.Diagnostics.Contracts.dll
[09/17 19:08:41 UTC] + /usr/share/dotnet/shared/Microsoft.NETCore.App/8.0.11/System.Diagnostics.Debug.dll
[09/17 19:08:41 UTC] + /usr/share/dotnet/shared/Microsoft.NETCore.App/8.0.11/System.Diagnostics.DiagnosticSource.dll
[09/17 19:08:41 UTC] + /usr/share/dotnet/shared/Microsoft.NETCore.App/8.0.11/System.Diagnostics.FileVersionInfo.dll
[09/17 19:08:41 UTC] + /usr/share/dotnet/shared/Microsoft.NETCore.App/8.0.11/System.Diagnostics.Process.dll
[09/17 19:08:41 UTC] + /usr/share/dotnet/shared/Microsoft.NETCore.App/8.0.11/System.Diagnostics.StackTrace.dll
[09/17 19:08:41 UTC] + /usr/share/dotnet/shared/Microsoft.NETCore.App/8.0.11/System.Diagnostics.TextWriterTraceListener.dll
[09/17 19:08:41 UTC] + /usr/share/dotnet/shared/Microsoft.NETCore.App/8.0.11/System.Diagnostics.Tools.dll
[09/17 19:08:41 UTC] + /usr/share/dotnet/shared/Microsoft.NETCore.App/8.0.11/System.Diagnostics.TraceSource.dll
[09/17 19:08:41 UTC] + /usr/share/dotnet/shared/Microsoft.NETCore.App/8.0.11/System.Diagnostics.Tracing.dll
[09/17 19:08:41 UTC] + /usr/share/dotnet/shared/Microsoft.NETCore.App/8.0.11/System.Drawing.Primitives.dll
[09/17 19:08:41 UTC] + /usr/share/dotnet/shared/Microsoft.NETCore.App/8.0.11/System.Drawing.dll
[09/17 19:08:41 UTC] + /usr/share/dotnet/shared/Microsoft.NETCore.App/8.0.11/System.Dynamic.Runtime.dll
[09/17 19:08:41 UTC] + /usr/share/dotnet/shared/Microsoft.NETCore.App/8.0.11/System.Formats.Asn1.dll
[09/17 19:08:41 UTC] + /usr/share/dotnet/shared/Microsoft.NETCore.App/8.0.11/System.Formats.Tar.dll
[09/17 19:08:41 UTC] + /usr/share/dotnet/shared/Microsoft.NETCore.App/8.0.11/System.Globalization.Calendars.dll
[09/17 19:08:41 UTC] + /usr/share/dotnet/shared/Microsoft.NETCore.App/8.0.11/System.Globalization.Extensions.dll
[09/17 19:08:41 UTC] + /usr/share/dotnet/shared/Microsoft.NETCore.App/8.0.11/System.Globalization.dll
[09/17 19:08:41 UTC] + /usr/share/dotnet/shared/Microsoft.NETCore.App/8.0.11/System.IO.Compression.Brotli.dll
[09/17 19:08:41 UTC] + /usr/share/dotnet/shared/Microsoft.NETCore.App/8.0.11/System.IO.Compression.FileSystem.dll
[09/17 19:08:41 UTC] + /usr/share/dotnet/shared/Microsoft.NETCore.App/8.0.11/System.IO.Compression.ZipFile.dll
[09/17 19:08:41 UTC] + /usr/share/dotnet/shared/Microsoft.NETCore.App/8.0.11/System.IO.Compression.dll
[09/17 19:08:41 UTC] + /usr/share/dotnet/shared/Microsoft.NETCore.App/8.0.11/System.IO.FileSystem.AccessControl.dll
[09/17 19:08:41 UTC] + /usr/share/dotnet/shared/Microsoft.NETCore.App/8.0.11/System.IO.FileSystem.DriveInfo.dll
[09/17 19:08:41 UTC] + /usr/share/dotnet/shared/Microsoft.NETCore.App/8.0.11/System.IO.FileSystem.Primitives.dll
[09/17 19:08:41 UTC] + /usr/share/dotnet/shared/Microsoft.NETCore.App/8.0.11/System.IO.FileSystem.Watcher.dll
[09/17 19:08:41 UTC] + /usr/share/dotnet/shared/Microsoft.NETCore.App/8.0.11/System.IO.FileSystem.dll
[09/17 19:08:41 UTC] + /usr/share/dotnet/shared/Microsoft.NETCore.App/8.0.11/System.IO.IsolatedStorage.dll
[09/17 19:08:41 UTC] + /usr/share/dotnet/shared/Microsoft.NETCore.App/8.0.11/System.IO.MemoryMappedFiles.dll
[09/17 19:08:41 UTC] + /usr/share/dotnet/shared/Microsoft.NETCore.App/8.0.11/System.IO.Pipes.AccessControl.dll
[09/17 19:08:41 UTC] + /usr/share/dotnet/shared/Microsoft.NETCore.App/8.0.11/System.IO.Pipes.dll
[09/17 19:08:41 UTC] + /usr/share/dotnet/shared/Microsoft.NETCore.App/8.0.11/System.IO.UnmanagedMemoryStream.dll
[09/17 19:08:41 UTC] + /usr/share/dotnet/shared/Microsoft.NETCore.App/8.0.11/System.IO.dll
[09/17 19:08:41 UTC] + /usr/share/dotnet/shared/Microsoft.NETCore.App/8.0.11/System.Linq.Expressions.dll
[09/17 19:08:41 UTC] + /usr/share/dotnet/shared/Microsoft.NETCore.App/8.0.11/System.Linq.Parallel.dll
[09/17 19:08:41 UTC] + /usr/share/dotnet/shared/Microsoft.NETCore.App/8.0.11/System.Linq.Queryable.dll
[09/17 19:08:41 UTC] + /usr/share/dotnet/shared/Microsoft.NETCore.App/8.0.11/System.Linq.dll
[09/17 19:08:41 UTC] + /usr/share/dotnet/shared/Microsoft.NETCore.App/8.0.11/System.Memory.dll
[09/17 19:08:41 UTC] + /usr/share/dotnet/shared/Microsoft.NETCore.App/8.0.11/System.Net.Http.Json.dll
[09/17 19:08:41 UTC] + /usr/share/dotnet/shared/Microsoft.NETCore.App/8.0.11/System.Net.Http.dll
[09/17 19:08:41 UTC] + /usr/share/dotnet/shared/Microsoft.NETCore.App/8.0.11/System.Net.HttpListener.dll
[09/17 19:08:41 UTC] + /usr/share/dotnet/shared/Microsoft.NETCore.App/8.0.11/System.Net.Mail.dll
[09/17 19:08:41 UTC] + /usr/share/dotnet/shared/Microsoft.NETCore.App/8.0.11/System.Net.NameResolution.dll
[09/17 19:08:41 UTC] + /usr/share/dotnet/shared/Microsoft.NETCore.App/8.0.11/System.Net.NetworkInformation.dll
[09/17 19:08:41 UTC] + /usr/share/dotnet/shared/Microsoft.NETCore.App/8.0.11/System.Net.Ping.dll
[09/17 19:08:41 UTC] + /usr/share/dotnet/shared/Microsoft.NETCore.App/8.0.11/System.Net.Primitives.dll
[09/17 19:08:41 UTC] + /usr/share/dotnet/shared/Microsoft.NETCore.App/8.0.11/System.Net.Quic.dll
[09/17 19:08:41 UTC] + /usr/share/dotnet/shared/Microsoft.NETCore.App/8.0.11/System.Net.Requests.dll
[09/17 19:08:41 UTC] + /usr/share/dotnet/shared/Microsoft.NETCore.App/8.0.11/System.Net.Security.dll
[09/17 19:08:41 UTC] + /usr/share/dotnet/shared/Microsoft.NETCore.App/8.0.11/System.Net.ServicePoint.dll
[09/17 19:08:41 UTC] + /usr/share/dotnet/shared/Microsoft.NETCore.App/8.0.11/System.Net.Sockets.dll
[09/17 19:08:41 UTC] + /usr/share/dotnet/shared/Microsoft.NETCore.App/8.0.11/System.Net.WebClient.dll
[09/17 19:08:41 UTC] + /usr/share/dotnet/shared/Microsoft.NETCore.App/8.0.11/System.Net.WebHeaderCollection.dll
[09/17 19:08:41 UTC] + /usr/share/dotnet/shared/Microsoft.NETCore.App/8.0.11/System.Net.WebProxy.dll
[09/17 19:08:41 UTC] + /usr/share/dotnet/shared/Microsoft.NETCore.App/8.0.11/System.Net.WebSockets.Client.dll
[09/17 19:08:41 UTC] + /usr/share/dotnet/shared/Microsoft.NETCore.App/8.0.11/System.Net.WebSockets.dll
[09/17 19:08:41 UTC] + /usr/share/dotnet/shared/Microsoft.NETCore.App/8.0.11/System.Net.dll
[09/17 19:08:41 UTC] + /usr/share/dotnet/shared/Microsoft.NETCore.App/8.0.11/System.Numerics.Vectors.dll
[09/17 19:08:41 UTC] + /usr/share/dotnet/shared/Microsoft.NETCore.App/8.0.11/System.Numerics.dll
[09/17 19:08:41 UTC] + /usr/share/dotnet/shared/Microsoft.NETCore.App/8.0.11/System.ObjectModel.dll
[09/17 19:08:41 UTC] + /usr/share/dotnet/shared/Microsoft.NETCore.App/8.0.11/System.Private.DataContractSerialization.dll
[09/17 19:08:41 UTC] + /usr/share/dotnet/shared/Microsoft.NETCore.App/8.0.11/System.Private.Uri.dll
[09/17 19:08:41 UTC] + /usr/share/dotnet/shared/Microsoft.NETCore.App/8.0.11/System.Private.Xml.Linq.dll
[09/17 19:08:41 UTC] + /usr/share/dotnet/shared/Microsoft.NETCore.App/8.0.11/System.Private.Xml.dll
[09/17 19:08:41 UTC] + /usr/share/dotnet/shared/Microsoft.NETCore.App/8.0.11/System.Reflection.DispatchProxy.dll
[09/17 19:08:41 UTC] + /usr/share/dotnet/shared/Microsoft.NETCore.App/8.0.11/System.Reflection.Emit.ILGeneration.dll
[09/17 19:08:41 UTC] + /usr/share/dotnet/shared/Microsoft.NETCore.App/8.0.11/System.Reflection.Emit.Lightweight.dll
[09/17 19:08:41 UTC] + /usr/share/dotnet/shared/Microsoft.NETCore.App/8.0.11/System.Reflection.Emit.dll
[09/17 19:08:41 UTC] + /usr/share/dotnet/shared/Microsoft.NETCore.App/8.0.11/System.Reflection.Extensions.dll
[09/17 19:08:41 UTC] + /usr/share/dotnet/shared/Microsoft.NETCore.App/8.0.11/System.Reflection.Metadata.dll
[09/17 19:08:41 UTC] + /usr/share/dotnet/shared/Microsoft.NETCore.App/8.0.11/System.Reflection.Primitives.dll
[09/17 19:08:41 UTC] + /usr/share/dotnet/shared/Microsoft.NETCore.App/8.0.11/System.Reflection.TypeExtensions.dll
[09/17 19:08:41 UTC] + /usr/share/dotnet/shared/Microsoft.NETCore.App/8.0.11/System.Reflection.dll
[09/17 19:08:41 UTC] + /usr/share/dotnet/shared/Microsoft.NETCore.App/8.0.11/System.Resources.Reader.dll
[09/17 19:08:41 UTC] + /usr/share/dotnet/shared/Microsoft.NETCore.App/8.0.11/System.Resources.ResourceManager.dll
[09/17 19:08:41 UTC] + /usr/share/dotnet/shared/Microsoft.NETCore.App/8.0.11/System.Resources.Writer.dll
[09/17 19:08:41 UTC] + /usr/share/dotnet/shared/Microsoft.NETCore.App/8.0.11/System.Runtime.CompilerServices.Unsafe.dll
[09/17 19:08:41 UTC] + /usr/share/dotnet/shared/Microsoft.NETCore.App/8.0.11/System.Runtime.CompilerServices.VisualC.dll
[09/17 19:08:41 UTC] + /usr/share/dotnet/shared/Microsoft.NETCore.App/8.0.11/System.Runtime.Extensions.dll
[09/17 19:08:41 UTC] + /usr/share/dotnet/shared/Microsoft.NETCore.App/8.0.11/System.Runtime.Handles.dll
[09/17 19:08:41 UTC] + /usr/share/dotnet/shared/Microsoft.NETCore.App/8.0.11/System.Runtime.InteropServices.JavaScript.dll
[09/17 19:08:41 UTC] + /usr/share/dotnet/shared/Microsoft.NETCore.App/8.0.11/System.Runtime.InteropServices.RuntimeInformation.dll
[09/17 19:08:41 UTC] + /usr/share/dotnet/shared/Microsoft.NETCore.App/8.0.11/System.Runtime.InteropServices.dll
[09/17 19:08:41 UTC] + /usr/share/dotnet/shared/Microsoft.NETCore.App/8.0.11/System.Runtime.Intrinsics.dll
[09/17 19:08:41 UTC] + /usr/share/dotnet/shared/Microsoft.NETCore.App/8.0.11/System.Runtime.Loader.dll
[09/17 19:08:41 UTC] + /usr/share/dotnet/shared/Microsoft.NETCore.App/8.0.11/System.Runtime.Numerics.dll
[09/17 19:08:41 UTC] + /usr/share/dotnet/shared/Microsoft.NETCore.App/8.0.11/System.Runtime.Serialization.Formatters.dll
[09/17 19:08:41 UTC] + /usr/share/dotnet/shared/Microsoft.NETCore.App/8.0.11/System.Runtime.Serialization.Json.dll
[09/17 19:08:41 UTC] + /usr/share/dotnet/shared/Microsoft.NETCore.App/8.0.11/System.Runtime.Serialization.Primitives.dll
[09/17 19:08:41 UTC] + /usr/share/dotnet/shared/Microsoft.NETCore.App/8.0.11/System.Runtime.Serialization.Xml.dll
[09/17 19:08:41 UTC] + /usr/share/dotnet/shared/Microsoft.NETCore.App/8.0.11/System.Runtime.Serialization.dll
[09/17 19:08:41 UTC] + /usr/share/dotnet/shared/Microsoft.NETCore.App/8.0.11/System.Runtime.dll
[09/17 19:08:41 UTC] + /usr/share/dotnet/shared/Microsoft.NETCore.App/8.0.11/System.Security.AccessControl.dll
[09/17 19:08:41 UTC] + /usr/share/dotnet/shared/Microsoft.NETCore.App/8.0.11/System.Security.Claims.dll
[09/17 19:08:41 UTC] + /usr/share/dotnet/shared/Microsoft.NETCore.App/8.0.11/System.Security.Cryptography.Algorithms.dll
[09/17 19:08:41 UTC] + /usr/share/dotnet/shared/Microsoft.NETCore.App/8.0.11/System.Security.Cryptography.Cng.dll
[09/17 19:08:41 UTC] + /usr/share/dotnet/shared/Microsoft.NETCore.App/8.0.11/System.Security.Cryptography.Csp.dll
[09/17 19:08:41 UTC] + /usr/share/dotnet/shared/Microsoft.NETCore.App/8.0.11/System.Security.Cryptography.Encoding.dll
[09/17 19:08:41 UTC] + /usr/share/dotnet/shared/Microsoft.NETCore.App/8.0.11/System.Security.Cryptography.OpenSsl.dll
[09/17 19:08:41 UTC] + /usr/share/dotnet/shared/Microsoft.NETCore.App/8.0.11/System.Security.Cryptography.Primitives.dll
[09/17 19:08:41 UTC] + /usr/share/dotnet/shared/Microsoft.NETCore.App/8.0.11/System.Security.Cryptography.X509Certificates.dll
[09/17 19:08:41 UTC] + /usr/share/dotnet/shared/Microsoft.NETCore.App/8.0.11/System.Security.Cryptography.dll
[09/17 19:08:41 UTC] + /usr/share/dotnet/shared/Microsoft.NETCore.App/8.0.11/System.Security.Principal.Windows.dll
[09/17 19:08:41 UTC] + /usr/share/dotnet/shared/Microsoft.NETCore.App/8.0.11/System.Security.Principal.dll
[09/17 19:08:41 UTC] + /usr/share/dotnet/shared/Microsoft.NETCore.App/8.0.11/System.Security.SecureString.dll
[09/17 19:08:41 UTC] + /usr/share/dotnet/shared/Microsoft.NETCore.App/8.0.11/System.Security.dll
[09/17 19:08:41 UTC] + /usr/share/dotnet/shared/Microsoft.NETCore.App/8.0.11/System.ServiceModel.Web.dll
[09/17 19:08:41 UTC] + /usr/share/dotnet/shared/Microsoft.NETCore.App/8.0.11/System.ServiceProcess.dll
[09/17 19:08:41 UTC] + /usr/share/dotnet/shared/Microsoft.NETCore.App/8.0.11/System.Text.Encoding.CodePages.dll
[09/17 19:08:41 UTC] + /usr/share/dotnet/shared/Microsoft.NETCore.App/8.0.11/System.Text.Encoding.Extensions.dll
[09/17 19:08:41 UTC] + /usr/share/dotnet/shared/Microsoft.NETCore.App/8.0.11/System.Text.Encoding.dll
[09/17 19:08:41 UTC] + /usr/share/dotnet/shared/Microsoft.NETCore.App/8.0.11/System.Text.Encodings.Web.dll
[09/17 19:08:41 UTC] + /usr/share/dotnet/shared/Microsoft.NETCore.App/8.0.11/System.Text.Json.dll
[09/17 19:08:41 UTC] + /usr/share/dotnet/shared/Microsoft.NETCore.App/8.0.11/System.Text.RegularExpressions.dll
[09/17 19:08:41 UTC] + /usr/share/dotnet/shared/Microsoft.NETCore.App/8.0.11/System.Threading.Channels.dll
[09/17 19:08:41 UTC] + /usr/share/dotnet/shared/Microsoft.NETCore.App/8.0.11/System.Threading.Overlapped.dll
[09/17 19:08:41 UTC] + /usr/share/dotnet/shared/Microsoft.NETCore.App/8.0.11/System.Threading.Tasks.Dataflow.dll
[09/17 19:08:41 UTC] + /usr/share/dotnet/shared/Microsoft.NETCore.App/8.0.11/System.Threading.Tasks.Extensions.dll
[09/17 19:08:41 UTC] + /usr/share/dotnet/shared/Microsoft.NETCore.App/8.0.11/System.Threading.Tasks.Parallel.dll
[09/17 19:08:41 UTC] + /usr/share/dotnet/shared/Microsoft.NETCore.App/8.0.11/System.Threading.Tasks.dll
[09/17 19:08:41 UTC] + /usr/share/dotnet/shared/Microsoft.NETCore.App/8.0.11/System.Threading.Thread.dll
[09/17 19:08:41 UTC] + /usr/share/dotnet/shared/Microsoft.NETCore.App/8.0.11/System.Threading.ThreadPool.dll
[09/17 19:08:41 UTC] + /usr/share/dotnet/shared/Microsoft.NETCore.App/8.0.11/System.Threading.Timer.dll
[09/17 19:08:41 UTC] + /usr/share/dotnet/shared/Microsoft.NETCore.App/8.0.11/System.Threading.dll
[09/17 19:08:41 UTC] + /usr/share/dotnet/shared/Microsoft.NETCore.App/8.0.11/System.Transactions.Local.dll
[09/17 19:08:41 UTC] + /usr/share/dotnet/shared/Microsoft.NETCore.App/8.0.11/System.Transactions.dll
[09/17 19:08:41 UTC] + /usr/share/dotnet/shared/Microsoft.NETCore.App/8.0.11/System.ValueTuple.dll
[09/17 19:08:41 UTC] + /usr/share/dotnet/shared/Microsoft.NETCore.App/8.0.11/System.Web.HttpUtility.dll
[09/17 19:08:41 UTC] + /usr/share/dotnet/shared/Microsoft.NETCore.App/8.0.11/System.Web.dll
[09/17 19:08:41 UTC] + /usr/share/dotnet/shared/Microsoft.NETCore.App/8.0.11/System.Windows.dll
[09/17 19:08:41 UTC] + /usr/share/dotnet/shared/Microsoft.NETCore.App/8.0.11/System.Xml.Linq.dll
[09/17 19:08:41 UTC] + /usr/share/dotnet/shared/Microsoft.NETCore.App/8.0.11/System.Xml.ReaderWriter.dll
[09/17 19:08:41 UTC] + /usr/share/dotnet/shared/Microsoft.NETCore.App/8.0.11/System.Xml.Serialization.dll
[09/17 19:08:41 UTC] + /usr/share/dotnet/shared/Microsoft.NETCore.App/8.0.11/System.Xml.XDocument.dll
[09/17 19:08:41 UTC] + /usr/share/dotnet/shared/Microsoft.NETCore.App/8.0.11/System.Xml.XPath.XDocument.dll
[09/17 19:08:41 UTC] + /usr/share/dotnet/shared/Microsoft.NETCore.App/8.0.11/System.Xml.XPath.dll
[09/17 19:08:41 UTC] + /usr/share/dotnet/shared/Microsoft.NETCore.App/8.0.11/System.Xml.XmlDocument.dll
[09/17 19:08:41 UTC] + /usr/share/dotnet/shared/Microsoft.NETCore.App/8.0.11/System.Xml.XmlSerializer.dll
[09/17 19:08:41 UTC] + /usr/share/dotnet/shared/Microsoft.NETCore.App/8.0.11/System.Xml.dll
[09/17 19:08:41 UTC] + /usr/share/dotnet/shared/Microsoft.NETCore.App/8.0.11/System.dll
[09/17 19:08:41 UTC] + /usr/share/dotnet/shared/Microsoft.NETCore.App/8.0.11/WindowsBase.dll
[09/17 19:08:41 UTC] + /usr/share/dotnet/shared/Microsoft.NETCore.App/8.0.11/mscorlib.dll
[09/17 19:08:43 UTC] + /usr/share/dotnet/shared/MEmitting R2R PE file: /usr/share/dotnet.tizen/framework/ElmSharp.ni.dll.tmp
[09/17 19:08:46 UTC] Emitting R2R PE file: /usr/share/dotnet.tizen/framework/OpenTK.ni.dll.tmp
[09/17 19:08:47 UTC] Emitting R2R PE file: /usr/share/dotnet.tizen/framework/Tizen.AIAvatar.ni.dll.tmp
[09/17 19:08:48 UTC] Emitting R2R PE file: /usr/share/dotnet.tizen/framework/Tizen.Account.AccountManager.ni.dll.tmp
[09/17 19:08:48 UTC] Emitting R2R PE file: /usr/share/dotnet.tizen/framework/Tizen.Account.OAuth2.ni.dll.tmp
[09/17 19:08:49 UTC] Emitting R2R PE file: /usr/share/dotnet.tizen/framework/Tizen.Account.SyncManager.ni.dll.tmp
[09/17 19:08:49 UTC] Emitting R2R PE file: /usr/share/dotnet.tizen/framework/Tizen.Applications.Alarm.ni.dll.tmp
[09/17 19:08:50 UTC] Emitting R2R PE file: /usr/share/dotnet.tizen/framework/Tizen.Applications.Cion.ni.dll.tmp
[09/17 19:08:51 UTC] Emitting R2R PE file: /usr/share/dotnet.tizen/framework/Tizen.Applications.Common.ni.dll.tmp
[09/17 19:08:51 UTC] Emitting R2R PE file: /usr/share/dotnet.tizen/framework/Tizen.Applications.ComponentBased.ComponentManager.ni.dll.tmp
[09/17 19:08:52 UTC] Emitting R2R PE file: /usr/share/dotnet.tizen/framework/Tizen.Applications.ComponentBased.Port.ni.dll.tmp
[09/17 19:08:53 UTC] Emitting R2R PE file: /usr/share/dotnet.tizen/framework/Tizen.Applications.ComponentBased.ni.dll.tmp
[09/17 19:08:53 UTC] Emitting R2R PE file: /usr/share/dotnet.tizen/framework/Tizen.Applications.DataControl.ni.dll.tmp
[09/17 19:08:54 UTC] Emitting R2R PE file: /usr/share/dotnet.tizen/framework/Tizen.Applications.EventManager.ni.dll.tmp
[09/17 19:08:54 UTC] Emitting R2R PE file: /usr/share/dotnet.tizen/framework/Tizen.Applications.MessagePort.ni.dll.tmp
[09/17 19:08:55 UTC] Emitting R2R PE file: /usr/share/dotnet.tizen/framework/Tizen.Applications.Notification.ni.dll.tmp
[09/17 19:08:55 UTC] Emitting R2R PE file: /usr/share/dotnet.tizen/framework/Tizen.Applications.NotificationEventListener.ni.dll.tmp
[09/17 19:08:56 UTC] Emitting R2R PE file: /usr/share/dotnet.tizen/framework/Tizen.Applications.PackageManager.ni.dll.tmp
[09/17 19:08:57 UTC] Emitting R2R PE file: /usr/share/dotnet.tizen/framework/Tizen.Applications.Preference.ni.dll.tmp
[09/17 19:08:57 UTC] Emitting R2R PE file: /usr/share/dotnet.tizen/framework/Tizen.Applications.Service.ni.dll.tmp
[09/17 19:08:58 UTC] Emitting R2R PE file: /usr/share/dotnet.tizen/framework/Tizen.Applications.ThemeManager.ni.dll.tmp
[09/17 19:08:58 UTC] Emitting R2R PE file: /usr/share/dotnet.tizen/framework/Tizen.Applications.ToastMessage.ni.dll.tmp
[09/17 19:08:58 UTC] Emitting R2R PE file: /usr/share/dotnet.tizen/framework/Tizen.Applications.UI.ni.dll.tmp
[09/17 19:08:59 UTC] Emitting R2R PE file: /usr/share/dotnet.tizen/framework/Tizen.Applications.UIGadget.ni.dll.tmp
[09/17 19:08:59 UTC] Emitting R2R PE file: /usr/share/dotnet.tizen/framework/Tizen.Applications.WidgetControl.ni.dll.tmp
[09/17 19:09:00 UTC] Emitting R2R PE file: /usr/share/dotnet.tizen/framework/Tizen.Content.Download.ni.dll.tmp
[09/17 19:09:00 UTC] Emitting R2R PE file: /usr/share/dotnet.tizen/framework/Tizen.Content.MediaContent.ni.dll.tmp
[09/17 19:09:01 UTC] Emitting R2R PE file: /usr/share/dotnet.tizen/framework/Tizen.Content.MimeType.ni.dll.tmp
[09/17 19:09:01 UTC] Emitting R2R PE file: /usr/share/dotnet.tizen/framework/Tizen.Context.ni.dll.tmp
[09/17 19:09:01 UTC] Emitting R2R PE file: /usr/share/dotnet.tizen/framework/Tizen.Core.ni.dll.tmp
[09/17 19:09:02 UTC] Emitting R2R PE file: /usr/share/dotnet.tizen/framework/Tizen.Data.Tdbc.Driver.Sqlite.ni.dll.tmp
[09/17 19:09:03 UTC] Emitting R2R PE file: /usr/share/dotnet.tizen/framework/Tizen.Data.Tdbc.ni.dll.tmp
[09/17 19:09:03 UTC] Emitting R2R PE file: /usr/share/dotnet.tizen/framework/Tizen.Inspections.ni.dll.tmp
[09/17 19:09:04 UTC] Emitting R2R PE file: /usr/share/dotnet.tizen/framework/Tizen.Location.ni.dll.tmp
[09/17 19:09:04 UTC] Emitting R2R PE file: /usr/share/dotnet.tizen/framework/Tizen.Log.ni.dll.tmp
[09/17 19:09:04 UTC] Emitting R2R PE file: /usr/share/dotnet.tizen/framework/Tizen.MachineLearning.Inference.ni.dll.tmp
[09/17 19:09:05 UTC] Emitting R2R PE file: /usr/share/dotnet.tizen/framework/Tizen.MachineLearning.Train.ni.dll.tmp
[09/17 19:09:05 UTC] Emitting R2R PE file: /usr/share/dotnet.tizen/framework/Tizen.Messaging.Push.ni.dll.tmp
[09/17 19:09:06 UTC] Emitting R2R PE file: /usr/share/dotnet.tizen/framework/Tizen.Multimedia.AudioIO.ni.dll.tmp
[09/17 19:09:07 UTC] Emitting R2R PE file: /usr/share/dotnet.tizen/framework/Tizen.Multimedia.Camera.ni.dll.tmp
[09/17 19:09:08 UTC] Emitting R2R PE file: /usr/share/dotnet.tizen/framework/Tizen.Multimedia.MediaCodec.ni.dll.tmp
[09/17 19:09:08 UTC] Emitting R2R PE file: /usr/share/dotnet.tizen/framework/Tizen.Multimedia.MediaPlayer.ni.dll.tmp
[09/17 19:09:09 UTC] Emitting R2R PE file: /usr/share/dotnet.tizen/framework/Tizen.Multimedia.Metadata.ni.dll.tmp
[09/17 19:09:10 UTC] Emitting R2R PE file: /usr/share/dotnet.tizen/framework/Tizen.Multimedia.Recorder.ni.dll.tmp
[09/17 19:09:11 UTC] Emitting R2R PE file: /usr/share/dotnet.tizen/framework/Tizen.Multimedia.Remoting.ni.dll.tmp
[09/17 19:09:12 UTC] Emitting R2R PE file: /usr/share/dotnet.tizen/framework/Tizen.Multimedia.Util.ni.dll.tmp
[09/17 19:09:13 UTC] Emitting R2R PE file: /usr/share/dotnet.tizen/framework/Tizen.Multimedia.Vision.ni.dll.tmp
[09/17 19:09:14 UTC] Emitting R2R PE file: /usr/share/dotnet.tizen/framework/Tizen.Multimedia.ni.dll.tmp
[09/17 19:09:15 UTC] Emitting R2R PE file: /usr/share/dotnet.tizen/framework/Tizen.NUI.AIAvatar.ni.dll.tmp
[09/17 19:09:17 UTC] Emitting R2R PE file: /usr/share/dotnet.tizen/framework/Tizen.NUI.Components.ni.dll.tmp
[09/17 19:09:17 UTC] Emitting R2R PE file: /usr/share/dotnet.tizen/framework/Tizen.NUI.Extension.ni.dll.tmp
[09/17 19:09:18 UTC] Emitting R2R PE file: /usr/share/dotnet.tizen/framework/Tizen.NUI.Gadget.ni.dll.tmp
[09/17 19:09:18 UTC] Emitting R2R PE file: /usr/share/dotnet.tizen/framework/Tizen.NUI.Scene3D.ni.dll.tmp
[09/17 19:09:19 UTC] Emitting R2R PE file: /usr/share/dotnet.tizen/framework/Tizen.NUI.WindowSystem.ni.dll.tmp
[09/17 19:09:26 UTC] Emitting R2R PE file: /usr/share/dotnet.tizen/framework/Tizen.NUI.ni.dll.tmp
[09/17 19:09:27 UTC] Emitting R2R PE file: /usr/share/dotnet.tizen/framework/Tizen.Network.Bluetooth.ni.dll.tmp
[09/17 19:09:28 UTC] Emitting R2R PE file: /usr/share/dotnet.tizen/framework/Tizen.Network.Connection.ni.dll.tmp
[09/17 19:09:29 UTC] Emitting R2R PE file: /usr/share/dotnet.tizen/framework/Tizen.Network.IoTConnectivity.ni.dll.tmp
[09/17 19:09:30 UTC] Emitting R2R PE file: /usr/share/dotnet.tizen/framework/Tizen.Network.Nsd.ni.dll.tmp
[09/17 19:09:30 UTC] Emitting R2R PE file: /usr/share/dotnet.tizen/framework/Tizen.Network.Stc.ni.dll.tmp
[09/17 19:09:31 UTC] Emitting R2R PE file: /usr/share/dotnet.tizen/framework/Tizen.Network.WiFi.ni.dll.tmp
[09/17 19:09:32 UTC] Emitting R2R PE file: /usr/share/dotnet.tizen/framework/Tizen.Network.WiFiDirect.ni.dll.tmp
[09/17 19:09:32 UTC] Emitting R2R PE file: /usr/share/dotnet.tizen/framework/Tizen.Peripheral.ni.dll.tmp
[09/17 19:09:33 UTC] Emitting R2R PE file: /usr/share/dotnet.tizen/framework/Tizen.Pims.Calendar.ni.dll.tmp
[09/17 19:09:33 UTC] Emitting R2R PE file: /usr/share/dotnet.tizen/framework/Tizen.Pims.Contacts.ni.dll.tmp
[09/17 19:09:34 UTC] Emitting R2R PE file: /usr/share/dotnet.tizen/framework/Tizen.Runtime.ni.dll.tmp
[09/17 19:09:35 UTC] Emitting R2R PE file: /usr/share/dotnet.tizen/framework/Tizen.Security.PrivacyPrivilegeManager.ni.dll.tmp
[09/17 19:09:35 UTC] Emitting R2R PE file: /usr/share/dotnet.tizen/framework/Tizen.Security.SecureRepository.ni.dll.tmp
[09/17 19:09:36 UTC] Emitting R2R PE file: /usr/share/dotnet.tizen/framework/Tizen.Security.WebAuthn.ni.dll.tmp
[09/17 19:09:36 UTC] Emitting R2R PE file: /usr/share/dotnet.tizen/framework/Tizen.Security.ni.dll.tmp
[09/17 19:09:37 UTC] Emitting R2R PE file: /usr/share/dotnet.tizen/framework/Tizen.Sensor.ni.dll.tmp
[09/17 19:09:37 UTC] Emitting R2R PE file: /usr/share/dotnet.tizen/framework/Tizen.System.Feedback.ni.dll.tmp
[09/17 19:09:38 UTC] Emitting R2R PE file: /usr/share/dotnet.tizen/framework/Tizen.System.Information.ni.dll.tmp
[09/17 19:09:38 UTC] Emitting R2R PE file: /usr/share/dotnet.tizen/framework/Tizen.System.MediaKey.ni.dll.tmp
[09/17 19:09:38 UTC] Emitting R2R PE file: /usr/share/dotnet.tizen/framework/Tizen.System.PlatformConfig.ni.dll.tmp
[09/17 19:09:38 UTC] Emitting R2R PE file: /usr/share/dotnet.tizen/framework/Tizen.System.Session.ni.dll.tmp
[09/17 19:09:39 UTC] Emitting R2R PE file: /usr/share/dotnet.tizen/framework/Tizen.System.Storage.ni.dll.tmp
[09/17 19:09:39 UTC] Emitting R2R PE file: /usr/share/dotnet.tizen/framework/Tizen.System.SystemSettings.ni.dll.tmp
[09/17 19:09:39 UTC] Emitting R2R PE file: /usr/share/dotnet.tizen/framework/Tizen.System.Usb.ni.dll.tmp
[09/17 19:09:40 UTC] Emitting R2R PE file: /usr/share/dotnet.tizen/framework/Tizen.System.ni.dll.tmp
[09/17 19:09:40 UTC] Emitting R2R PE file: /usr/share/dotnet.tizen/framework/Tizen.Tracer.ni.dll.tmp
[09/17 19:09:41 UTC] Emitting R2R PE file: /usr/share/dotnet.tizen/framework/Tizen.Uix.InputMethod.ni.dll.tmp
[09/17 19:09:41 UTC] Emitting R2R PE file: /usr/share/dotnet.tizen/framework/Tizen.Uix.InputMethodManager.ni.dll.tmp
[09/17 19:09:42 UTC] Emitting R2R PE file: /usr/share/dotnet.tizen/framework/Tizen.Uix.Sticker.ni.dll.tmp
[09/17 19:09:42 UTC] Emitting R2R PE file: /usr/share/dotnet.tizen/framework/Tizen.Uix.Stt.ni.dll.tmp
[09/17 19:09:43 UTC] Emitting R2R PE file: /usr/share/dotnet.tizen/framework/Tizen.Uix.SttEngine.ni.dll.tmp
[09/17 19:09:43 UTC] Emitting R2R PE file: /usr/share/dotnet.tizen/framework/Tizen.Uix.Tts.ni.dll.tmp
[09/17 19:09:43 UTC] Emitting R2R PE file: /usr/share/dotnet.tizen/framework/Tizen.Uix.TtsEngine.ni.dll.tmp
[09/17 19:09:44 UTC] Emitting R2R PE file: /usr/share/dotnet.tizen/framework/Tizen.Uix.VoiceControl.ni.dll.tmp
[09/17 19:09:44 UTC] Emitting R2R PE file: /usr/share/dotnet.tizen/framework/Tizen.Uix.VoiceControlManager.ni.dll.tmp
[09/17 19:09:45 UTC] Emitting R2R PE file: /usr/share/dotnet.tizen/framework/Tizen.WindowSystem.ni.dll.tmp
[09/17 19:09:46 UTC] Emitting R2R PE file: /usr/share/dotnet.tizen/framework/Tizen.ni.dll.tmp
[09/17 19:09:47 UTC] Emitting R2R PE file: /usr/share/dotnet/shared/Microsoft.NETCore.App/8.0.11/Microsoft.CSharp.ni.dll.tmp
[09/17 19:09:48 UTC] Emitting R2R PE file: /usr/share/dotnet/shared/Microsoft.NETCore.App/8.0.11/Microsoft.VisualBasic.Core.ni.dll.tmp
[09/17 19:09:49 UTC] Emitting R2R PE file: /usr/share/dotnet/shared/Microsoft.NETCore.App/8.0.11/Microsoft.VisualBasic.ni.dll.tmp
[09/17 19:09:49 UTC] Emitting R2R PE file: /usr/share/dotnet/shared/Microsoft.NETCore.App/8.0.11/Microsoft.Win32.Primitives.ni.dll.tmp
[09/17 19:09:49 UTC] Emitting R2R PE file: /usr/share/dotnet/shared/Microsoft.NETCore.App/8.0.11/Microsoft.Win32.Registry.ni.dll.tmp
[09/17 19:09:49 UTC] Emitting R2R PE file: /usr/share/dotnet/shared/Microsoft.NETCore.App/8.0.11/System.AppContext.ni.dll.tmp
[09/17 19:09:49 UTC] Emitting R2R PE file: /usr/share/dotnet/shared/Microsoft.NETCore.App/8.0.11/System.Buffers.ni.dll.tmp
[09/17 19:09:49 UTC] Emitting R2R PE file: /usr/share/dotnet/shared/Microsoft.NETCore.App/8.0.11/System.Collections.Concurrent.ni.dll.tmp
[09/17 19:09:50 UTC] Emitting R2R PE file: /usr/share/dotnet/shared/Microsoft.NETCore.App/8.0.11/System.Collections.Immutable.ni.dll.tmp
[09/17 19:09:51 UTC] Emitting R2R PE file: /usr/share/dotnet/shared/Microsoft.NETCore.App/8.0.11/System.Collections.NonGeneric.ni.dll.tmp
[09/17 19:09:51 UTC] Emitting R2R PE file: /usr/share/dotnet/shared/Microsoft.NETCore.App/8.0.11/System.Collections.Specialized.ni.dll.tmp
[09/17 19:09:52 UTC] Emitting R2R PE file: /usr/share/dotnet/shared/Microsoft.NETCore.App/8.0.11/System.Collections.ni.dll.tmp
[09/17 19:09:52 UTC] Emitting R2R PE file: /usr/share/dotnet/shared/Microsoft.NETCore.App/8.0.11/System.ComponentModel.Annotations.ni.dll.tmp
[09/17 19:09:52 UTC] Emitting R2R PE file: /usr/share/dotnet/shared/Microsoft.NETCore.App/8.0.11/System.ComponentModel.DataAnnotations.ni.dll.tmp
[09/17 19:09:52 UTC] Emitting R2R PE file: /usr/share/dotnet/shared/Microsoft.NETCore.App/8.0.11/System.ComponentModel.EventBasedAsync.ni.dll.tmp
[09/17 19:09:53 UTC] Emitting R2R PE file: /usr/share/dotnet/shared/Microsoft.NETCore.App/8.0.11/System.ComponentModel.Primitives.ni.dll.tmp
[09/17 19:09:54 UTC] Emitting R2R PE file: /usr/share/dotnet/shared/Microsoft.NETCore.App/8.0.11/System.ComponentModel.TypeConverter.ni.dll.tmp
[09/17 19:09:54 UTC] Emitting R2R PE file: /usr/share/dotnet/shared/Microsoft.NETCore.App/8.0.11/System.ComponentModel.ni.dll.tmp
[09/17 19:09:54 UTC] Emitting R2R PE file: /usr/share/dotnet/shared/Microsoft.NETCore.App/8.0.11/System.Configuration.ni.dll.tmp
[09/17 19:09:55 UTC] Emitting R2R PE file: /usr/share/dotnet/shared/Microsoft.NETCore.App/8.0.11/System.Console.ni.dll.tmp
[09/17 19:09:55 UTC] Emitting R2R PE file: /usr/share/dotnet/shared/Microsoft.NETCore.App/8.0.11/System.Core.ni.dll.tmp
[09/17 19:09:59 UTC] Emitting R2R PE file: /usr/share/dotnet/shared/Microsoft.NETCore.App/8.0.11/System.Data.Common.ni.dll.tmp
[09/17 19:09:59 UTC] Emitting R2R PE file: /usr/share/dotnet/shared/Microsoft.NETCore.App/8.0.11/System.Data.DataSetExtensions.ni.dll.tmp
[09/17 19:09:59 UTC] Emitting R2R PE file: /usr/share/dotnet/shared/Microsoft.NETCore.App/8.0.11/System.Data.ni.dll.tmp
[09/17 19:09:59 UTC] Emitting R2R PE file: /usr/share/dotnet/shared/Microsoft.NETCore.App/8.0.11/System.Diagnostics.Contracts.ni.dll.tmp
[09/17 19:09:59 UTC] Emitting R2R PE file: /usr/share/dotnet/shared/Microsoft.NETCore.App/8.0.11/System.Diagnostics.Debug.ni.dll.tmp
[09/17 19:10:00 UTC] Emitting R2R PE file: /usr/share/dotnet/shared/Microsoft.NETCore.App/8.0.11/System.Diagnostics.DiagnosticSource.ni.dll.tmp
[09/17 19:10:00 UTC] Emitting R2R PE file: /usr/share/dotnet/shared/Microsoft.NETCore.App/8.0.11/System.Diagnostics.FileVersionInfo.ni.dll.tmp
[09/17 19:10:01 UTC] Emitting R2R PE file: /usr/share/dotnet/shared/Microsoft.NETCore.App/8.0.11/System.Diagnostics.Process.ni.dll.tmp
[09/17 19:10:02 UTC] Emitting R2R PE file: /usr/share/dotnet/shared/Microsoft.NETCore.App/8.0.11/System.Diagnostics.StackTrace.ni.dll.tmp
[09/17 19:10:02 UTC] Emitting R2R PE file: /usr/share/dotnet/shared/Microsoft.NETCore.App/8.0.11/System.Diagnostics.TextWriterTraceListener.ni.dll.tmp
[09/17 19:10:02 UTC] Emitting R2R PE file: /usr/share/dotnet/shared/Microsoft.NETCore.App/8.0.11/System.Diagnostics.Tools.ni.dll.tmp
[09/17 19:10:03 UTC] Emitting R2R PE file: /usr/share/dotnet/shared/Microsoft.NETCore.App/8.0.11/System.Diagnostics.TraceSource.ni.dll.tmp
[09/17 19:10:03 UTC] Emitting R2R PE file: /usr/share/dotnet/shared/Microsoft.NETCore.App/8.0.11/System.Diagnostics.Tracing.ni.dll.tmp
[09/17 19:10:03 UTC] Emitting R2R PE file: /usr/share/dotnet/shared/Microsoft.NETCore.App/8.0.11/System.Drawing.Primitives.ni.dll.tmp
[09/17 19:10:03 UTC] Emitting R2R PE file: /usr/share/dotnet/shared/Microsoft.NETCore.App/8.0.11/System.Drawing.ni.dll.tmp
[09/17 19:10:03 UTC] Emitting R2R PE file: /usr/share/dotnet/shared/Microsoft.NETCore.App/8.0.11/System.Dynamic.Runtime.ni.dll.tmp
[09/17 19:10:04 UTC] Emitting R2R PE file: /usr/share/dotnet/shared/Microsoft.NETCore.App/8.0.11/System.Formats.Asn1.ni.dll.tmp
[09/17 19:10:05 UTC] Emitting R2R PE file: /usr/share/dotnet/shared/Microsoft.NETCore.App/8.0.11/System.Formats.Tar.ni.dll.tmp
[09/17 19:10:05 UTC] Emitting R2R PE file: /usr/share/dotnet/shared/Microsoft.NETCore.App/8.0.11/System.Globalization.Calendars.ni.dll.tmp
[09/17 19:10:05 UTC] Emitting R2R PE file: /usr/share/dotnet/shared/Microsoft.NETCore.App/8.0.11/System.Globalization.Extensions.ni.dll.tmp
[09/17 19:10:05 UTC] Emitting R2R PE file: /usr/share/dotnet/shared/Microsoft.NETCore.App/8.0.11/System.Globalization.ni.dll.tmp
[09/17 19:10:06 UTC] Emitting R2R PE file: /usr/share/dotnet/shared/Microsoft.NETCore.App/8.0.11/System.IO.Compression.Brotli.ni.dll.tmp
[09/17 19:10:06 UTC] Emitting R2R PE file: /usr/share/dotnet/shared/Microsoft.NETCore.App/8.0.11/System.IO.Compression.FileSystem.ni.dll.tmp
[09/17 19:10:06 UTC] Emitting R2R PE file: /usr/share/dotnet/shared/Microsoft.NETCore.App/8.0.11/System.IO.Compression.ZipFile.ni.dll.tmp
[09/17 19:10:07 UTC] Emitting R2R PE file: /usr/share/dotnet/shared/Microsoft.NETCore.App/8.0.11/System.IO.Compression.ni.dll.tmp
[09/17 19:10:08 UTC] Emitting R2R PE file: /usr/share/dotnet/shared/Microsoft.NETCore.App/8.0.11/System.IO.FileSystem.AccessControl.ni.dll.tmp
[09/17 19:10:08 UTC] Emitting R2R PE file: /usr/share/dotnet/shared/Microsoft.NETCore.App/8.0.11/System.IO.FileSystem.DriveInfo.ni.dll.tmp
[09/17 19:10:08 UTC] Emitting R2R PE file: /usr/share/dotnet/shared/Microsoft.NETCore.App/8.0.11/System.IO.FileSystem.Primitives.ni.dll.tmp
[09/17 19:10:09 UTC] Emitting R2R PE file: /usr/share/dotnet/shared/Microsoft.NETCore.App/8.0.11/System.IO.FileSystem.Watcher.ni.dll.tmp
[09/17 19:10:09 UTC] Emitting R2R PE file: /usr/share/dotnet/shared/Microsoft.NETCore.App/8.0.11/System.IO.FileSystem.ni.dll.tmp
[09/17 19:10:09 UTC] Emitting R2R PE file: /usr/share/dotnet/shared/Microsoft.NETCore.App/8.0.11/System.IO.IsolatedStorage.ni.dll.tmp
[09/17 19:10:10 UTC] Emitting R2R PE file: /usr/share/dotnet/shared/Microsoft.NETCore.App/8.0.11/System.IO.MemoryMappedFiles.ni.dll.tmp
[09/17 19:10:10 UTC] Emitting R2R PE file: /usr/share/dotnet/shared/Microsoft.NETCore.App/8.0.11/System.IO.Pipes.AccessControl.ni.dll.tmp
[09/17 19:10:10 UTC] Emitting R2R PE file: /usr/share/dotnet/shared/Microsoft.NETCore.App/8.0.11/System.IO.Pipes.ni.dll.tmp
[09/17 19:10:10 UTC] Emitting R2R PE file: /usr/share/dotnet/shared/Microsoft.NETCore.App/8.0.11/System.IO.UnmanagedMemoryStream.ni.dll.tmp
[09/17 19:10:10 UTC] Emitting R2R PE file: /usr/share/dotnet/shared/Microsoft.NETCore.App/8.0.11/System.IO.ni.dll.tmp
[09/17 19:10:12 UTC] Emitting R2R PE file: /usr/share/dotnet/shared/Microsoft.NETCore.App/8.0.11/System.Linq.Expressions.ni.dll.tmp
[09/17 19:10:14 UTC] Emitting R2R PE file: /usr/share/dotnet/shared/Microsoft.NETCore.App/8.0.11/System.Linq.Parallel.ni.dll.tmp
[09/17 19:10:14 UTC] Emitting R2R PE file: /usr/share/dotnet/shared/Microsoft.NETCore.App/8.0.11/System.Linq.Queryable.ni.dll.tmp
[09/17 19:10:15 UTC] Emitting R2R PE file: /usr/share/dotnet/shared/Microsoft.NETCore.App/8.0.11/System.Linq.ni.dll.tmp
[09/17 19:10:16 UTC] Emitting R2R PE file: /usr/share/dotnet/shared/Microsoft.NETCore.App/8.0.11/System.Memory.ni.dll.tmp
[09/17 19:10:17 UTC] Emitting R2R PE file: /usr/share/dotnet/shared/Microsoft.NETCore.App/8.0.11/System.Net.Http.Json.ni.dll.tmp
[09/17 19:10:20 UTC] Emitting R2R PE file: /usr/share/dotnet/shared/Microsoft.NETCore.App/8.0.11/System.Net.Http.ni.dll.tmp
[09/17 19:10:22 UTC] Emitting R2R PE file: /usr/share/dotnet/shared/Microsoft.NETCore.App/8.0.11/System.Net.HttpListener.ni.dll.tmp
[09/17 19:10:23 UTC] Emitting R2R PE file: /usr/share/dotnet/shared/Microsoft.NETCore.App/8.0.11/System.Net.Mail.ni.dll.tmp
[09/17 19:10:24 UTC] Emitting R2R PE file: /usr/share/dotnet/shared/Microsoft.NETCore.App/8.0.11/System.Net.NameResolution.ni.dll.tmp
[09/17 19:10:24 UTC] Emitting R2R PE file: /usr/share/dotnet/shared/Microsoft.NETCore.App/8.0.11/System.Net.NetworkInformation.ni.dll.tmp
[09/17 19:10:25 UTC] Emitting R2R PE file: /usr/share/dotnet/shared/Microsoft.NETCore.App/8.0.11/System.Net.Ping.ni.dll.tmp
[09/17 19:10:26 UTC] Emitting R2R PE file: /usr/share/dotnet/shared/Microsoft.NETCore.App/8.0.11/System.Net.Primitives.ni.dll.tmp
[09/17 19:10:27 UTC] Emitting R2R PE file: /usr/share/dotnet/shared/Microsoft.NETCore.App/8.0.11/System.Net.Quic.ni.dll.tmp
[09/17 19:10:28 UTC] Emitting R2R PE file: /usr/share/dotnet/shared/Microsoft.NETCore.App/8.0.11/System.Net.Requests.ni.dll.tmp
[09/17 19:10:30 UTC] Emitting R2R PE file: /usr/share/dotnet/shared/Microsoft.NETCore.App/8.0.11/System.Net.Security.ni.dll.tmp
[09/17 19:10:31 UTC] Emitting R2R PE file: /usr/share/dotnet/shared/Microsoft.NETCore.App/8.0.11/System.Net.ServicePoint.ni.dll.tmp
[09/17 19:10:32 UTC] Emitting R2R PE file: /usr/share/dotnet/shared/Microsoft.NETCore.App/8.0.11/System.Net.Sockets.ni.dll.tmp
[09/17 19:10:33 UTC] Emitting R2R PE file: /usr/share/dotnet/shared/Microsoft.NETCore.App/8.0.11/System.Net.WebClient.ni.dll.tmp
[09/17 19:10:34 UTC] Emitting R2R PE file: /usr/share/dotnet/shared/Microsoft.NETCore.App/8.0.11/System.Net.WebHeaderCollection.ni.dll.tmp
[09/17 19:10:34 UTC] Emitting R2R PE file: /usr/share/dotnet/shared/Microsoft.NETCore.App/8.0.11/System.Net.WebProxy.ni.dll.tmp
[09/17 19:10:35 UTC] Emitting R2R PE file: /usr/share/dotnet/shared/Microsoft.NETCore.App/8.0.11/System.Net.WebSockets.Client.ni.dll.tmp
[09/17 19:10:36 UTC] Emitting R2R PE file: /usr/share/dotnet/shared/Microsoft.NETCore.App/8.0.11/System.Net.WebSockets.ni.dll.tmp
[09/17 19:10:36 UTC] Emitting R2R PE file: /usr/share/dotnet/shared/Microsoft.NETCore.App/8.0.11/System.Net.ni.dll.tmp
[09/17 19:10:36 UTC] Emitting R2R PE file: /usr/share/dotnet/shared/Microsoft.NETCore.App/8.0.11/System.Numerics.Vectors.ni.dll.tmp
[09/17 19:10:36 UTC] Emitting R2R PE file: /usr/share/dotnet/shared/Microsoft.NETCore.App/8.0.11/System.Numerics.ni.dll.tmp
[09/17 19:10:36 UTC] Emitting R2R PE file: /usr/share/dotnet/shared/Microsoft.NETCore.App/8.0.11/System.ObjectModel.ni.dll.tmp
[09/17 19:10:39 UTC] Emitting R2R PE file: /usr/share/dotnet/shared/Microsoft.NETCore.App/8.0.11/System.Private.DataContractSerialization.ni.dll.tmp
[09/17 19:10:40 UTC] Emitting R2R PE file: /usr/share/dotnet/shared/Microsoft.NETCore.App/8.0.11/System.Private.Uri.ni.dll.tmp
[09/17 19:10:41 UTC] Emitting R2R PE file: /usr/share/dotnet/shared/Microsoft.NETCore.App/8.0.11/System.Private.Xml.Linq.ni.dll.tmp
[09/17 19:10:52 UTC] Emitting R2R PE file: /usr/share/dotnet/shared/Microsoft.NETCore.App/8.0.11/System.Private.Xml.ni.dll.tmp
[09/17 19:10:53 UTC] Emitting R2R PE file: /usr/share/dotnet/shared/Microsoft.NETCore.App/8.0.11/System.Reflection.DispatchProxy.ni.dll.tmp
[09/17 19:10:53 UTC] Emitting R2R PE file: /usr/share/dotnet/shared/Microsoft.NETCore.App/8.0.11/System.Reflection.Emit.ILGeneration.ni.dll.tmp
[09/17 19:10:53 UTC] Emitting R2R PE file: /usr/share/dotnet/shared/Microsoft.NETCore.App/8.0.11/System.Reflection.Emit.Lightweight.ni.dll.tmp
[09/17 19:10:54 UTC] Emitting R2R PE file: /usr/share/dotnet/shared/Microsoft.NETCore.App/8.0.11/System.Reflection.Emit.ni.dll.tmp
[09/17 19:10:54 UTC] Emitting R2R PE file: /usr/share/dotnet/shared/Microsoft.NETCore.App/8.0.11/System.Reflection.Extensions.ni.dll.tmp
[09/17 19:10:59 UTC] Emitting R2R PE file: /usr/share/dotnet/shared/Microsoft.NETCore.App/8.0.11/System.Reflection.Metadata.ni.dll.tmp
[09/17 19:10:59 UTC] Emitting R2R PE file: /usr/share/dotnet/shared/Microsoft.NETCore.App/8.0.11/System.Reflection.Primitives.ni.dll.tmp
[09/17 19:10:59 UTC] Emitting R2R PE file: /usr/share/dotnet/shared/Microsoft.NETCore.App/8.0.11/System.Reflection.TypeExtensions.ni.dll.tmp
[09/17 19:10:59 UTC] Emitting R2R PE file: /usr/share/dotnet/shared/Microsoft.NETCore.App/8.0.11/System.Reflection.ni.dll.tmp
[09/17 19:10:59 UTC] Emitting R2R PE file: /usr/share/dotnet/shared/Microsoft.NETCore.App/8.0.11/System.Resources.Reader.ni.dll.tmp
[09/17 19:10:59 UTC] Emitting R2R PE file: /usr/share/dotnet/shared/Microsoft.NETCore.App/8.0.11/System.Resources.ResourceManager.ni.dll.tmp
[09/17 19:11:00 UTC] Emitting R2R PE file: /usr/share/dotnet/shared/Microsoft.NETCore.App/8.0.11/System.Resources.Writer.ni.dll.tmp
[09/17 19:11:00 UTC] Emitting R2R PE file: /usr/share/dotnet/shared/Microsoft.NETCore.App/8.0.11/System.Runtime.CompilerServices.Unsafe.ni.dll.tmp
[09/17 19:11:00 UTC] Emitting R2R PE file: /usr/share/dotnet/shared/Microsoft.NETCore.App/8.0.11/System.Runtime.CompilerServices.VisualC.ni.dll.tmp
[09/17 19:11:00 UTC] Emitting R2R PE file: /usr/share/dotnet/shared/Microsoft.NETCore.App/8.0.11/System.Runtime.Extensions.ni.dll.tmp
[09/17 19:11:00 UTC] Emitting R2R PE file: /usr/share/dotnet/shared/Microsoft.NETCore.App/8.0.11/System.Runtime.Handles.ni.dll.tmp
[09/17 19:11:00 UTC] Emitting R2R PE file: /usr/share/dotnet/shared/Microsoft.NETCore.App/8.0.11/System.Runtime.InteropServices.JavaScript.ni.dll.tmp
[09/17 19:11:00 UTC] Emitting R2R PE file: /usr/share/dotnet/shared/Microsoft.NETCore.App/8.0.11/System.Runtime.InteropServices.RuntimeInformation.ni.dll.tmp
[09/17 19:11:01 UTC] Emitting R2R PE file: /usr/share/dotnet/shared/Microsoft.NETCore.App/8.0.11/System.Runtime.InteropServices.ni.dll.tmp
[09/17 19:11:01 UTC] Emitting R2R PE file: /usr/share/dotnet/shared/Microsoft.NETCore.App/8.0.11/System.Runtime.Intrinsics.ni.dll.tmp
[09/17 19:11:01 UTC] Emitting R2R PE file: /usr/share/dotnet/shared/Microsoft.NETCore.App/8.0.11/System.Runtime.Loader.ni.dll.tmp
[09/17 19:11:01 UTC] Emitting R2R PE file: /usr/share/dotnet/shared/Microsoft.NETCore.App/8.0.11/System.Runtime.Numerics.ni.dll.tmp
[09/17 19:11:02 UTC] Emitting R2R PE file: /usr/share/dotnet/shared/Microsoft.NETCore.App/8.0.11/System.Runtime.Serialization.Formatters.ni.dll.tmp
[09/17 19:11:02 UTC] Emitting R2R PE file: /usr/share/dotnet/shared/Microsoft.NETCore.App/8.0.11/System.Runtime.Serialization.Json.ni.dll.tmp
[09/17 19:11:02 UTC] Emitting R2R PE file: /usr/share/dotnet/shared/Microsoft.NETCore.App/8.0.11/System.Runtime.Serialization.Primitives.ni.dll.tmp
[09/17 19:11:02 UTC] Emitting R2R PE file: /usr/share/dotnet/shared/Microsoft.NETCore.App/8.0.11/System.Runtime.Serialization.Xml.ni.dll.tmp
[09/17 19:11:02 UTC] Emitting R2R PE file: /usr/share/dotnet/shared/Microsoft.NETCore.App/8.0.11/System.Runtime.Serialization.ni.dll.tmp
[09/17 19:11:02 UTC] Emitting R2R PE file: /usr/share/dotnet/shared/Microsoft.NETCore.App/8.0.11/System.Runtime.ni.dll.tmp
[09/17 19:11:02 UTC] Emitting R2R PE file: /usr/share/dotnet/shared/Microsoft.NETCore.App/8.0.11/System.Security.AccessControl.ni.dll.tmp
[09/17 19:11:03 UTC] Emitting R2R PE file: /usr/share/dotnet/shared/Microsoft.NETCore.App/8.0.11/System.Security.Claims.ni.dll.tmp
[09/17 19:11:03 UTC] Emitting R2R PE file: /usr/share/dotnet/shared/Microsoft.NETCore.App/8.0.11/System.Security.Cryptography.Algorithms.ni.dll.tmp
[09/17 19:11:03 UTC] Emitting R2R PE file: /usr/share/dotnet/shared/Microsoft.NETCore.App/8.0.11/System.Security.Cryptography.Cng.ni.dll.tmp
[09/17 19:11:03 UTC] Emitting R2R PE file: /usr/share/dotnet/shared/Microsoft.NETCore.App/8.0.11/System.Security.Cryptography.Csp.ni.dll.tmp
[09/17 19:11:03 UTC] Emitting R2R PE file: /usr/share/dotnet/shared/Microsoft.NETCore.App/8.0.11/System.Security.Cryptography.Encoding.ni.dll.tmp
[09/17 19:11:03 UTC] Emitting R2R PE file: /usr/share/dotnet/shared/Microsoft.NETCore.App/8.0.11/System.Security.Cryptography.OpenSsl.ni.dll.tmp
[09/17 19:11:03 UTC] Emitting R2R PE file: /usr/share/dotnet/shared/Microsoft.NETCore.App/8.0.11/System.Security.Cryptography.Primitives.ni.dll.tmp
[09/17 19:11:03 UTC] Emitting R2R PE file: /usr/share/dotnet/shared/Microsoft.NETCore.App/8.0.11/System.Security.Cryptography.X509Certificates.ni.dll.tmp
[09/17 19:11:06 UTC] Emitting R2R PE file: /usr/share/dotnet/shared/Microsoft.NETCore.App/8.0.11/System.Security.Cryptography.ni.dll.tmp
[09/17 19:11:06 UTC] Emitting R2R PE file: /usr/share/dotnet/shared/Microsoft.NETCore.App/8.0.11/System.Security.Principal.Windows.ni.dll.tmp
[09/17 19:11:06 UTC] Emitting R2R PE file: /usr/share/dotnet/shared/Microsoft.NETCore.App/8.0.11/System.Security.Principal.ni.dll.tmp
[09/17 19:11:06 UTC] Emitting R2R PE file: /usr/share/dotnet/shared/Microsoft.NETCore.App/8.0.11/System.Security.SecureString.ni.dll.tmp
[09/17 19:11:06 UTC] Emitting R2R PE file: /usr/share/dotnet/shared/Microsoft.NETCore.App/8.0.11/System.Security.ni.dll.tmp
[09/17 19:11:06 UTC] Emitting R2R PE file: /usr/share/dotnet/shared/Microsoft.NETCore.App/8.0.11/System.ServiceModel.Web.ni.dll.tmp
[09/17 19:11:06 UTC] Emitting R2R PE file: /usr/share/dotnet/shared/Microsoft.NETCore.App/8.0.11/System.ServiceProcess.ni.dll.tmp
[09/17 19:11:07 UTC] Emitting R2R PE file: /usr/share/dotnet/shared/Microsoft.NETCore.App/8.0.11/System.Text.Encoding.CodePages.ni.dll.tmp
[09/17 19:11:07 UTC] Emitting R2R PE file: /usr/share/dotnet/shared/Microsoft.NETCore.App/8.0.11/System.Text.Encoding.Extensions.ni.dll.tmp
[09/17 19:11:07 UTC] Emitting R2R PE file: /usr/share/dotnet/shared/Microsoft.NETCore.App/8.0.11/System.Text.Encoding.ni.dll.tmp
[09/17 19:11:07 UTC] Emitting R2R PE file: /usr/share/dotnet/shared/Microsoft.NETCore.App/8.0.11/System.Text.Encodings.Web.ni.dll.tmp
[09/17 19:11:10 UTC] Emitting R2R PE file: /usr/share/dotnet/shared/Microsoft.NETCore.App/8.0.11/System.Text.Json.ni.dll.tmp
[09/17 19:11:13 UTC] Emitting R2R PE file: /usr/share/dotnet/shared/Microsoft.NETCore.App/8.0.11/System.Text.RegularExpressions.ni.dll.tmp
[09/17 19:11:14 UTC] Emitting R2R PE file: /usr/share/dotnet/shared/Microsoft.NETCore.App/8.0.11/System.Threading.Channels.ni.dll.tmp
[09/17 19:11:14 UTC] Emitting R2R PE file: /usr/share/dotnet/shared/Microsoft.NETCore.App/8.0.11/System.Threading.Overlapped.ni.dll.tmp
[09/17 19:11:15 UTC] Emitting R2R PE file: /usr/share/dotnet/shared/Microsoft.NETCore.App/8.0.11/System.Threading.Tasks.Dataflow.ni.dll.tmp
[09/17 19:11:15 UTC] Emitting R2R PE file: /usr/share/dotnet/shared/Microsoft.NETCore.App/8.0.11/System.Threading.Tasks.Extensions.ni.dll.tmp
[09/17 19:11:15 UTC] Emitting R2R PE file: /usr/share/dotnet/shared/Microsoft.NETCore.App/8.0.11/System.Threading.Tasks.Parallel.ni.dll.tmp
[09/17 19:11:15 UTC] Emitting R2R PE file: /usr/share/dotnet/shared/Microsoft.NETCore.App/8.0.11/System.Threading.Tasks.ni.dll.tmp
[09/17 19:11:15 UTC] Emitting R2R PE file: /usr/share/dotnet/shared/Microsoft.NETCore.App/8.0.11/System.Threading.Thread.ni.dll.tmp
[09/17 19:11:15 UTC] Emitting R2R PE file: /usr/share/dotnet/shared/Microsoft.NETCore.App/8.0.11/System.Threading.ThreadPool.ni.dll.tmp
[09/17 19:11:15 UTC] Emitting R2R PE file: /usr/share/dotnet/shared/Microsoft.NETCore.App/8.0.11/System.Threading.Timer.ni.dll.tmp
[09/17 19:11:16 UTC] Emitting R2R PE file: /usr/share/dotnet/shared/Microsoft.NETCore.App/8.0.11/System.Threading.ni.dll.tmp
[09/17 19:11:17 UTC] Emitting R2R PE file: /usr/share/dotnet/shared/Microsoft.NETCore.App/8.0.11/System.Transactions.Local.ni.dll.tmp
[09/17 19:11:17 UTC] Emitting R2R PE file: /usr/share/dotnet/shared/Microsoft.NETCore.App/8.0.11/System.Transactions.ni.dll.tmp
[09/17 19:11:17 UTC] Emitting R2R PE file: /usr/share/dotnet/shared/Microsoft.NETCore.App/8.0.11/System.ValueTuple.ni.dll.tmp
[09/17 19:11:17 UTC] Emitting R2R PE file: /usr/share/dotnet/shared/Microsoft.NETCore.App/8.0.11/System.Web.HttpUtility.ni.dll.tmp
[09/17 19:11:17 UTC] Emitting R2R PE file: /usr/share/dotnet/shared/Microsoft.NETCore.App/8.0.11/System.Web.ni.dll.tmp
[09/17 19:11:17 UTC] Emitting R2R PE file: /usr/share/dotnet/shared/Microsoft.NETCore.App/8.0.11/System.Windows.ni.dll.tmp
[09/17 19:11:17 UTC] Emitting R2R PE file: /usr/share/dotnet/shared/Microsoft.NETCore.App/8.0.11/System.Xml.Linq.ni.dll.tmp
[09/17 19:11:17 UTC] Emitting R2R PE file: /usr/share/dotnet/shared/Microsoft.NETCore.App/8.0.11/System.Xml.ReaderWriter.ni.dll.tmp
[09/17 19:11:17 UTC] Emitting R2R PE file: /usr/share/dotnet/shared/Microsoft.NETCore.App/8.0.11/System.Xml.Serialization.ni.dll.tmp
[09/17 19:11:17 UTC] Emitting R2R PE file: /usr/share/dotnet/shared/Microsoft.NETCore.App/8.0.11/System.Xml.XDocument.ni.dll.tmp
[09/17 19:11:17 UTC] Emitting R2R PE file: /usr/share/dotnet/shared/Microsoft.NETCore.App/8.0.11/System.Xml.XPath.XDocument.ni.dll.tmp
[09/17 19:11:17 UTC] Emitting R2R PE file: /usr/share/dotnet/shared/Microsoft.NETCore.App/8.0.11/System.Xml.XPath.ni.dll.tmp
[09/17 19:11:17 UTC] Emitting R2R PE file: /usr/share/dotnet/shared/Microsoft.NETCore.App/8.0.11/System.Xml.XmlDocument.ni.dll.tmp
[09/17 19:11:17 UTC] Emitting R2R PE file: /usr/share/dotnet/shared/Microsoft.NETCore.App/8.0.11/System.Xml.XmlSerializer.ni.dll.tmp
[09/17 19:11:17 UTC] Emitting R2R PE file: /usr/share/dotnet/shared/Microsoft.NETCore.App/8.0.11/System.Xml.ni.dll.tmp
[09/17 19:11:17 UTC] Emitting R2R PE file: /usr/share/dotnet/shared/Microsoft.NETCore.App/8.0.11/System.ni.dll.tmp
[09/17 19:11:17 UTC] Emitting R2R PE file: /usr/share/dotnet/shared/Microsoft.NETCore.App/8.0.11/WindowsBase.ni.dll.tmp
[09/17 19:11:17 UTC] Emitting R2R PE file: /usr/share/dotnet/shared/Microsoft.NETCore.App/8.0.11/mscorlib.ni.dll.tmp
[09/17 19:11:17 UTC] Emitting R2R PE file: /usr/share/dotnet/shared/Microsoft.NETCore.App/8.0.11/netstandard.ni.dll.tmp
[09/17 19:11:17 UTC] Moving R2R PE file: /usr/share/dotnet.tizen/framework/ElmSharp.ni.dll.tmp to /usr/share/dotnet.tizen/framework/ElmSharp.ni.dll
[09/17 19:11:17 UTC] Moving R2R PE file: /usr/share/dotnet.tizen/framework/OpenTK.ni.dll.tmp to /usr/share/dotnet.tizen/framework/OpenTK.ni.dll
[09/17 19:11:17 UTC] Moving R2R PE file: /usr/share/dotnet.tizen/framework/Tizen.AIAvatar.ni.dll.tmp to /usr/share/dotnet.tizen/framework/Tizen.AIAvatar.ni.dll
[09/17 19:11:17 UTC] Moving R2R PE file: /usr/share/dotnet.tizen/framework/Tizen.Account.AccountManager.ni.dll.tmp to /usr/share/dotnet.tizen/framework/Tizen.Account.AccountManager.ni.dll
[09/17 19:11:17 UTC] Moving R2R PE file: /usr/share/dotnet.tizen/framework/Tizen.Account.OAuth2.ni.dll.tmp to /usr/share/dotnet.tizen/framework/Tizen.Account.OAuth2.ni.dll
[09/17 19:11:17 UTC] Moving R2R PE file: /usr/share/dotnet.tizen/framework/Tizen.Account.SyncManager.ni.dll.tmp to /usr/share/dotnet.tizen/framework/Tizen.Account.SyncManager.ni.dll
[09/17 19:11:17 UTC] Moving R2R PE file: /usr/share/dotnet.tizen/framework/Tizen.Applications.Alarm.ni.dll.tmp to /usr/share/dotnet.tizen/framework/Tizen.Applications.Alarm.ni.dll
[09/17 19:11:17 UTC] Moving R2R PE file: /usr/share/dotnet.tizen/framework/Tizen.Applications.Cion.ni.dll.tmp to /usr/share/dotnet.tizen/framework/Tizen.Applications.Cion.ni.dll
[09/17 19:11:17 UTC] Moving R2R PE file: /usr/share/dotnet.tizen/framework/Tizen.Applications.Common.ni.dll.tmp to /usr/share/dotnet.tizen/framework/Tizen.Applications.Common.ni.dll
[09/17 19:11:17 UTC] Moving R2R PE file: /usr/share/dotnet.tizen/framework/Tizen.Applications.ComponentBased.ComponentManager.ni.dll.tmp to /usr/share/dotnet.tizen/framework/Tizen.Applications.ComponentBased.ComponentManager.ni.dll
[09/17 19:11:17 UTC] Moving R2R PE file: /usr/share/dotnet.tizen/framework/Tizen.Applications.ComponentBased.Port.ni.dll.tmp to /usr/share/dotnet.tizen/framework/Tizen.Applications.ComponentBased.Port.ni.dll
[09/17 19:11:17 UTC] Moving R2R PE file: /usr/share/dotnet.tizen/framework/Tizen.Applications.ComponentBased.ni.dll.tmp to /usr/share/dotnet.tizen/framework/Tizen.Applications.ComponentBased.ni.dll
[09/17 19:11:17 UTC] Moving R2R PE file: /usr/share/dotnet.tizen/framework/Tizen.Applications.DataControl.ni.dll.tmp to /usr/share/dotnet.tizen/framework/Tizen.Applications.DataControl.ni.dll
[09/17 19:11:17 UTC] Moving R2R PE file: /usr/share/dotnet.tizen/framework/Tizen.Applications.EventManager.ni.dll.tmp to /usr/share/dotnet.tizen/framework/Tizen.Applications.EventManager.ni.dll
[09/17 19:11:17 UTC] Moving R2R PE file: /usr/share/dotnet.tizen/framework/Tizen.Applications.MessagePort.ni.dll.tmp to /usr/share/dotnet.tizen/framework/Tizen.Applications.MessagePort.ni.dll
[09/17 19:11:17 UTC] Moving R2R PE file: /usr/share/dotnet.tizen/framework/Tizen.Applications.Notification.ni.dll.tmp to /usr/share/dotnet.tizen/framework/Tizen.Applications.Notification.ni.dll
[09/17 19:11:17 UTC] Moving R2R PE file: /usr/share/dotnet.tizen/framework/Tizen.Applications.NotificationEventListener.ni.dll.tmp to /usr/share/dotnet.tizen/framework/Tizen.Applications.NotificationEventListener.ni.dll
[09/17 19:11:17 UTC] Moving R2R PE file: /usr/share/dotnet.tizen/framework/Tizen.Applications.PackageManager.ni.dll.tmp to /usr/share/dotnet.tizen/framework/Tizen.Applications.PackageManager.ni.dll
[09/17 19:11:17 UTC] Moving R2R PE file: /usr/share/dotnet.tizen/framework/Tizen.Applications.Preference.ni.dll.tmp to /usr/share/dotnet.tizen/framework/Tizen.Applications.Preference.ni.dll
[09/17 19:11:17 UTC] Moving R2R PE file: /usr/share/dotnet.tizen/framework/Tizen.Applications.Service.ni.dll.tmp to /usr/share/dotnet.tizen/framework/Tizen.Applications.Service.ni.dll
[09/17 19:11:17 UTC] Moving R2R PE file: /usr/share/dotnet.tizen/framework/Tizen.Applications.ThemeManager.ni.dll.tmp to /usr/share/dotnet.tizen/framework/Tizen.Applications.ThemeManager.ni.dll
[09/17 19:11:17 UTC] Moving R2R PE file: /usr/share/dotnet.tizen/framework/Tizen.Applications.ToastMessage.ni.dll.tmp to /usr/share/dotnet.tizen/framework/Tizen.Applications.ToastMessage.ni.dll
[09/17 19:11:17 UTC] Moving R2R PE file: /usr/share/dotnet.tizen/framework/Tizen.Applications.UI.ni.dll.tmp to /usr/share/dotnet.tizen/framework/Tizen.Applications.UI.ni.dll
[09/17 19:11:17 UTC] Moving R2R PE file: /usr/share/dotnet.tizen/framework/Tizen.Applications.UIGadget.ni.dll.tmp to /usr/share/dotnet.tizen/framework/Tizen.Applications.UIGadget.ni.dll
[09/17 19:11:17 UTC] Moving R2R PE file: /usr/share/dotnet.tizen/framework/Tizen.Applications.WidgetControl.ni.dll.tmp to /usr/share/dotnet.tizen/framework/Tizen.Applications.WidgetControl.ni.dll
[09/17 19:11:17 UTC] Moving R2R PE file: /usr/share/dotnet.tizen/framework/Tizen.Content.Download.ni.dll.tmp to /usr/share/dotnet.tizen/framework/Tizen.Content.Download.ni.dll
[09/17 19:11:17 UTC] Moving R2R PE file: /usr/share/dotnet.tizen/framework/Tizen.Content.MediaContent.ni.dll.tmp to /usr/share/dotnet.tizen/framework/Tizen.Content.MediaContent.ni.dll
[09/17 19:11:17 UTC] Moving R2R PE file: /usr/share/dotnet.tizen/framework/Tizen.Content.MimeType.ni.dll.tmp to /usr/share/dotnet.tizen/framework/Tizen.Content.MimeType.ni.dll
[09/17 19:11:17 UTC] Moving R2R PE file: /usr/share/dotnet.tizen/framework/Tizen.Context.ni.dll.tmp to /usr/share/dotnet.tizen/framework/Tizen.Context.ni.dll
[09/17 19:11:17 UTC] Moving R2R PE file: /usr/share/dotnet.tizen/framework/Tizen.Core.ni.dll.tmp to /usr/share/dotnet.tizen/framework/Tizen.Core.ni.dll
[09/17 19:11:17 UTC] Moving R2R PE file: /usr/share/dotnet.tizen/framework/Tizen.Data.Tdbc.Driver.Sqlite.ni.dll.tmp to /usr/share/dotnet.tizen/framework/Tizen.Data.Tdbc.Driver.Sqlite.ni.dll
[09/17 19:11:17 UTC] Moving R2R PE file: /usr/share/dotnet.tizen/framework/Tizen.Data.Tdbc.ni.dll.tmp to /usr/share/dotnet.tizen/framework/Tizen.Data.Tdbc.ni.dll
[09/17 19:11:17 UTC] Moving R2R PE file: /usr/share/dotnet.tizen/framework/Tizen.Inspections.ni.dll.tmp to /usr/share/dotnet.tizen/framework/Tizen.Inspections.ni.dll
[09/17 19:11:17 UTC] Moving R2R PE file: /usr/share/dotnet.tizen/framework/Tizen.Location.ni.dll.tmp to /usr/share/dotnet.tizen/framework/Tizen.Location.ni.dll
[09/17 19:11:17 UTC] Moving R2R PE file: /usr/share/dotnet.tizen/framework/Tizen.Log.ni.dll.tmp to /usr/share/dotnet.tizen/framework/Tizen.Log.ni.dll
[09/17 19:11:17 UTC] Moving R2R PE file: /usr/share/dotnet.tizen/framework/Tizen.MachineLearning.Inference.ni.dll.tmp to /usr/share/dotnet.tizen/framework/Tizen.MachineLearning.Inference.ni.dll
[09/17 19:11:17 UTC] Moving R2R PE file: /usr/share/dotnet.tizen/framework/Tizen.MachineLearning.Train.ni.dll.tmp to /usr/share/dotnet.tizen/framework/Tizen.MachineLearning.Train.ni.dll
[09/17 19:11:17 UTC] Moving R2R PE file: /usr/share/dotnet.tizen/framework/Tizen.Messaging.Push.ni.dll.tmp to /usr/share/dotnet.tizen/framework/Tizen.Messaging.Push.ni.dll
[09/17 19:11:17 UTC] Moving R2R PE file: /usr/share/dotnet.tizen/framework/Tizen.Multimedia.AudioIO.ni.dll.tmp to /usr/share/dotnet.tizen/framework/Tizen.Multimedia.AudioIO.ni.dll
[09/17 19:11:17 UTC] Moving R2R PE file: /usr/share/dotnet.tizen/framework/Tizen.Multimedia.Camera.ni.dll.tmp to /usr/share/dotnet.tizen/framework/Tizen.Multimedia.Camera.ni.dll
[09/17 19:11:17 UTC] Moving R2R PE file: /usr/share/dotnet.tizen/framework/Tizen.Multimedia.MediaCodec.ni.dll.tmp to /usr/share/dotnet.tizen/framework/Tizen.Multimedia.MediaCodec.ni.dll
[09/17 19:11:17 UTC] Moving R2R PE file: /usr/share/dotnet.tizen/framework/Tizen.Multimedia.MediaPlayer.ni.dll.tmp to /usr/share/dotnet.tizen/framework/Tizen.Multimedia.MediaPlayer.ni.dll
[09/17 19:11:17 UTC] Moving R2R PE file: /usr/share/dotnet.tizen/framework/Tizen.Multimedia.Metadata.ni.dll.tmp to /usr/share/dotnet.tizen/framework/Tizen.Multimedia.Metadata.ni.dll
[09/17 19:11:17 UTC] Moving R2R PE file: /usr/share/dotnet.tizen/framework/Tizen.Multimedia.Recorder.ni.dll.tmp to /usr/share/dotnet.tizen/framework/Tizen.Multimedia.Recorder.ni.dll
[09/17 19:11:17 UTC] Moving R2R PE file: /usr/share/dotnet.tizen/framework/Tizen.Multimedia.Remoting.ni.dll.tmp to /usr/share/dotnet.tizen/framework/Tizen.Multimedia.Remoting.ni.dll
[09/17 19:11:17 UTC] Moving R2R PE file: /usr/share/dotnet.tizen/framework/Tizen.Multimedia.Util.ni.dll.tmp to /usr/share/dotnet.tizen/framework/Tizen.Multimedia.Util.ni.dll
[09/17 19:11:17 UTC] Moving R2R PE file: /usr/share/dotnet.tizen/framework/Tizen.Multimedia.Vision.ni.dll.tmp to /usr/share/dotnet.tizen/framework/Tizen.Multimedia.Vision.ni.dll
[09/17 19:11:17 UTC] Moving R2R PE file: /usr/share/dotnet.tizen/framework/Tizen.Multimedia.ni.dll.tmp to /usr/share/dotnet.tizen/framework/Tizen.Multimedia.ni.dll
[09/17 19:11:17 UTC] Moving R2R PE file: /usr/share/dotnet.tizen/framework/Tizen.NUI.AIAvatar.ni.dll.tmp to /usr/share/dotnet.tizen/framework/Tizen.NUI.AIAvatar.ni.dll
[09/17 19:11:17 UTC] Moving R2R PE file: /usr/share/dotnet.tizen/framework/Tizen.NUI.Components.ni.dll.tmp to /usr/share/dotnet.tizen/framework/Tizen.NUI.Components.ni.dll
[09/17 19:11:17 UTC] Moving R2R PE file: /usr/share/dotnet.tizen/framework/Tizen.NUI.Extension.ni.dll.tmp to /usr/share/dotnet.tizen/framework/Tizen.NUI.Extension.ni.dll
[09/17 19:11:17 UTC] Moving R2R PE file: /usr/share/dotnet.tizen/framework/Tizen.NUI.Gadget.ni.dll.tmp to /usr/share/dotnet.tizen/framework/Tizen.NUI.Gadget.ni.dll
[09/17 19:11:17 UTC] Moving R2R PE file: /usr/share/dotnet.tizen/framework/Tizen.NUI.Scene3D.ni.dll.tmp to /usr/share/dotnet.tizen/framework/Tizen.NUI.Scene3D.ni.dll
[09/17 19:11:17 UTC] Moving R2R PE file: /usr/share/dotnet.tizen/framework/Tizen.NUI.WindowSystem.ni.dll.tmp to /usr/share/dotnet.tizen/framework/Tizen.NUI.WindowSystem.ni.dll
[09/17 19:11:17 UTC] Moving R2R PE file: /usr/share/dotnet.tizen/framework/Tizen.NUI.ni.dll.tmp to /usr/share/dotnet.tizen/framework/Tizen.NUI.ni.dll
[09/17 19:11:17 UTC] Moving R2R PE file: /usr/share/dotnet.tizen/framework/Tizen.Network.Bluetooth.ni.dll.tmp to /usr/share/dotnet.tizen/framework/Tizen.Network.Bluetooth.ni.dll
[09/17 19:11:17 UTC] Moving R2R PE file: /usr/share/dotnet.tizen/framework/Tizen.Network.Connection.ni.dll.tmp to /usr/share/dotnet.tizen/framework/Tizen.Network.Connection.ni.dll
[09/17 19:11:17 UTC] Moving R2R PE file: /usr/share/dotnet.tizen/framework/Tizen.Network.IoTConnectivity.ni.dll.tmp to /usr/share/dotnet.tizen/framework/Tizen.Network.IoTConnectivity.ni.dll
[09/17 19:11:17 UTC] Moving R2R PE file: /usr/share/dotnet.tizen/framework/Tizen.Network.Nsd.ni.dll.tmp to /usr/share/dotnet.tizen/framework/Tizen.Network.Nsd.ni.dll
[09/17 19:11:17 UTC] Moving R2R PE file: /usr/share/dotnet.tizen/framework/Tizen.Network.Stc.ni.dll.tmp to /usr/share/dotnet.tizen/framework/Tizen.Network.Stc.ni.dll
[09/17 19:11:17 UTC] Moving R2R PE file: /usr/share/dotnet.tizen/framework/Tizen.Network.WiFi.ni.dll.tmp to /usr/share/dotnet.tizen/framework/Tizen.Network.WiFi.ni.dll
[09/17 19:11:17 UTC] Moving R2R PE file: /usr/share/dotnet.tizen/framework/Tizen.Network.WiFiDirect.ni.dll.tmp to /usr/share/dotnet.tizen/framework/Tizen.Network.WiFiDirect.ni.dll
[09/17 19:11:17 UTC] Moving R2R PE file: /usr/share/dotnet.tizen/framework/Tizen.Peripheral.ni.dll.tmp to /usr/share/dotnet.tizen/framework/Tizen.Peripheral.ni.dll
[09/17 19:11:17 UTC] Moving R2R PE file: /usr/share/dotnet.tizen/framework/Tizen.Pims.Calendar.ni.dll.tmp to /usr/share/dotnet.tizen/framework/Tizen.Pims.Calendar.ni.dll
[09/17 19:11:17 UTC] Moving R2R PE file: /usr/share/dotnet.tizen/framework/Tizen.Pims.Contacts.ni.dll.tmp to /usr/share/dotnet.tizen/framework/Tizen.Pims.Contacts.ni.dll
[09/17 19:11:17 UTC] Moving R2R PE file: /usr/share/dotnet.tizen/framework/Tizen.Runtime.ni.dll.tmp to /usr/share/dotnet.tizen/framework/Tizen.Runtime.ni.dll
[09/17 19:11:17 UTC] Moving R2R PE file: /usr/share/dotnet.tizen/framework/Tizen.Security.PrivacyPrivilegeManager.ni.dll.tmp to /usr/share/dotnet.tizen/framework/Tizen.Security.PrivacyPrivilegeManager.ni.dll
[09/17 19:11:17 UTC] Moving R2R PE file: /usr/share/dotnet.tizen/framework/Tizen.Security.SecureRepository.ni.dll.tmp to /usr/share/dotnet.tizen/framework/Tizen.Security.SecureRepository.ni.dll
[09/17 19:11:17 UTC] Moving R2R PE file: /usr/share/dotnet.tizen/framework/Tizen.Security.WebAuthn.ni.dll.tmp to /usr/share/dotnet.tizen/framework/Tizen.Security.WebAuthn.ni.dll
[09/17 19:11:17 UTC] Moving R2R PE file: /usr/share/dotnet.tizen/framework/Tizen.Security.ni.dll.tmp to /usr/share/dotnet.tizen/framework/Tizen.Security.ni.dll
[09/17 19:11:17 UTC] Moving R2R PE file: /usr/share/dotnet.tizen/framework/Tizen.Sensor.ni.dll.tmp to /usr/share/dotnet.tizen/framework/Tizen.Sensor.ni.dll
[09/17 19:11:17 UTC] Moving R2R PE file: /usr/share/dotnet.tizen/framework/Tizen.System.Feedback.ni.dll.tmp to /usr/share/dotnet.tizen/framework/Tizen.System.Feedback.ni.dll
[09/17 19:11:17 UTC] Moving R2R PE file: /usr/share/dotnet.tizen/framework/Tizen.System.Information.ni.dll.tmp to /usr/share/dotnet.tizen/framework/Tizen.System.Information.ni.dll
[09/17 19:11:17 UTC] Moving R2R PE file: /usr/share/dotnet.tizen/framework/Tizen.System.MediaKey.ni.dll.tmp to /usr/share/dotnet.tizen/framework/Tizen.System.MediaKey.ni.dll
[09/17 19:11:17 UTC] Moving R2R PE file: /usr/share/dotnet.tizen/framework/Tizen.System.PlatformConfig.ni.dll.tmp to /usr/share/dotnet.tizen/framework/Tizen.System.PlatformConfig.ni.dll
[09/17 19:11:17 UTC] Moving R2R PE file: /usr/share/dotnet.tizen/framework/Tizen.System.Session.ni.dll.tmp to /usr/share/dotnet.tizen/framework/Tizen.System.Session.ni.dll
[09/17 19:11:17 UTC] Moving R2R PE file: /usr/share/dotnet.tizen/framework/Tizen.System.Storage.ni.dll.tmp to /usr/share/dotnet.tizen/framework/Tizen.System.Storage.ni.dll
[09/17 19:11:17 UTC] Moving R2R PE file: /usr/share/dotnet.tizen/framework/Tizen.System.SystemSettings.ni.dll.tmp to /usr/share/dotnet.tizen/framework/Tizen.System.SystemSettings.ni.dll
[09/17 19:11:17 UTC] Moving R2R PE file: /usr/share/dotnet.tizen/framework/Tizen.System.Usb.ni.dll.tmp to /usr/share/dotnet.tizen/framework/Tizen.System.Usb.ni.dll
[09/17 19:11:17 UTC] Moving R2R PE file: /usr/share/dotnet.tizen/framework/Tizen.System.ni.dll.tmp to /usr/share/dotnet.tizen/framework/Tizen.System.ni.dll
[09/17 19:11:17 UTC] Moving R2R PE file: /usr/share/dotnet.tizen/framework/Tizen.Tracer.ni.dll.tmp to /usr/share/dotnet.tizen/framework/Tizen.Tracer.ni.dll
[09/17 19:11:17 UTC] Moving R2R PE file: /usr/share/dotnet.tizen/framework/Tizen.Uix.InputMethod.ni.dll.tmp to /usr/share/dotnet.tizen/framework/Tizen.Uix.InputMethod.ni.dll
[09/17 19:11:17 UTC] Moving R2R PE file: /usr/share/dotnet.tizen/framework/Tizen.Uix.InputMethodManager.ni.dll.tmp to /usr/share/dotnet.tizen/framework/Tizen.Uix.InputMethodManager.ni.dll
[09/17 19:11:17 UTC] Moving R2R PE file: /usr/share/dotnet.tizen/framework/Tizen.Uix.Sticker.ni.dll.tmp to /usr/share/dotnet.tizen/framework/Tizen.Uix.Sticker.ni.dll
[09/17 19:11:17 UTC] Moving R2R PE file: /usr/share/dotnet.tizen/framework/Tizen.Uix.Stt.ni.dll.tmp to /usr/share/dotnet.tizen/framework/Tizen.Uix.Stt.ni.dll
[09/17 19:11:17 UTC] Moving R2R PE file: /usr/share/dotnet.tizen/framework/Tizen.Uix.SttEngine.ni.dll.tmp to /usr/share/dotnet.tizen/framework/Tizen.Uix.SttEngine.ni.dll
[09/17 19:11:17 UTC] Moving R2R PE file: /usr/share/dotnet.tizen/framework/Tizen.Uix.Tts.ni.dll.tmp to /usr/share/dotnet.tizen/framework/Tizen.Uix.Tts.ni.dll
[09/17 19:11:17 UTC] Moving R2R PE file: /usr/share/dotnet.tizen/framework/Tizen.Uix.TtsEngine.ni.dll.tmp to /usr/share/dotnet.tizen/framework/Tizen.Uix.TtsEngine.ni.dll
[09/17 19:11:17 UTC] Moving R2R PE file: /usr/share/dotnet.tizen/framework/Tizen.Uix.VoiceControl.ni.dll.tmp to /usr/share/dotnet.tizen/framework/Tizen.Uix.VoiceControl.ni.dll
[09/17 19:11:17 UTC] Moving R2R PE file: /usr/share/dotnet.tizen/framework/Tizen.Uix.VoiceControlManager.ni.dll.tmp to /usr/share/dotnet.tizen/framework/Tizen.Uix.VoiceControlManager.ni.dll
[09/17 19:11:17 UTC] Moving R2R PE file: /usr/share/dotnet.tizen/framework/Tizen.WindowSystem.ni.dll.tmp to /usr/share/dotnet.tizen/framework/Tizen.WindowSystem.ni.dll
[09/17 19:11:17 UTC] Moving R2R PE file: /usr/share/dotnet.tizen/framework/Tizen.ni.dll.tmp to /usr/share/dotnet.tizen/framework/Tizen.ni.dll
[09/17 19:11:17 UTC] Moving R2R PE file: /usr/share/dotnet/shared/Microsoft.NETCore.App/8.0.11/Microsoft.CSharp.ni.dll.tmp to /usr/share/dotnet/shared/Microsoft.NETCore.App/8.0.11/Microsoft.CSharp.ni.dll
[09/17 19:11:17 UTC] Moving R2R PE file: /usr/share/dotnet/shared/Microsoft.NETCore.App/8.0.11/Microsoft.VisualBasic.Core.ni.dll.tmp to /usr/share/dotnet/shared/Microsoft.NETCore.App/8.0.11/Microsoft.VisualBasic.Core.ni.dll
[09/17 19:11:17 UTC] Moving R2R PE file: /usr/share/dotnet/shared/Microsoft.NETCore.App/8.0.11/Microsoft.VisualBasic.ni.dll.tmp to /usr/share/dotnet/shared/Microsoft.NETCore.App/8.0.11/Microsoft.VisualBasic.ni.dll
[09/17 19:11:17 UTC] Moving R2R PE file: /usr/share/dotnet/shared/Microsoft.NETCore.App/8.0.11/Microsoft.Win32.Primitives.ni.dll.tmp to /usr/share/dotnet/shared/Microsoft.NETCore.App/8.0.11/Microsoft.Win32.Primitives.ni.dll
[09/17 19:11:17 UTC] Moving R2R PE file: /usr/share/dotnet/shared/Microsoft.NETCore.App/8.0.11/Microsoft.Win32.Registry.ni.dll.tmp to /usr/share/dotnet/shared/Microsoft.NETCore.App/8.0.11/Microsoft.Win32.Registry.ni.dll
[09/17 19:11:17 UTC] Moving R2R PE file: /usr/share/dotnet/shared/Microsoft.NETCore.App/8.0.11/System.AppContext.ni.dll.tmp to /usr/share/dotnet/shared/Microsoft.NETCore.App/8.0.11/System.AppContext.ni.dll
[09/17 19:11:17 UTC] Moving R2R PE file: /usr/share/dotnet/shared/Microsoft.NETCore.App/8.0.11/System.Buffers.ni.dll.tmp to /usr/share/dotnet/shared/Microsoft.NETCore.App/8.0.11/System.Buffers.ni.dll
[09/17 19:11:17 UTC] Moving R2R PE file: /usr/share/dotnet/shared/Microsoft.NETCore.App/8.0.11/System.Collections.Concurrent.ni.dll.tmp to /usr/share/dotnet/shared/Microsoft.NETCore.App/8.0.11/System.Collections.Concurrent.ni.dll
[09/17 19:11:17 UTC] Moving R2R PE file: /usr/share/dotnet/shared/Microsoft.NETCore.App/8.0.11/System.Collections.Immutable.ni.dll.tmp to /usr/share/dotnet/shared/Microsoft.NETCore.App/8.0.11/System.Collections.Immutable.ni.dll
[09/17 19:11:17 UTC] Moving R2R PE file: /usr/share/dotnet/shared/Microsoft.NETCore.App/8.0.11/System.Collections.NonGeneric.ni.dll.tmp to /usr/share/dotnet/shared/Microsoft.NETCore.App/8.0.11/System.Collections.NonGeneric.ni.dll
[09/17 19:11:17 UTC] Moving R2R PE file: /usr/share/dotnet/shared/Microsoft.NETCore.App/8.0.11/System.Collections.Specialized.ni.dll.tmp to /usr/share/dotnet/shared/Microsoft.NETCore.App/8.0.11/System.Collections.Specialized.ni.dll
[09/17 19:11:17 UTC] Moving R2R PE file: /usr/share/dotnet/shared/Microsoft.NETCore.App/8.0.11/System.Collections.ni.dll.tmp to /usr/share/dotnet/shared/Microsoft.NETCore.App/8.0.11/System.Collections.ni.dll
[09/17 19:11:17 UTC] Moving R2R PE file: /usr/share/dotnet/shared/Microsoft.NETCore.App/8.0.11/System.ComponentModel.Annotations.ni.dll.tmp to /usr/share/dotnet/shared/Microsoft.NETCore.App/8.0.11/System.ComponentModel.Annotations.ni.dll
[09/17 19:11:17 UTC] Moving R2R PE file: /usr/share/dotnet/shared/Microsoft.NETCore.App/8.0.11/System.ComponentModel.DataAnnotations.ni.dll.tmp to /usr/share/dotnet/shared/Microsoft.NETCore.App/8.0.11/System.ComponentModel.DataAnnotations.ni.dll
[09/17 19:11:17 UTC] Moving R2R PE file: /usr/share/dotnet/shared/Microsoft.NETCore.App/8.0.11/System.ComponentModel.EventBasedAsync.ni.dll.tmp to /usr/share/dotnet/shared/Microsoft.NETCore.App/8.0.11/System.ComponentModel.EventBasedAsync.ni.dll
[09/17 19:11:17 UTC] Moving R2R PE file: /usr/share/dotnet/shared/Microsoft.NETCore.App/8.0.11/System.ComponentModel.Primitives.ni.dll.tmp to /usr/share/dotnet/shared/Microsoft.NETCore.App/8.0.11/System.ComponentModel.Primitives.ni.dll
[09/17 19:11:17 UTC] Moving R2R PE file: /usr/share/dotnet/shared/Microsoft.NETCore.App/8.0.11/System.ComponentModel.TypeConverter.ni.dll.tmp to /usr/share/dotnet/shared/Microsoft.NETCore.App/8.0.11/System.ComponentModel.TypeConverter.ni.dll
[09/17 19:11:17 UTC] Moving R2R PE file: /usr/share/dotnet/shared/Microsoft.NETCore.App/8.0.11/System.ComponentModel.ni.dll.tmp to /usr/share/dotnet/shared/Microsoft.NETCore.App/8.0.11/System.ComponentModel.ni.dll
[09/17 19:11:17 UTC] Moving R2R PE file: /usr/share/dotnet/shared/Microsoft.NETCore.App/8.0.11/System.Configuration.ni.dll.tmp to /usr/share/dotnet/shared/Microsoft.NETCore.App/8.0.11/System.Configuration.ni.dll
[09/17 19:11:17 UTC] Moving R2R PE file: /usr/share/dotnet/shared/Microsoft.NETCore.App/8.0.11/System.Console.ni.dll.tmp to /usr/share/dotnet/shared/Microsoft.NETCore.App/8.0.11/System.Console.ni.dll
[09/17 19:11:17 UTC] Moving R2R PE file: /usr/share/dotnet/shared/Microsoft.NETCore.App/8.0.11/System.Core.ni.dll.tmp to /usr/share/dotnet/shared/Microsoft.NETCore.App/8.0.11/System.Core.ni.dll
[09/17 19:11:17 UTC] Moving R2R PE file: /usr/share/dotnet/shared/Microsoft.NETCore.App/8.0.11/System.Data.Common.ni.dll.tmp to /usr/share/dotnet/shared/Microsoft.NETCore.App/8.0.11/System.Data.Common.ni.dll
[09/17 19:11:17 UTC] Moving R2R PE file: /usr/share/dotnet/shared/Microsoft.NETCore.App/8.0.11/System.Data.DataSetExtensions.ni.dll.tmp to /usr/share/dotnet/shared/Microsoft.NETCore.App/8.0.11/System.Data.DataSetExtensions.ni.dll
[09/17 19:11:17 UTC] Moving R2R PE file: /usr/share/dotnet/shared/Microsoft.NETCore.App/8.0.11/System.Data.ni.dll.tmp to /usr/share/dotnet/shared/Microsoft.NETCore.App/8.0.11/System.Data.ni.dll
[09/17 19:11:17 UTC] Moving R2R PE file: /usr/share/dotnet/shared/Microsoft.NETCore.App/8.0.11/System.Diagnostics.Contracts.ni.dll.tmp to /usr/share/dotnet/shared/Microsoft.NETCore.App/8.0.11/System.Diagnostics.Contracts.ni.dll
[09/17 19:11:17 UTC] Moving R2R PE file: /usr/share/dotnet/shared/Microsoft.NETCore.App/8.0.11/System.Diagnostics.Debug.ni.dll.tmp to /usr/share/dotnet/shared/Microsoft.NETCore.App/8.0.11/System.Diagnostics.Debug.ni.dll
[09/17 19:11:17 UTC] Moving R2R PE file: /usr/share/dotnet/shared/Microsoft.NETCore.App/8.0.11/System.Diagnostics.DiagnosticSource.ni.dll.tmp to /usr/share/dotnet/shared/Microsoft.NETCore.App/8.0.11/System.Diagnostics.DiagnosticSource.ni.dll
[09/17 19:11:17 UTC] Moving R2R PE file: /usr/share/dotnet/shared/Microsoft.NETCore.App/8.0.11/System.Diagnostics.FileVersionInfo.ni.dll.tmp to /usr/share/dotnet/shared/Microsoft.NETCore.App/8.0.11/System.Diagnostics.FileVersionInfo.ni.dll
[09/17 19:11:17 UTC] Moving R2R PE file: /usr/share/dotnet/shared/Microsoft.NETCore.App/8.0.11/System.Diagnostics.Process.ni.dll.tmp to /usr/share/dotnet/shared/Microsoft.NETCore.App/8.0.11/System.Diagnostics.Process.ni.dll
[09/17 19:11:17 UTC] Moving R2R PE file: /usr/share/dotnet/shared/Microsoft.NETCore.App/8.0.11/System.Diagnostics.StackTrace.ni.dll.tmp to /usr/share/dotnet/shared/Microsoft.NETCore.App/8.0.11/System.Diagnostics.StackTrace.ni.dll
[09/17 19:11:17 UTC] Moving R2R PE file: /usr/share/dotnet/shared/Microsoft.NETCore.App/8.0.11/System.Diagnostics.TextWriterTraceListener.ni.dll.tmp to /usr/share/dotnet/shared/Microsoft.NETCore.App/8.0.11/System.Diagnostics.TextWriterTraceListener.ni.dll
[09/17 19:11:17 UTC] Moving R2R PE file: /usr/share/dotnet/shared/Microsoft.NETCore.App/8.0.11/System.Diagnostics.Tools.ni.dll.tmp to /usr/share/dotnet/shared/Microsoft.NETCore.App/8.0.11/System.Diagnostics.Tools.ni.dll
[09/17 19:11:17 UTC] Moving R2R PE file: /usr/share/dotnet/shared/Microsoft.NETCore.App/8.0.11/System.Diagnostics.TraceSource.ni.dll.tmp to /usr/share/dotnet/shared/Microsoft.NETCore.App/8.0.11/System.Diagnostics.TraceSource.ni.dll
[09/17 19:11:17 UTC] Moving R2R PE file: /usr/share/dotnet/shared/Microsoft.NETCore.App/8.0.11/System.Diagnostics.Tracing.ni.dll.tmp to /usr/share/dotnet/shared/Microsoft.NETCore.App/8.0.11/System.Diagnostics.Tracing.ni.dll
[09/17 19:11:17 UTC] Moving R2R PE file: /usr/share/dotnet/shared/Microsoft.NETCore.App/8.0.11/System.Drawing.Primitives.ni.dll.tmp to /usr/share/dotnet/shared/Microsoft.NETCore.App/8.0.11/System.Drawing.Primitives.ni.dll
[09/17 19:11:17 UTC] Moving R2R PE file: /usr/share/dotnet/shared/Microsoft.NETCore.App/8.0.11/System.Drawing.ni.dll.tmp to /usr/share/dotnet/shared/Microsoft.NETCore.App/8.0.11/System.Drawing.ni.dll
[09/17 19:11:17 UTC] Moving R2R PE file: /usr/share/dotnet/shared/Microsoft.NETCore.App/8.0.11/System.Dynamic.Runtime.ni.dll.tmp to /usr/share/dotnet/shared/Microsoft.NETCore.App/8.0.11/System.Dynamic.Runtime.ni.dll
[09/17 19:11:17 UTC] Moving R2R PE file: /usr/share/dotnet/shared/Microsoft.NETCore.App/8.0.11/System.Formats.Asn1.ni.dll.tmp to /usr/share/dotnet/shared/Microsoft.NETCore.App/8.0.11/System.Formats.Asn1.ni.dll
[09/17 19:11:17 UTC] Moving R2R PE file: /usr/share/dotnet/shared/Microsoft.NETCore.App/8.0.11/System.Formats.Tar.ni.dll.tmp to /usr/share/dotnet/shared/Microsoft.NETCore.App/8.0.11/System.Formats.Tar.ni.dll
[09/17 19:11:17 UTC] Moving R2R PE file: /usr/share/dotnet/shared/Microsoft.NETCore.App/8.0.11/System.Globalization.Calendars.ni.dll.tmp to /usr/share/dotnet/shared/Microsoft.NETCore.App/8.0.11/System.Globalization.Calendars.ni.dll
[09/17 19:11:17 UTC] Moving R2R PE file: /usr/share/dotnet/shared/Microsoft.NETCore.App/8.0.11/System.Globalization.Extensions.ni.dll.tmp to /usr/share/dotnet/shared/Microsoft.NETCore.App/8.0.11/System.Globalization.Extensions.ni.dll
[09/17 19:11:17 UTC] Moving R2R PE file: /usr/share/dotnet/shared/Microsoft.NETCore.App/8.0.11/System.Globalization.ni.dll.tmp to /usr/share/dotnet/shared/Microsoft.NETCore.App/8.0.11/System.Globalization.ni.dll
[09/17 19:11:17 UTC] Moving R2R PE file: /usr/share/dotnet/shared/Microsoft.NETCore.App/8.0.11/System.IO.Compression.Brotli.ni.dll.tmp to /usr/share/dotnet/shared/Microsoft.NETCore.App/8.0.11/System.IO.Compression.Brotli.ni.dll
[09/17 19:11:17 UTC] Moving R2R PE file: /usr/share/dotnet/shared/Microsoft.NETCore.App/8.0.11/System.IO.Compression.FileSystem.ni.dll.tmp to /usr/share/dotnet/shared/Microsoft.NETCore.App/8.0.11/System.IO.Compression.FileSystem.ni.dll
[09/17 19:11:17 UTC] Moving R2R PE file: /usr/share/dotnet/shared/Microsoft.NETCore.App/8.0.11/System.IO.Compression.ZipFile.ni.dll.tmp to /usr/share/dotnet/shared/Microsoft.NETCore.App/8.0.11/System.IO.Compression.ZipFile.ni.dll
[09/17 19:11:17 UTC] Moving R2R PE file: /usr/share/dotnet/shared/Microsoft.NETCore.App/8.0.11/System.IO.Compression.ni.dll.tmp to /usr/share/dotnet/shared/Microsoft.NETCore.App/8.0.11/System.IO.Compression.ni.dll
[09/17 19:11:17 UTC] Moving R2R PE file: /usr/share/dotnet/shared/Microsoft.NETCore.App/8.0.11/System.IO.FileSystem.AccessControl.ni.dll.tmp to /usr/share/dotnet/shared/Microsoft.NETCore.App/8.0.11/System.IO.FileSystem.AccessControl.ni.dll
[09/17 19:11:17 UTC] Moving R2R PE file: /usr/share/dotnet/shared/Microsoft.NETCore.App/8.0.11/System.IO.FileSystem.DriveInfo.ni.dll.tmp to /usr/share/dotnet/shared/Microsoft.NETCore.App/8.0.11/System.IO.FileSystem.DriveInfo.ni.dll
[09/17 19:11:17 UTC] Moving R2R PE file: /usr/share/dotnet/shared/Microsoft.NETCore.App/8.0.11/System.IO.FileSystem.Primitives.ni.dll.tmp to /usr/share/dotnet/shared/Microsoft.NETCore.App/8.0.11/System.IO.FileSystem.Primitives.ni.dll
[09/17 19:11:17 UTC] Moving R2R PE file: /usr/share/dotnet/shared/Microsoft.NETCore.App/8.0.11/System.IO.FileSystem.Watcher.ni.dll.tmp to /usr/share/dotnet/shared/Microsoft.NETCore.App/8.0.11/System.IO.FileSystem.Watcher.ni.dll
[09/17 19:11:17 UTC] Moving R2R PE file: /usr/share/dotnet/shared/Microsoft.NETCore.App/8.0.11/System.IO.FileSystem.ni.dll.tmp to /usr/share/dotnet/shared/Microsoft.NETCore.App/8.0.11/System.IO.FileSystem.ni.dll
[09/17 19:11:17 UTC] Moving R2R PE file: /usr/share/dotnet/shared/Microsoft.NETCore.App/8.0.11/System.IO.IsolatedStorage.ni.dll.tmp to /usr/share/dotnet/shared/Microsoft.NETCore.App/8.0.11/System.IO.IsolatedStorage.ni.dll
[09/17 19:11:17 UTC] Moving R2R PE file: /usr/share/dotnet/shared/Microsoft.NETCore.App/8.0.11/System.IO.MemoryMappedFiles.ni.dll.tmp to /usr/share/dotnet/shared/Microsoft.NETCore.App/8.0.11/System.IO.MemoryMappedFiles.ni.dll
[09/17 19:11:17 UTC] Moving R2R PE file: /usr/share/dotnet/shared/Microsoft.NETCore.App/8.0.11/System.IO.Pipes.AccessControl.ni.dll.tmp to /usr/share/dotnet/shared/Microsoft.NETCore.App/8.0.11/System.IO.Pipes.AccessControl.ni.dll
[09/17 19:11:17 UTC] Moving R2R PE file: /usr/share/dotnet/shared/Microsoft.NETCore.App/8.0.11/System.IO.Pipes.ni.dll.tmp to /usr/share/dotnet/shared/Microsoft.NETCore.App/8.0.11/System.IO.Pipes.ni.dll
[09/17 19:11:17 UTC] Moving R2R PE file: /usr/share/dotnet/shared/Microsoft.NETCore.App/8.0.11/System.IO.UnmanagedMemoryStream.ni.dll.tmp to /usr/share/dotnet/shared/Microsoft.NETCore.App/8.0.11/System.IO.UnmanagedMemoryStream.ni.dll
[09/17 19:11:17 UTC] Moving R2R PE file: /usr/share/dotnet/shared/Microsoft.NETCore.App/8.0.11/System.IO.ni.dll.tmp to /usr/share/dotnet/shared/Microsoft.NETCore.App/8.0.11/System.IO.ni.dll
[09/17 19:11:17 UTC] Moving R2R PE file: /usr/share/dotnet/shared/Microsoft.NETCore.App/8.0.11/System.Linq.Expressions.ni.dll.tmp to /usr/share/dotnet/shared/Microsoft.NETCore.App/8.0.11/System.Linq.Expressions.ni.dll
[09/17 19:11:17 UTC] Moving R2R PE file: /usr/share/dotnet/shared/Microsoft.NETCore.App/8.0.11/System.Linq.Parallel.ni.dll.tmp to /usr/share/dotnet/shared/Microsoft.NETCore.App/8.0.11/System.Linq.Parallel.ni.dll
[09/17 19:11:17 UTC] Moving R2R PE file: /usr/share/dotnet/shared/Microsoft.NETCore.App/8.0.11/System.Linq.Queryable.ni.dll.tmp to /usr/share/dotnet/shared/Microsoft.NETCore.App/8.0.11/System.Linq.Queryable.ni.dll
[09/17 19:11:17 UTC] Moving R2R PE file: /usr/share/dotnet/shared/Microsoft.NETCore.App/8.0.11/System.Linq.ni.dll.tmp to /usr/share/dotnet/shared/Microsoft.NETCore.App/8.0.11/System.Linq.ni.dll
[09/17 19:11:17 UTC] Moving R2R PE file: /usr/share/dotnet/shared/Microsoft.NETCore.App/8.0.11/System.Memory.ni.dll.tmp to /usr/share/dotnet/shared/Microsoft.NETCore.App/8.0.11/System.Memory.ni.dll
[09/17 19:11:17 UTC] Moving R2R PE file: /usr/share/dotnet/shared/Microsoft.NETCore.App/8.0.11/System.Net.Http.Json.ni.dll.tmp to /usr/share/dotnet/shared/Microsoft.NETCore.App/8.0.11/System.Net.Http.Json.ni.dll
[09/17 19:11:17 UTC] Moving R2R PE file: /usr/share/dotnet/shared/Microsoft.NETCore.App/8.0.11/System.Net.Http.ni.dll.tmp to /usr/share/dotnet/shared/Microsoft.NETCore.App/8.0.11/System.Net.Http.ni.dll
[09/17 19:11:17 UTC] Moving R2R PE file: /usr/share/dotnet/shared/Microsoft.NETCore.App/8.0.11/System.Net.HttpListener.ni.dll.tmp to /usr/share/dotnet/shared/Microsoft.NETCore.App/8.0.11/System.Net.HttpListener.ni.dll
[09/17 19:11:17 UTC] Moving R2R PE file: /usr/share/dotnet/shared/Microsoft.NETCore.App/8.0.11/System.Net.Mail.ni.dll.tmp to /usr/share/dotnet/shared/Microsoft.NETCore.App/8.0.11/System.Net.Mail.ni.dll
[09/17 19:11:17 UTC] Moving R2R PE file: /usr/share/dotnet/shared/Microsoft.NETCore.App/8.0.11/System.Net.NameResolution.ni.dll.tmp to /usr/share/dotnet/shared/Microsoft.NETCore.App/8.0.11/System.Net.NameResolution.ni.dll
[09/17 19:11:17 UTC] Moving R2R PE file: /usr/share/dotnet/shared/Microsoft.NETCore.App/8.0.11/System.Net.NetworkInformation.ni.dll.tmp to /usr/share/dotnet/shared/Microsoft.NETCore.App/8.0.11/System.Net.NetworkInformation.ni.dll
[09/17 19:11:17 UTC] Moving R2R PE file: /usr/share/dotnet/shared/Microsoft.NETCore.App/8.0.11/System.Net.Ping.ni.dll.tmp to /usr/share/dotnet/shared/Microsoft.NETCore.App/8.0.11/System.Net.Ping.ni.dll
[09/17 19:11:17 UTC] Moving R2R PE file: /usr/share/dotnet/shared/Microsoft.NETCore.App/8.0.11/System.Net.Primitives.ni.dll.tmp to /usr/share/dotnet/shared/Microsoft.NETCore.App/8.0.11/System.Net.Primitives.ni.dll
[09/17 19:11:17 UTC] Moving R2R PE file: /usr/share/dotnet/shared/Microsoft.NETCore.App/8.0.11/System.Net.Quic.ni.dll.tmp to /usr/share/dotnet/shared/Microsoft.NETCore.App/8.0.11/System.Net.Quic.ni.dll
[09/17 19:11:17 UTC] Moving R2R PE file: /usr/share/dotnet/shared/Microsoft.NETCore.App/8.0.11/System.Net.Requests.ni.dll.tmp to /usr/share/dotnet/shared/Microsoft.NETCore.App/8.0.11/System.Net.Requests.ni.dll
[09/17 19:11:17 UTC] Moving R2R PE file: /usr/share/dotnet/shared/Microsoft.NETCore.App/8.0.11/System.Net.Security.ni.dll.tmp to /usr/share/dotnet/shared/Microsoft.NETCore.App/8.0.11/System.Net.Security.ni.dll
[09/17 19:11:17 UTC] Moving R2R PE file: /usr/share/dotnet/shared/Microsoft.NETCore.App/8.0.11/System.Net.ServicePoint.ni.dll.tmp to /usr/share/dotnet/shared/Microsoft.NETCore.App/8.0.11/System.Net.ServicePoint.ni.dll
[09/17 19:11:17 UTC] Moving R2R PE file: /usr/share/dotnet/shared/Microsoft.NETCore.App/8.0.11/System.Net.Sockets.ni.dll.tmp to /usr/share/dotnet/shared/Microsoft.NETCore.App/8.0.11/System.Net.Sockets.ni.dll
[09/17 19:11:17 UTC] Moving R2R PE file: /usr/share/dotnet/shared/Microsoft.NETCore.App/8.0.11/System.Net.WebClient.ni.dll.tmp to /usr/share/dotnet/shared/Microsoft.NETCore.App/8.0.11/System.Net.WebClient.ni.dll
[09/17 19:11:17 UTC] Moving R2R PE file: /usr/share/dotnet/shared/Microsoft.NETCore.App/8.0.11/System.Net.WebHeaderCollection.ni.dll.tmp to /usr/share/dotnet/shared/Microsoft.NETCore.App/8.0.11/System.Net.WebHeaderCollection.ni.dll
[09/17 19:11:17 UTC] Moving R2R PE file: /usr/share/dotnet/shared/Microsoft.NETCore.App/8.0.11/System.Net.WebProxy.ni.dll.tmp to /usr/share/dotnet/shared/Microsoft.NETCore.App/8.0.11/System.Net.WebProxy.ni.dll
[09/17 19:11:17 UTC] Moving R2R PE file: /usr/share/dotnet/shared/Microsoft.NETCore.App/8.0.11/System.Net.WebSockets.Client.ni.dll.tmp to /usr/share/dotnet/shared/Microsoft.NETCore.App/8.0.11/System.Net.WebSockets.Client.ni.dll
[09/17 19:11:17 UTC] Moving R2R PE file: /usr/share/dotnet/shared/Microsoft.NETCore.App/8.0.11/System.Net.WebSockets.ni.dll.tmp to /usr/share/dotnet/shared/Microsoft.NETCore.App/8.0.11/System.Net.WebSockets.ni.dll
[09/17 19:11:17 UTC] Moving R2R PE file: /usr/share/dotnet/shared/Microsoft.NETCore.App/8.0.11/System.Net.ni.dll.tmp to /usr/share/dotnet/shared/Microsoft.NETCore.App/8.0.11/System.Net.ni.dll
[09/17 19:11:17 UTC] Moving R2R PE file: /usr/share/dotnet/shared/Microsoft.NETCore.App/8.0.11/System.Numerics.Vectors.ni.dll.tmp to /usr/share/dotnet/shared/Microsoft.NETCore.App/8.0.11/System.Numerics.Vectors.ni.dll
[09/17 19:11:17 UTC] Moving R2R PE file: /usr/share/dotnet/shared/Microsoft.NETCore.App/8.0.11/System.Numerics.ni.dll.tmp to /usr/share/dotnet/shared/Microsoft.NETCore.App/8.0.11/System.Numerics.ni.dll
[09/17 19:11:17 UTC] Moving R2R PE file: /usr/share/dotnet/shared/Microsoft.NETCore.App/8.0.11/System.ObjectModel.ni.dll.tmp to /usr/share/dotnet/shared/Microsoft.NETCore.App/8.0.11/System.ObjectModel.ni.dll
[09/17 19:11:17 UTC] Moving R2R PE file: /usr/share/dotnet/shared/Microsoft.NETCore.App/8.0.11/System.Private.DataContractSerialization.ni.dll.tmp to /usr/share/dotnet/shared/Microsoft.NETCore.App/8.0.11/System.Private.DataContractSerialization.ni.dll
[09/17 19:11:17 UTC] Moving R2R PE file: /usr/share/dotnet/shared/Microsoft.NETCore.App/8.0.11/System.Private.Uri.ni.dll.tmp to /usr/share/dotnet/shared/Microsoft.NETCore.App/8.0.11/System.Private.Uri.ni.dll
[09/17 19:11:17 UTC] Moving R2R PE file: /usr/share/dotnet/shared/Microsoft.NETCore.App/8.0.11/System.Private.Xml.Linq.ni.dll.tmp to /usr/share/dotnet/shared/Microsoft.NETCore.App/8.0.11/System.Private.Xml.Linq.ni.dll
[09/17 19:11:17 UTC] Moving R2R PE file: /usr/share/dotnet/shared/Microsoft.NETCore.App/8.0.11/System.Private.Xml.ni.dll.tmp to /usr/share/dotnet/shared/Microsoft.NETCore.App/8.0.11/System.Private.Xml.ni.dll
[09/17 19:11:17 UTC] Moving R2R PE file: /usr/share/dotnet/shared/Microsoft.NETCore.App/8.0.11/System.Reflection.DispatchProxy.ni.dll.tmp to /usr/share/dotnet/shared/Microsoft.NETCore.App/8.0.11/System.Reflection.DispatchProxy.ni.dll
[09/17 19:11:17 UTC] Moving R2R PE file: /usr/share/dotnet/shared/Microsoft.NETCore.App/8.0.11/System.Reflection.Emit.ILGeneration.ni.dll.tmp to /usr/share/dotnet/shared/Microsoft.NETCore.App/8.0.11/System.Reflection.Emit.ILGeneration.ni.dll
[09/17 19:11:17 UTC] Moving R2R PE file: /usr/share/dotnet/shared/Microsoft.NETCore.App/8.0.11/System.Reflection.Emit.Lightweight.ni.dll.tmp to /usr/share/dotnet/shared/Microsoft.NETCore.App/8.0.11/System.Reflection.Emit.Lightweight.ni.dll
[09/17 19:11:17 UTC] Moving R2R PE file: /usr/share/dotnet/shared/Microsoft.NETCore.App/8.0.11/System.Reflection.Emit.ni.dll.tmp to /usr/share/dotnet/shared/Microsoft.NETCore.App/8.0.11/System.Reflection.Emit.ni.dll
[09/17 19:11:17 UTC] Moving R2R PE file: /usr/share/dotnet/shared/Microsoft.NETCore.App/8.0.11/System.Reflection.Extensions.ni.dll.tmp to /usr/share/dotnet/shared/Microsoft.NETCore.App/8.0.11/System.Reflection.Extensions.ni.dll
[09/17 19:11:17 UTC] Moving R2R PE file: /usr/share/dotnet/shared/Microsoft.NETCore.App/8.0.11/System.Reflection.Metadata.ni.dll.tmp to /usr/share/dotnet/shared/Microsoft.NETCore.App/8.0.11/System.Reflection.Metadata.ni.dll
[09/17 19:11:17 UTC] Moving R2R PE file: /usr/share/dotnet/shared/Microsoft.NETCore.App/8.0.11/System.Reflection.Primitives.ni.dll.tmp to /usr/share/dotnet/shared/Microsoft.NETCore.App/8.0.11/System.Reflection.Primitives.ni.dll
[09/17 19:11:17 UTC] Moving R2R PE file: /usr/share/dotnet/shared/Microsoft.NETCore.App/8.0.11/System.Reflection.TypeExtensions.ni.dll.tmp to /usr/share/dotnet/shared/Microsoft.NETCore.App/8.0.11/System.Reflection.TypeExtensions.ni.dll
[09/17 19:11:17 UTC] Moving R2R PE file: /usr/share/dotnet/shared/Microsoft.NETCore.App/8.0.11/System.Reflection.ni.dll.tmp to /usr/share/dotnet/shared/Microsoft.NETCore.App/8.0.11/System.Reflection.ni.dll
[09/17 19:11:17 UTC] Moving R2R PE file: /usr/share/dotnet/shared/Microsoft.NETCore.App/8.0.11/System.Resources.Reader.ni.dll.tmp to /usr/share/dotnet/shared/Microsoft.NETCore.App/8.0.11/System.Resources.Reader.ni.dll
[09/17 19:11:17 UTC] Moving R2R PE file: /usr/share/dotnet/shared/Microsoft.NETCore.App/8.0.11/System.Resources.ResourceManager.ni.dll.tmp to /usr/share/dotnet/shared/Microsoft.NETCore.App/8.0.11/System.Resources.ResourceManager.ni.dll
[09/17 19:11:17 UTC] Moving R2R PE file: /usr/share/dotnet/shared/Microsoft.NETCore.App/8.0.11/System.Resources.Writer.ni.dll.tmp to /usr/share/dotnet/shared/Microsoft.NETCore.App/8.0.11/System.Resources.Writer.ni.dll
[09/17 19:11:17 UTC] Moving R2R PE file: /usr/share/dotnet/shared/Microsoft.NETCore.App/8.0.11/System.Runtime.CompilerServices.Unsafe.ni.dll.tmp to /usr/share/dotnet/shared/Microsoft.NETCore.App/8.0.11/System.Runtime.CompilerServices.Unsafe.ni.dll
[09/17 19:11:17 UTC] Moving R2R PE file: /usr/share/dotnet/shared/Microsoft.NETCore.App/8.0.11/System.Runtime.CompilerServices.VisualC.ni.dll.tmp to /usr/share/dotnet/shared/Microsoft.NETCore.App/8.0.11/System.Runtime.CompilerServices.VisualC.ni.dll
[09/17 19:11:17 UTC] Moving R2R PE file: /usr/share/dotnet/shared/Microsoft.NETCore.App/8.0.11/System.Runtime.Extensions.ni.dll.tmp to /usr/share/dotnet/shared/Microsoft.NETCore.App/8.0.11/System.Runtime.Extensions.ni.dll
[09/17 19:11:17 UTC] Moving R2R PE file: /usr/share/dotnet/shared/Microsoft.NETCore.App/8.0.11/System.Runtime.Handles.ni.dll.tmp to /usr/share/dotnet/shared/Microsoft.NETCore.App/8.0.11/System.Runtime.Handles.ni.dll
[09/17 19:11:17 UTC] Moving R2R PE file: /usr/share/dotnet/shared/Microsoft.NETCore.App/8.0.11/System.Runtime.InteropServices.JavaScript.ni.dll.tmp to /usr/share/dotnet/shared/Microsoft.NETCore.App/8.0.11/System.Runtime.InteropServices.JavaScript.ni.dll
[09/17 19:11:17 UTC] Moving R2R PE file: /usr/share/dotnet/shared/Microsoft.NETCore.App/8.0.11/System.Runtime.InteropServices.RuntimeInformation.ni.dll.tmp to /usr/share/dotnet/shared/Microsoft.NETCore.App/8.0.11/System.Runtime.InteropServices.RuntimeInformation.ni.dll
[09/17 19:11:17 UTC] Moving R2R PE file: /usr/share/dotnet/shared/Microsoft.NETCore.App/8.0.11/System.Runtime.InteropServices.ni.dll.tmp to /usr/share/dotnet/shared/Microsoft.NETCore.App/8.0.11/System.Runtime.InteropServices.ni.dll
[09/17 19:11:17 UTC] Moving R2R PE file: /usr/share/dotnet/shared/Microsoft.NETCore.App/8.0.11/System.Runtime.Intrinsics.ni.dll.tmp to /usr/share/dotnet/shared/Microsoft.NETCore.App/8.0.11/System.Runtime.Intrinsics.ni.dll
[09/17 19:11:17 UTC] Moving R2R PE file: /usr/share/dotnet/shared/Microsoft.NETCore.App/8.0.11/System.Runtime.Loader.ni.dll.tmp to /usr/share/dotnet/shared/Microsoft.NETCore.App/8.0.11/System.Runtime.Loader.ni.dll
[09/17 19:11:17 UTC] Moving R2R PE file: /usr/share/dotnet/shared/Microsoft.NETCore.App/8.0.11/System.Runtime.Numerics.ni.dll.tmp to /usr/share/dotnet/shared/Microsoft.NETCore.App/8.0.11/System.Runtime.Numerics.ni.dll
[09/17 19:11:17 UTC] Moving R2R PE file: /usr/share/dotnet/shared/Microsoft.NETCore.App/8.0.11/System.Runtime.Serialization.Formatters.ni.dll.tmp to /usr/share/dotnet/shared/Microsoft.NETCore.App/8.0.11/System.Runtime.Serialization.Formatters.ni.dll
[09/17 19:11:17 UTC] Moving R2R PE file: /usr/share/dotnet/shared/Microsoft.NETCore.App/8.0.11/System.Runtime.Serialization.Json.ni.dll.tmp to /usr/share/dotnet/shared/Microsoft.NETCore.App/8.0.11/System.Runtime.Serialization.Json.ni.dll
[09/17 19:11:17 UTC] Moving R2R PE file: /usr/share/dotnet/shared/Microsoft.NETCore.App/8.0.11/System.Runtime.Serialization.Primitives.ni.dll.tmp to /usr/share/dotnet/shared/Microsoft.NETCore.App/8.0.11/System.Runtime.Serialization.Primitives.ni.dll
[09/17 19:11:17 UTC] Moving R2R PE file: /usr/share/dotnet/shared/Microsoft.NETCore.App/8.0.11/System.Runtime.Serialization.Xml.ni.dll.tmp to /usr/share/dotnet/shared/Microsoft.NETCore.App/8.0.11/System.Runtime.Serialization.Xml.ni.dll
[09/17 19:11:17 UTC] Moving R2R PE file: /usr/share/dotnet/shared/Microsoft.NETCore.App/8.0.11/System.Runtime.Serialization.ni.dll.tmp to /usr/share/dotnet/shared/Microsoft.NETCore.App/8.0.11/System.Runtime.Serialization.ni.dll
[09/17 19:11:17 UTC] Moving R2R PE file: /usr/share/dotnet/shared/Microsoft.NETCore.App/8.0.11/System.Runtime.ni.dll.tmp to /usr/share/dotnet/shared/Microsoft.NETCore.App/8.0.11/System.Runtime.ni.dll
[09/17 19:11:17 UTC] Moving R2R PE file: /usr/share/dotnet/shared/Microsoft.NETCore.App/8.0.11/System.Security.AccessControl.ni.dll.tmp to /usr/share/dotnet/shared/Microsoft.NETCore.App/8.0.11/System.Security.AccessControl.ni.dll
[09/17 19:11:17 UTC] Moving R2R PE file: /usr/share/dotnet/shared/Microsoft.NETCore.App/8.0.11/System.Security.Claims.ni.dll.tmp to /usr/share/dotnet/shared/Microsoft.NETCore.App/8.0.11/System.Security.Claims.ni.dll
[09/17 19:11:17 UTC] Moving R2R PE file: /usr/share/dotnet/shared/Microsoft.NETCore.App/8.0.11/System.Security.Cryptography.Algorithms.ni.dll.tmp to /usr/share/dotnet/shared/Microsoft.NETCore.App/8.0.11/System.Security.Cryptography.Algorithms.ni.dll
[09/17 19:11:17 UTC] Moving R2R PE file: /usr/share/dotnet/shared/Microsoft.NETCore.App/8.0.11/System.Security.Cryptography.Cng.ni.dll.tmp to /usr/share/dotnet/shared/Microsoft.NETCore.App/8.0.11/System.Security.Cryptography.Cng.ni.dll
[09/17 19:11:17 UTC] Moving R2R PE file: /usr/share/dotnet/shared/Microsoft.NETCore.App/8.0.11/System.Security.Cryptography.Csp.ni.dll.tmp to /usr/share/dotnet/shared/Microsoft.NETCore.App/8.0.11/System.Security.Cryptography.Csp.ni.dll
[09/17 19:11:17 UTC] Moving R2R PE file: /usr/share/dotnet/shared/Microsoft.NETCore.App/8.0.11/System.Security.Cryptography.Encoding.ni.dll.tmp to /usr/share/dotnet/shared/Microsoft.NETCore.App/8.0.11/System.Security.Cryptography.Encoding.ni.dll
[09/17 19:11:17 UTC] Moving R2R PE file: /usr/share/dotnet/shared/Microsoft.NETCore.App/8.0.11/System.Security.Cryptography.OpenSsl.ni.dll.tmp to /usr/share/dotnet/shared/Microsoft.NETCore.App/8.0.11/System.Security.Cryptography.OpenSsl.ni.dll
[09/17 19:11:17 UTC] Moving R2R PE file: /usr/share/dotnet/shared/Microsoft.NETCore.App/8.0.11/System.Security.Cryptography.Primitives.ni.dll.tmp to /usr/share/dotnet/shared/Microsoft.NETCore.App/8.0.11/System.Security.Cryptography.Primitives.ni.dll
[09/17 19:11:17 UTC] Moving R2R PE file: /usr/share/dotnet/shared/Microsoft.NETCore.App/8.0.11/System.Security.Cryptography.X509Certificates.ni.dll.tmp to /usr/share/dotnet/shared/Microsoft.NETCore.App/8.0.11/System.Security.Cryptography.X509Certificates.ni.dll
[09/17 19:11:17 UTC] Moving R2R PE file: /usr/share/dotnet/shared/Microsoft.NETCore.App/8.0.11/System.Security.Cryptography.ni.dll.tmp to /usr/share/dotnet/shared/Microsoft.NETCore.App/8.0.11/System.Security.Cryptography.ni.dll
[09/17 19:11:17 UTC] Moving R2R PE file: /usr/share/dotnet/shared/Microsoft.NETCore.App/8.0.11/System.Security.Principal.Windows.ni.dll.tmp to /usr/share/dotnet/shared/Microsoft.NETCore.App/8.0.11/System.Security.Principal.Windows.ni.dll
[09/17 19:11:17 UTC] Moving R2R PE file: /usr/share/dotnet/shared/Microsoft.NETCore.App/8.0.11/System.Security.Principal.ni.dll.tmp to /usr/share/dotnet/shared/Microsoft.NETCore.App/8.0.11/System.Security.Principal.ni.dll
[09/17 19:11:17 UTC] Moving R2R PE file: /usr/share/dotnet/shared/Microsoft.NETCore.App/8.0.11/System.Security.SecureString.ni.dll.tmp to /usr/share/dotnet/shared/Microsoft.NETCore.App/8.0.11/System.Security.SecureString.ni.dll
[09/17 19:11:17 UTC] Moving R2R PE file: /usr/share/dotnet/shared/Microsoft.NETCore.App/8.0.11/System.Security.ni.dll.tmp to /usr/share/dotnet/shared/Microsoft.NETCore.App/8.0.11/System.Security.ni.dll
[09/17 19:11:17 UTC] Moving R2R PE file: /usr/share/dotnet/shared/Microsoft.NETCore.App/8.0.11/System.ServiceModel.Web.ni.dll.tmp to /usr/share/dotnet/shared/Microsoft.NETCore.App/8.0.11/System.ServiceModel.Web.ni.dll
[09/17 19:11:17 UTC] Moving R2R PE file: /usr/share/dotnet/shared/Microsoft.NETCore.App/8.0.11/System.ServiceProcess.ni.dll.tmp to /usr/share/dotnet/shared/Microsoft.NETCore.App/8.0.11/System.ServiceProcess.ni.dll
[09/17 19:11:17 UTC] Moving R2R PE file: /usr/share/dotnet/shared/Microsoft.NETCore.App/8.0.11/System.Text.Encoding.CodePages.ni.dll.tmp to /usr/share/dotnet/shared/Microsoft.NETCore.App/8.0.11/System.Text.Encoding.CodePages.ni.dll
[09/17 19:11:17 UTC] Moving R2R PE file: /usr/share/dotnet/shared/Microsoft.NETCore.App/8.0.11/System.Text.Encoding.Extensions.ni.dll.tmp to /usr/share/dotnet/shared/Microsoft.NETCore.App/8.0.11/System.Text.Encoding.Extensions.ni.dll
[09/17 19:11:17 UTC] Moving R2R PE file: /usr/share/dotnet/shared/Microsoft.NETCore.App/8.0.11/System.Text.Encoding.ni.dll.tmp to /usr/share/dotnet/shared/Microsoft.NETCore.App/8.0.11/System.Text.Encoding.ni.dll
[09/17 19:11:17 UTC] Moving R2R PE file: /usr/share/dotnet/shared/Microsoft.NETCore.App/8.0.11/System.Text.Encodings.Web.ni.dll.tmp to /usr/share/dotnet/shared/Microsoft.NETCore.App/8.0.11/System.Text.Encodings.Web.ni.dll
[09/17 19:11:17 UTC] Moving R2R PE file: /usr/share/dotnet/shared/Microsoft.NETCore.App/8.0.11/System.Text.Json.ni.dll.tmp to /usr/share/dotnet/shared/Microsoft.NETCore.App/8.0.11/System.Text.Json.ni.dll
[09/17 19:11:17 UTC] Moving R2R PE file: /usr/share/dotnet/shared/Microsoft.NETCore.App/8.0.11/System.Text.RegularExpressions.ni.dll.tmp to /usr/share/dotnet/shared/Microsoft.NETCore.App/8.0.11/System.Text.RegularExpressions.ni.dll
[09/17 19:11:17 UTC] Moving R2R PE file: /usr/share/dotnet/shared/Microsoft.NETCore.App/8.0.11/System.Threading.Channels.ni.dll.tmp to /usr/share/dotnet/shared/Microsoft.NETCore.App/8.0.11/System.Threading.Channels.ni.dll
[09/17 19:11:17 UTC] Moving R2R PE file: /usr/share/dotnet/shared/Microsoft.NETCore.App/8.0.11/System.Threading.Overlapped.ni.dll.tmp to /usr/share/dotnet/shared/Microsoft.NETCore.App/8.0.11/System.Threading.Overlapped.ni.dll
[09/17 19:11:17 UTC] Moving R2R PE file: /usr/share/dotnet/shared/Microsoft.NETCore.App/8.0.11/System.Threading.Tasks.Dataflow.ni.dll.tmp to /usr/share/dotnet/shared/Microsoft.NETCore.App/8.0.11/System.Threading.Tasks.Dataflow.ni.dll
[09/17 19:11:17 UTC] Moving R2R PE file: /usr/share/dotnet/shared/Microsoft.NETCore.App/8.0.11/System.Threading.Tasks.Extensions.ni.dll.tmp to /usr/share/dotnet/shared/Microsoft.NETCore.App/8.0.11/System.Threading.Tasks.Extensions.ni.dll
[09/17 19:11:17 UTC] Moving R2R PE file: /usr/share/dotnet/shared/Microsoft.NETCore.App/8.0.11/System.Threading.Tasks.Parallel.ni.dll.tmp to /usr/share/dotnet/shared/Microsoft.NETCore.App/8.0.11/System.Threading.Tasks.Parallel.ni.dll
[09/17 19:11:17 UTC] Moving R2R PE file: /usr/share/dotnet/shared/Microsoft.NETCore.App/8.0.11/System.Threading.Tasks.ni.dll.tmp to /usr/share/dotnet/shared/Microsoft.NETCore.App/8.0.11/System.Threading.Tasks.ni.dll
[09/17 19:11:17 UTC] Moving R2R PE file: /usr/share/dotnet/shared/Microsoft.NETCore.App/8.0.11/System.Threading.Thread.ni.dll.tmp to /usr/share/dotnet/shared/Microsoft.NETCore.App/8.0.11/System.Threading.Thread.ni.dll
[09/17 19:11:17 UTC] Moving R2R PE file: /usr/share/dotnet/shared/Microsoft.NETCore.App/8.0.11/System.Threading.ThreadPool.ni.dll.tmp to /usr/share/dotnet/shared/Microsoft.NETCore.App/8.0.11/System.Threading.ThreadPool.ni.dll
[09/17 19:11:17 UTC] Moving R2R PE file: /usr/share/dotnet/shared/Microsoft.NETCore.App/8.0.11/System.Threading.Timer.ni.dll.tmp to /usr/share/dotnet/shared/Microsoft.NETCore.App/8.0.11/System.Threading.Timer.ni.dll
[09/17 19:11:17 UTC] Moving R2R PE file: /usr/share/dotnet/shared/Microsoft.NETCore.App/8.0.11/System.Threading.ni.dll.tmp to /usr/share/dotnet/shared/Microsoft.NETCore.App/8.0.11/System.Threading.ni.dll
[09/17 19:11:17 UTC] Moving R2R PE file: /usr/share/dotnet/shared/Microsoft.NETCore.App/8.0.11/System.Transactions.Local.ni.dll.tmp to /usr/share/dotnet/shared/Microsoft.NETCore.App/8.0.11/System.Transactions.Local.ni.dll
[09/17 19:11:17 UTC] Moving R2R PE file: /usr/share/dotnet/shared/Microsoft.NETCore.App/8.0.11/System.Transactions.ni.dll.tmp to /usr/share/dotnet/shared/Microsoft.NETCore.App/8.0.11/System.Transactions.ni.dll
[09/17 19:11:17 UTC] Moving R2R PE file: /usr/share/dotnet/shared/Microsoft.NETCore.App/8.0.11/System.ValueTuple.ni.dll.tmp to /usr/share/dotnet/shared/Microsoft.NETCore.App/8.0.11/System.ValueTuple.ni.dll
[09/17 19:11:17 UTC] Moving R2R PE file: /usr/share/dotnet/shared/Microsoft.NETCore.App/8.0.11/System.Web.HttpUtility.ni.dll.tmp to /usr/share/dotnet/shared/Microsoft.NETCore.App/8.0.11/System.Web.HttpUtility.ni.dll
[09/17 19:11:17 UTC] Moving R2R PE file: /usr/share/dotnet/shared/Microsoft.NETCore.App/8.0.11/System.Web.ni.dll.tmp to /usr/share/dotnet/shared/Microsoft.NETCore.App/8.0.11/System.Web.ni.dll
[09/17 19:11:17 UTC] Moving R2R PE file: /usr/share/dotnet/shared/Microsoft.NETCore.App/8.0.11/System.Windows.ni.dll.tmp to /usr/share/dotnet/shared/Microsoft.NETCore.App/8.0.11/System.Windows.ni.dll
[09/17 19:11:17 UTC] Moving R2R PE file: /usr/share/dotnet/shared/Microsoft.NETCore.App/8.0.11/System.Xml.Linq.ni.dll.tmp to /usr/share/dotnet/shared/Microsoft.NETCore.App/8.0.11/System.Xml.Linq.ni.dll
[09/17 19:11:17 UTC] Moving R2R PE file: /usr/share/dotnet/shared/Microsoft.NETCore.App/8.0.11/System.Xml.ReaderWriter.ni.dll.tmp to /usr/share/dotnet/shared/Microsoft.NETCore.App/8.0.11/System.Xml.ReaderWriter.ni.dll
[09/17 19:11:17 UTC] Moving R2R PE file: /usr/share/dotnet/shared/Microsoft.NETCore.App/8.0.11/System.Xml.Serialization.ni.dll.tmp to /usr/share/dotnet/shared/Microsoft.NETCore.App/8.0.11/System.Xml.Serialization.ni.dll
[09/17 19:11:17 UTC] Moving R2R PE file: /usr/share/dotnet/shared/Microsoft.NETCore.App/8.0.11/System.Xml.XDocument.ni.dll.tmp to /usr/share/dotnet/shared/Microsoft.NETCore.App/8.0.11/System.Xml.XDocument.ni.dll
[09/17 19:11:17 UTC] Moving R2R PE file: /usr/share/dotnet/shared/Microsoft.NETCore.App/8.0.11/System.Xml.XPath.XDocument.ni.dll.tmp to /usr/share/dotnet/shared/Microsoft.NETCore.App/8.0.11/System.Xml.XPath.XDocument.ni.dll
[09/17 19:11:17 UTC] Moving R2R PE file: /usr/share/dotnet/shared/Microsoft.NETCore.App/8.0.11/System.Xml.XPath.ni.dll.tmp to /usr/share/dotnet/shared/Microsoft.NETCore.App/8.0.11/System.Xml.XPath.ni.dll
[09/17 19:11:17 UTC] Moving R2R PE file: /usr/share/dotnet/shared/Microsoft.NETCore.App/8.0.11/System.Xml.XmlDocument.ni.dll.tmp to /usr/share/dotnet/shared/Microsoft.NETCore.App/8.0.11/System.Xml.XmlDocument.ni.dll
[09/17 19:11:17 UTC] Moving R2R PE file: /usr/share/dotnet/shared/Microsoft.NETCore.App/8.0.11/System.Xml.XmlSerializer.ni.dll.tmp to /usr/share/dotnet/shared/Microsoft.NETCore.App/8.0.11/System.Xml.XmlSerializer.ni.dll
[09/17 19:11:17 UTC] Moving R2R PE file: /usr/share/dotnet/shared/Microsoft.NETCore.App/8.0.11/System.Xml.ni.dll.tmp to /usr/share/dotnet/shared/Microsoft.NETCore.App/8.0.11/System.Xml.ni.dll
[09/17 19:11:17 UTC] Moving R2R PE file: /usr/share/dotnet/shared/Microsoft.NETCore.App/8.0.11/System.ni.dll.tmp to /usr/share/dotnet/shared/Microsoft.NETCore.App/8.0.11/System.ni.dll
[09/17 19:11:17 UTC] Moving R2R PE file: /usr/share/dotnet/shared/Microsoft.NETCore.App/8.0.11/WindowsBase.ni.dll.tmp to /usr/share/dotnet/shared/Microsoft.NETCore.App/8.0.11/WindowsBase.ni.dll
[09/17 19:11:17 UTC] Moving R2R PE file: /usr/share/dotnet/shared/Microsoft.NETCore.App/8.0.11/mscorlib.ni.dll.tmp to /usr/share/dotnet/shared/Microsoft.NETCore.App/8.0.11/mscorlib.ni.dll
[09/17 19:11:17 UTC] Moving R2R PE file: /usr/share/dotnet/shared/Microsoft.NETCore.App/8.0.11/netstandard.ni.dll.tmp to /usr/share/dotnet/shared/Microsoft.NETCore.App/8.0.11/netstandard.ni.dll
[09/17 19:11:17 UTC] Fail to set smack label
[09/17 19:11:17 UTC] Fail to set smack label
[09/17 19:11:17 UTC] Fail to set smack label
[09/17 19:11:17 UTC] Fail to set smack label
[09/17 19:11:17 UTC] Fail to set smack label
[09/17 19:11:17 UTC] Fail to set smack label
[09/17 19:11:17 UTC] Fail to set smack label
[09/17 19:11:17 UTC] Fail to set smack label
[09/17 19:11:17 UTC] Fail to set smack label
[09/17 19:11:17 UTC] Fail to set smack label
[09/17 19:11:17 UTC] Fail to set smack label
[09/17 19:11:17 UTC] Fail to set smack label
[09/17 19:11:17 UTC] Fail to set smack label
[09/17 19:11:17 UTC] Fail to set smack label
[09/17 19:11:17 UTC] Fail to set smack label
[09/17 19:11:17 UTC] Fail to set smack label
[09/17 19:11:17 UTC] Fail to set smack label
[09/17 19:11:17 UTC] Fail to set smack label
[09/17 19:11:17 UTC] Fail to set smack label
[09/17 19:11:17 UTC] Fail to set smack label
[09/17 19:11:17 UTC] Fail to set smack label
[09/17 19:11:17 UTC] Fail to set smack label
[09/17 19:11:17 UTC] Fail to set smack label
[09/17 19:11:17 UTC] Fail to set smack label
[09/17 19:11:17 UTC] Fail to set smack label
[09/17 19:11:17 UTC] Fail to set smack label
[09/17 19:11:17 UTC] Fail to set smack label
[09/17 19:11:17 UTC] Fail to set smack label
[09/17 19:11:17 UTC] Fail to set smack label
[09/17 19:11:17 UTC] Fail to set smack label
[09/17 19:11:17 UTC] Fail to set smack label
[09/17 19:11:17 UTC] Fail to set smack label
[09/17 19:11:17 UTC] Fail to set smack label
[09/17 19:11:17 UTC] Fail to set smack label
[09/17 19:11:17 UTC] Fail to set smack label
[09/17 19:11:17 UTC] Fail to set smack label
[09/17 19:11:17 UTC] Fail to set smack label
[09/17 19:11:17 UTC] Fail to set smack label
[09/17 19:11:17 UTC] Fail to set smack label
[09/17 19:11:17 UTC] Native image /usr/share/dotnet/shared/Microsoft.NETCore.App/8.0.11/System.Private.CoreLib.ni.dll.tmp generated successfully.
[09/17 19:11:17 UTC] Native image /usr/share/dotnet.tizen/framework/ElmSharp.ni.dll generated successfully.
[09/17 19:11:17 UTC] Native image /usr/share/dotnet.tizen/framework/OpenTK.ni.dll generated successfully.
[09/17 19:11:17 UTC] Native image /usr/share/dotnet.tizen/framework/Tizen.AIAvatar.ni.dll generated successfully.
[09/17 19:11:17 UTC] Native image /usr/share/dotnet.tizen/framework/Tizen.Account.AccountManager.ni.dll generated successfully.
[09/17 19:11:17 UTC] Native image /usr/share/dotnet.tizen/framework/Tizen.Account.OAuth2.ni.dll generated successfully.
[09/17 19:11:17 UTC] Native image /usr/share/dotnet.tizen/framework/Tizen.Account.SyncManager.ni.dll generated successfully.
[09/17 19:11:17 UTC] Native image /usr/share/dotnet.tizen/framework/Tizen.Applications.Alarm.ni.dll generated successfully.
[09/17 19:11:17 UTC] Native image /usr/share/dotnet.tizen/framework/Tizen.Applications.Cion.ni.dll generated successfully.
[09/17 19:11:17 UTC] Native image /usr/share/dotnet.tizen/framework/Tizen.Applications.Common.ni.dll generated successfully.
[09/17 19:11:17 UTC] Native image /usr/share/dotnet.tizen/framework/Tizen.Applications.ComponentBased.ComponentManager.ni.dll generated successfully.
[09/17 19:11:17 UTC] Native image /usr/share/dotnet.tizen/framework/Tizen.Applications.ComponentBased.Port.ni.dll generated successfully.
[09/17 19:11:17 UTC] Native image /usr/share/dotnet.tizen/framework/Tizen.Applications.ComponentBased.ni.dll generated successfully.
[09/17 19:11:17 UTC] Native image /usr/share/dotnet.tizen/framework/Tizen.Applications.DataControl.ni.dll generated successfully.
[09/17 19:11:17 UTC] Native image /usr/share/dotnet.tizen/framework/Tizen.Applications.EventManager.ni.dll generated successfully.
[09/17 19:11:17 UTC] Native image /usr/share/dotnet.tizen/framework/Tizen.Applications.MessagePort.ni.dll generated successfully.
[09/17 19:11:17 UTC] Native image /usr/share/dotnet.tizen/framework/Tizen.Applications.Notification.ni.dll generated successfully.
[09/17 19:11:17 UTC] Native image /usr/share/dotnet.tizen/framework/Tizen.Applications.NotificationEventListener.ni.dll generated successfully.
[09/17 19:11:17 UTC] Native image /usr/share/dotnet.tizen/framework/Tizen.Applications.PackageManager.ni.dll generated successfully.
[09/17 19:11:17 UTC] Native image /usr/share/dotnet.tizen/framework/Tizen.Applications.Preference.ni.dll generated successfully.
[09/17 19:11:17 UTC] Native image /usr/share/dotnet.tizen/framework/Tizen.Applications.Service.ni.dll generated successfully.
[09/17 19:11:17 UTC] Native image /usr/share/dotnet.tizen/framework/Tizen.Applications.ThemeManager.ni.dll generated successfully.
[09/17 19:11:17 UTC] Native image /usr/share/dotnet.tizen/framework/Tizen.Applications.ToastMessage.ni.dll generated successfully.
[09/17 19:11:17 UTC] Native image /usr/share/dotnet.tizen/framework/Tizen.Applications.UI.ni.dll generated successfully.
[09/17 19:11:17 UTC] Native image /usr/share/dotnet.tizen/framework/Tizen.Applications.UIGadget.ni.dll generated successfully.
[09/17 19:11:17 UTC] Native image /usr/share/dotnet.tizen/framework/Tizen.Applications.WidgetControl.ni.dll generated successfully.
[09/17 19:11:17 UTC] Native image /usr/share/dotnet.tizen/framework/Tizen.Content.Download.ni.dll generated successfully.
[09/17 19:11:17 UTC] Native image /usr/share/dotnet.tizen/framework/Tizen.Content.MediaContent.ni.dll generated successfully.
[09/17 19:11:17 UTC] Native image /usr/share/dotnet.tizen/framework/Tizen.Content.MimeType.ni.dll generated successfully.
[09/17 19:11:17 UTC] Native image /usr/share/dotnet.tizen/framework/Tizen.Context.ni.dll generated successfully.
[09/17 19:11:17 UTC] Native image /usr/share/dotnet.tizen/framework/Tizen.Core.ni.dll generated successfully.
[09/17 19:11:17 UTC] Native image /usr/share/dotnet.tizen/framework/Tizen.Data.Tdbc.Driver.Sqlite.ni.dll generated successfully.
[09/17 19:11:17 UTC] Native image /usr/share/dotnet.tizen/framework/Tizen.Data.Tdbc.ni.dll generated successfully.
[09/17 19:11:17 UTC] Native image /usr/share/dotnet.tizen/framework/Tizen.Inspections.ni.dll generated successfully.
[09/17 19:11:17 UTC] Native image /usr/share/dotnet.tizen/framework/Tizen.Location.ni.dll generated successfully.
[09/17 19:11:17 UTC] Native image /usr/share/dotnet.tizen/framework/Tizen.Log.ni.dll generated successfully.
[09/17 19:11:17 UTC] Native image /usr/share/dotnet.tizen/framework/Tizen.MachineLearning.Inference.ni.dll generated successfully.
[09/17 19:11:17 UTC] Native image /usr/share/dotnet.tizen/framework/Tizen.MachineLearning.Train.ni.dll generated successfully.
[09/17 19:11:17 UTC] Native image /usr/share/dotnet.tizen/framework/Tizen.Messaging.Push.ni.dll generated successfully.
[09/17 19:11:17 UTC] Native image /usr/share/Fail to set smack label
[09/17 19:11:17 UTC] Fail to set smack label
[09/17 19:11:17 UTC] Fail to set smack label
[09/17 19:11:17 UTC] Fail to set smack label
[09/17 19:11:17 UTC] Fail to set smack label
[09/17 19:11:17 UTC] Fail to set smack label
[09/17 19:11:17 UTC] Fail to set smack label
[09/17 19:11:17 UTC] Fail to set smack label
[09/17 19:11:17 UTC] Fail to set smack label
[09/17 19:11:17 UTC] Fail to set smack label
[09/17 19:11:17 UTC] Fail to set smack label
[09/17 19:11:17 UTC] Fail to set smack label
[09/17 19:11:17 UTC] Fail to set smack label
[09/17 19:11:17 UTC] Fail to set smack label
[09/17 19:11:17 UTC] Fail to set smack label
[09/17 19:11:17 UTC] Fail to set smack label
[09/17 19:11:17 UTC] Fail to set smack label
[09/17 19:11:17 UTC] Fail to set smack label
[09/17 19:11:17 UTC] Fail to set smack label
[09/17 19:11:17 UTC] Fail to set smack label
[09/17 19:11:17 UTC] Fail to set smack label
[09/17 19:11:17 UTC] Fail to set smack label
[09/17 19:11:17 UTC] Fail to set smack label
[09/17 19:11:17 UTC] Fail to set smack label
[09/17 19:11:17 UTC] Fail to set smack label
[09/17 19:11:17 UTC] Fail to set smack label
[09/17 19:11:17 UTC] Fail to set smack label
[09/17 19:11:17 UTC] Fail to set smack label
[09/17 19:11:17 UTC] Fail to set smack label
[09/17 19:11:17 UTC] Fail to set smack label
[09/17 19:11:17 UTC] Fail to set smack label
[09/17 19:11:17 UTC] Fail to set smack label
[09/17 19:11:17 UTC] Fail to set smack label
[09/17 19:11:17 UTC] Fail to set smack label
[09/17 19:11:17 UTC] Fail to set smack label
[09/17 19:11:17 UTC] Fail to set smack label
[09/17 19:11:17 UTC] Fail to set smack label
[09/17 19:11:17 UTC] Fail to set smack label
[09/17 19:11:17 UTC] Fail to set smack label
[09/17 19:11:17 UTC] Fail to set smack label
[09/17 19:11:17 UTC] Fail to set smack label
[09/17 19:11:17 UTC] dotnet.tizen/framework/Tizen.Multimedia.AudioIO.ni.dll generated successfully.
[09/17 19:11:17 UTC] Native image /usr/share/dotnet.tizen/framework/Tizen.Multimedia.Camera.ni.dll generated successfully.
[09/17 19:11:17 UTC] Native image /usr/share/dotnet.tizen/framework/Tizen.Multimedia.MediaCodec.ni.dll generated successfully.
[09/17 19:11:17 UTC] Native image /usr/share/dotnet.tizen/framework/Tizen.Multimedia.MediaPlayer.ni.dll generated successfully.
[09/17 19:11:17 UTC] Native image /usr/share/dotnet.tizen/framework/Tizen.Multimedia.Metadata.ni.dll generated successfully.
[09/17 19:11:17 UTC] Native image /usr/share/dotnet.tizen/framework/Tizen.Multimedia.Recorder.ni.dll generated successfully.
[09/17 19:11:17 UTC] Native image /usr/share/dotnet.tizen/framework/Tizen.Multimedia.Remoting.ni.dll generated successfully.
[09/17 19:11:17 UTC] Native image /usr/share/dotnet.tizen/framework/Tizen.Multimedia.Util.ni.dll generated successfully.
[09/17 19:11:17 UTC] Native image /usr/share/dotnet.tizen/framework/Tizen.Multimedia.Vision.ni.dll generated successfully.
[09/17 19:11:17 UTC] Native image /usr/share/dotnet.tizen/framework/Tizen.Multimedia.ni.dll generated successfully.
[09/17 19:11:17 UTC] Native image /usr/share/dotnet.tizen/framework/Tizen.NUI.AIAvatar.ni.dll generated successfully.
[09/17 19:11:17 UTC] Native image /usr/share/dotnet.tizen/framework/Tizen.NUI.Components.ni.dll generated successfully.
[09/17 19:11:17 UTC] Native image /usr/share/dotnet.tizen/framework/Tizen.NUI.Extension.ni.dll generated successfully.
[09/17 19:11:17 UTC] Native image /usr/share/dotnet.tizen/framework/Tizen.NUI.Gadget.ni.dll generated successfully.
[09/17 19:11:17 UTC] Native image /usr/share/dotnet.tizen/framework/Tizen.NUI.Scene3D.ni.dll generated successfully.
[09/17 19:11:17 UTC] Native image /usr/share/dotnet.tizen/framework/Tizen.NUI.WindowSystem.ni.dll generated successfully.
[09/17 19:11:17 UTC] Native image /usr/share/dotnet.tizen/framework/Tizen.NUI.ni.dll generated successfully.
[09/17 19:11:17 UTC] Native image /usr/share/dotnet.tizen/framework/Tizen.Network.Bluetooth.ni.dll generated successfully.
[09/17 19:11:17 UTC] Native image /usr/share/dotnet.tizen/framework/Tizen.Network.Connection.ni.dll generated successfully.
[09/17 19:11:17 UTC] Native image /usr/share/dotnet.tizen/framework/Tizen.Network.IoTConnectivity.ni.dll generated successfully.
[09/17 19:11:17 UTC] Native image /usr/share/dotnet.tizen/framework/Tizen.Network.Nsd.ni.dll generated successfully.
[09/17 19:11:17 UTC] Native image /usr/share/dotnet.tizen/framework/Tizen.Network.Stc.ni.dll generated successfully.
[09/17 19:11:17 UTC] Native image /usr/share/dotnet.tizen/framework/Tizen.Network.WiFi.ni.dll generated successfully.
[09/17 19:11:17 UTC] Native image /usr/share/dotnet.tizen/framework/Tizen.Network.WiFiDirect.ni.dll generated successfully.
[09/17 19:11:17 UTC] Native image /usr/share/dotnet.tizen/framework/Tizen.Peripheral.ni.dll generated successfully.
[09/17 19:11:17 UTC] Native image /usr/share/dotnet.tizen/framework/Tizen.Pims.Calendar.ni.dll generated successfully.
[09/17 19:11:17 UTC] Native image /usr/share/dotnet.tizen/framework/Tizen.Pims.Contacts.ni.dll generated successfully.
[09/17 19:11:17 UTC] Native image /usr/share/dotnet.tizen/framework/Tizen.Runtime.ni.dll generated successfully.
[09/17 19:11:17 UTC] Native image /usr/share/dotnet.tizen/framework/Tizen.Security.PrivacyPrivilegeManager.ni.dll generated successfully.
[09/17 19:11:17 UTC] Native image /usr/share/dotnet.tizen/framework/Tizen.Security.SecureRepository.ni.dll generated successfully.
[09/17 19:11:17 UTC] Native image /usr/share/dotnet.tizen/framework/Tizen.Security.WebAuthn.ni.dll generated successfully.
[09/17 19:11:17 UTC] Native image /usr/share/dotnet.tizen/framework/Tizen.Security.ni.dll generated successfully.
[09/17 19:11:17 UTC] Native image /usr/share/dotnet.tizen/framework/Tizen.Sensor.ni.dll generated successfully.
[09/17 19:11:17 UTC] Native image /usr/share/dotnet.tizen/framework/Tizen.System.Feedback.ni.dll generated successfully.
[09/17 19:11:17 UTC] Native image /usr/share/dotnet.tizen/framework/Tizen.System.Information.ni.dll generated successfully.
[09/17 19:11:17 UTC] Native image /usr/share/dotnet.tizen/framework/Tizen.System.MediaKey.ni.dll generated successfully.
[09/17 19:11:17 UTC] Native image /usr/share/dotnet.tizen/framework/Tizen.System.PlatformConfig.ni.dll generated successfully.
[09/17 19:11:17 UTC] Native image /usr/share/dotnet.tizen/framework/Tizen.System.Session.ni.dll generated successfully.
[09/17 19:11:17 UTC] Native image /usr/share/dotnet.tizen/framework/Tizen.System.Storage.ni.dll generated successfully.
[09/17 19:11:17 UTC] Native image /usr/share/dotnet.tizen/framework/Tizen.System.SystemSettings.ni.dll generated successfully.
[09/17 19:11:17 UTC] Native image /usr/share/dotnet.tizen/framework/Tizen.System.Usb.ni.dll generated successfully.
[09/17 19:11:17 UTC] Native imaFail to set smack label
[09/17 19:11:17 UTC] Fail to set smack label
[09/17 19:11:17 UTC] Fail to set smack label
[09/17 19:11:17 UTC] Fail to set smack label
[09/17 19:11:17 UTC] Fail to set smack label
[09/17 19:11:17 UTC] Fail to set smack label
[09/17 19:11:17 UTC] Fail to set smack label
[09/17 19:11:17 UTC] Fail to set smack label
[09/17 19:11:17 UTC] Fail to set smack label
[09/17 19:11:17 UTC] Fail to set smack label
[09/17 19:11:17 UTC] Fail to set smack label
[09/17 19:11:17 UTC] Fail to set smack label
[09/17 19:11:17 UTC] ge /usr/share/dotnet.tizen/framework/Tizen.System.ni.dll generated successfully.
[09/17 19:11:17 UTC] Native image /usr/share/dotnet.tizen/framework/Tizen.Tracer.ni.dll generated successfully.
[09/17 19:11:17 UTC] Native image /usr/share/dotnet.tizen/framework/Tizen.Uix.InputMethod.ni.dll generated successfully.
[09/17 19:11:17 UTC] Native image /usr/share/dotnet.tizen/framework/Tizen.Uix.InputMethodManager.ni.dll generated successfully.
[09/17 19:11:17 UTC] Native image /usr/share/dotnet.tizen/framework/Tizen.Uix.Sticker.ni.dll generated successfully.
[09/17 19:11:17 UTC] Native image /usr/share/dotnet.tizen/framework/Tizen.Uix.Stt.ni.dll generated successfully.
[09/17 19:11:17 UTC] Native image /usr/share/dotnet.tizen/framework/Tizen.Uix.SttEngine.ni.dll generated successfully.
[09/17 19:11:17 UTC] Native image /usr/share/dotnet.tizen/framework/Tizen.Uix.Tts.ni.dll generated successfully.
[09/17 19:11:17 UTC] Native image /usr/share/dotnet.tizen/framework/Tizen.Uix.TtsEngine.ni.dll generated successfully.
[09/17 19:11:17 UTC] Native image /usr/share/dotnet.tizen/framework/Tizen.Uix.VoiceControl.ni.dll generated successfully.
[09/17 19:11:17 UTC] Native image /usr/share/dotnet.tizen/framework/Tizen.Uix.VoiceControlManager.ni.dll generated successfully.
[09/17 19:11:17 UTC] Native image /usr/share/dotnet.tizen/framework/Tizen.WindowSystem.ni.dll generated successfully.
[09/17 19:11:17 UTC] Native image /usr/share/dotnet.tizen/framework/Tizen.ni.dll generated successfully.
[09/17 19:11:17 UTC] Native image /usr/share/dotnet/shared/Microsoft.NETCore.App/8.0.11/Microsoft.CSharp.ni.dll generated successfully.
[09/17 19:11:17 UTC] Native image /usr/share/dotnet/shared/Microsoft.NETCore.App/8.0.11/Microsoft.VisualBasic.Core.ni.dll generated successfully.
[09/17 19:11:17 UTC] Native image /usr/share/dotnet/shared/Microsoft.NETCore.App/8.0.11/Microsoft.VisualBasic.ni.dll generated successfully.
[09/17 19:11:17 UTC] Native image /usr/share/dotnet/shared/Microsoft.NETCore.App/8.0.11/Microsoft.Win32.Primitives.ni.dll generated successfully.
[09/17 19:11:17 UTC] Native image /usr/share/dotnet/shared/Microsoft.NETCore.App/8.0.11/Microsoft.Win32.Registry.ni.dll generated successfully.
[09/17 19:11:17 UTC] Native image /usr/share/dotnet/shared/Microsoft.NETCore.App/8.0.11/System.AppContext.ni.dll generated successfully.
[09/17 19:11:17 UTC] Native image /usr/share/dotnet/shared/Microsoft.NETCore.App/8.0.11/System.Buffers.ni.dll generated successfully.
[09/17 19:11:17 UTC] Native image /usr/share/dotnet/shared/Microsoft.NETCore.App/8.0.11/System.Collections.Concurrent.ni.dll generated successfully.
[09/17 19:11:17 UTC] Native image /usr/share/dotnet/shared/Microsoft.NETCore.App/8.0.11/System.Collections.Immutable.ni.dll generated successfully.
[09/17 19:11:17 UTC] Native image /usr/share/dotnet/shared/Microsoft.NETCore.App/8.0.11/System.Collections.NonGeneric.ni.dll generated successfully.
[09/17 19:11:17 UTC] Native image /usr/share/dotnet/shared/Microsoft.NETCore.App/8.0.11/System.Collections.Specialized.ni.dll generated successfully.
[09/17 19:11:17 UTC] Native image /usr/share/dotnet/shared/Microsoft.NETCore.App/8.0.11/System.Collections.ni.dll generated successfully.
[09/17 19:11:17 UTC] Native image /usr/share/dotnet/shared/Microsoft.NETCore.App/8.0.11/System.ComponentModel.Annotations.ni.dll generated successfully.
[09/17 19:11:17 UTC] Native image /usr/share/dotnet/shared/Microsoft.NETCore.App/8.0.11/System.ComponentModel.DataAnnotations.ni.dll generated successfully.
[09/17 19:11:17 UTC] Native image /usr/share/dotnet/shared/Microsoft.NETCore.App/8.0.11/System.ComponentModel.EventBasedAsync.ni.dll generated successfully.
[09/17 19:11:17 UTC] Native image /usr/share/dotnet/shared/Microsoft.NETCore.App/8.0.11/System.ComponentModel.Primitives.ni.dll generated successfully.
[09/17 19:11:17 UTC] Native image /usr/share/dotnet/shared/Microsoft.NETCore.App/8.0.11/System.ComponentModel.TypeConverter.ni.dll generated successfully.
[09/17 19:11:17 UTC] Native image /usr/share/dotnet/shared/Microsoft.NETCore.App/8.0.11/System.ComponentModel.ni.dll generated successfully.
[09/17 19:11:17 UTC] Native image /usr/share/dotnet/shared/Microsoft.NETCore.App/8.0.11/System.Configuration.ni.dll generated successfully.
[09/17 19:11:17 UTC] Native image /usr/share/dotnet/shared/Microsoft.NETCore.App/8.0.11/System.Console.ni.dll generated successfully.
[09/17 19:11:17 UTC] Native image /usr/share/dotnet/shared/Microsoft.NETCore.App/8.0.11/System.Core.ni.dll generated successfully.
[09/17 19:11:17 UTC] Native image /usr/share/dotnet/shared/Microsoft.NETCore.App/8.0.11/System.Data.Common.ni.dll generated successfully.
[09/17 19:11:17 UTC] Native image /usr/share/dotnet/shared/Microsoft.NETCore.App/8.0.11/System.Data.DataSetExtensions.ni.dll generated successfully.
[09/17 19:11:17 UTC] Native image /usr/share/dotnet/shared/Microsoft.NETCore.App/8.0.11/System.Data.ni.dll generated successfully.
[09/17 19:11:17 UTC] Native image /usr/share/dotnet/shared/Microsoft.NETCore.App/8.0.11/System.Diagnostics.Contracts.ni.dll generated successfully.
[09/17 19:11:17 UTC] Native image /usr/share/dotnet/shared/Microsoft.NETCore.App/8.0.11/System.Diagnostics.Debug.ni.dll generated successfully.
[09/17 19:11:17 UTC] Native image /usr/share/dotnet/shared/Microsoft.NETCore.App/8.0.11/System.Diagnostics.DiagnosticSource.ni.dll generated successfully.
[09/17 19:11:17 UTC] Native image /usr/share/dotnet/shared/Microsoft.NETCore.App/8.0.11/System.Diagnostics.FileVersionInfo.ni.dll generated successfully.
[09/17 19:11:17 UTC] Native image /usr/share/dotnet/shared/Microsoft.NETCore.App/8.0.11/System.Diagnostics.Process.ni.dll generated successfully.
[09/17 19:11:17 UTC] Native image /usr/share/dotnet/shared/Microsoft.NETCore.App/8.0.11/System.Diagnostics.StackTrace.ni.dll generated successfully.
[09/17 19:11:17 UTC] Native image /usr/share/dotnet/shared/Microsoft.NETCore.App/8.0.11/System.Diagnostics.TextWriterTraceListener.ni.dll generated successfully.
[09/17 19:11:17 UTC] Native image /usr/share/dotnet/shared/Microsoft.NETCore.App/8.0.11/System.Diagnostics.Tools.ni.dll generated successfully.
[09/17 19:11:17 UTC] Native image /usr/share/dotnet/shared/Microsoft.NETCore.App/8.0.11/System.Diagnostics.TraceSource.ni.dll generated successfully.
[09/17 19:11:17 UTC] Native image /usr/share/dotnet/shared/Microsoft.NETCore.App/8.0.11/System.Diagnostics.Tracing.ni.dll generated successfully.
[09/17 19:11:17 UTC] Native image /usr/share/dotnet/shared/Microsoft.NETCore.App/8.0.11/System.Drawing.Primitives.ni.dll generated successfully.
[09/17 19:11:17 UTC] Native image /usr/share/dotnet/shared/Microsoft.NETCore.App/8.0.11/System.Drawing.ni.dll generated successfully.
[09/17 19:11:17 UTC] Native image /usr/share/dotnet/shared/Microsoft.NETCore.App/8.0.11/System.Dynamic.Runtime.ni.dll generated successfully.
[09/17 19:11:17 UTC] Native image /usr/share/dotnet/shared/Microsoft.NETCore.App/8.0.11/System.Formats.Asn1.ni.dll generated successfully.
[09/17 19:11:17 UTC] Native image /usr/share/dotnet/shared/Microsoft.NETCore.App/8.0.11/System.Formats.Tar.ni.dll generated successfully.
[09/17 19:11:17 UTC] Native image /usr/share/dotnet/shared/Microsoft.NETCore.App/8.0.11/System.Globalization.Calendars.ni.dll generated successfully.
[09/17 19:11:17 UTC] Native image /usr/share/dotnet/shared/Microsoft.NETCore.App/8.0.11/System.Globalization.Extensions.ni.dll generated successfully.
[09/17 19:11:17 UTC] Native image /usr/share/dotnet/shared/Microsoft.NETCore.App/8.0.11/System.Globalization.ni.dll generated successfully.
[09/17 19:11:17 UTC] Native image /usr/share/dotnet/shared/Microsoft.NETCore.App/8.0.11/System.IO.Compression.Brotli.ni.dll generated successfully.
[09/17 19:11:17 UTC] Native image /usr/share/dotnet/shared/Microsoft.NETCore.App/8.0.11/System.IO.Compression.FileSystem.ni.dll generated successfully.
[09/17 19:11:17 UTC] Native image /usr/share/dotnet/shared/Microsoft.NETCore.App/8.0.11/System.IO.Compression.ZipFile.ni.dll generated successfully.
[09/17 19:11:17 UTC] Native image /usr/share/dotnet/shared/Microsoft.NETCore.App/8.0.11/System.IO.Compression.ni.dll generated successfully.
[09/17 19:11:17 UTC] Native image /usr/share/dotnet/shared/Microsoft.NETCore.App/8.0.11/System.IO.FileSystem.AccessControl.ni.dll generated successfully.
[09/17 19:11:17 UTC] Native image /usr/share/dotnet/shared/Microsoft.NETCore.App/8.0.11/System.IO.FileSystem.DriveInfo.ni.dll generated successfully.
[09/17 19:11:17 UTC] Native image /usr/share/dotnet/shared/Microsoft.NETCore.App/8.0.11/System.IO.FileSystem.Primitives.ni.dll generated successfully.
[09/17 19:11:17 UTC] Native image /usr/share/dotnet/shared/Microsoft.NETCore.App/8.0.11/System.IO.FileSystem.Watcher.ni.dll generated successfully.
[09/17 19:11:17 UTC] Native image /usr/share/dotnet/shared/Microsoft.NETCore.App/8.0.11/System.IO.FileSystem.ni.dll generated successfully.
[09/17 19:11:17 UTC] Native image /usr/share/dotnet/shared/Microsoft.NETCore.App/8.0.11/System.IO.IsolatedStorage.ni.dll generated successfully.
[09/17 19:11:17 UTC] Native image /usr/share/dotnet/shared/Microsoft.NETCore.App/8.0.11/System.IO.MemoryMappedFiles.ni.dll generated successfully.
[09/17 19:11:17 UTC] Native image /usr/share/dotnet/shared/Microsoft.NETCore.App/8.0.11/System.IO.Pipes.AccessControl.ni.dll generated successfully.
[09/17 19:11:17 UTC] Native image /usr/share/dotnet/shared/Microsoft.NETCore.App/8.0.11/System.IO.Pipes.ni.dll generated successfully.
[09/17 19:11:17 UTC] Native image /usr/share/dotnet/shared/Microsoft.NETCore.App/8.0.11/System.IO.UnmanagedMemoryStream.ni.dll generated successfully.
[09/17 19:11:17 UTC] Native image /usr/share/dotnet/shared/Microsoft.NETCore.App/8.0.11/System.IO.ni.dll generated successfully.
[09/17 19:11:17 UTC] Native image /usr/share/dotnet/shared/Microsoft.NETCore.App/8.0.11/System.Linq.Expressions.ni.dll generated successfully.
[09/17 19:11:17 UTC] Native image /usr/share/dotnet/shared/Microsoft.NETCore.App/8.0.11/System.Linq.Parallel.ni.dll generated successfully.
[09/17 19:11:17 UTC] Native image /usr/share/dotnet/shared/Microsoft.NETCore.App/8.0.11/System.Linq.Queryable.ni.dll generated successfully.
[09/17 19:11:17 UTC] Native image /usr/share/dotnet/shared/Microsoft.NETCore.App/8.0.11/System.Linq.ni.dll generated successfully.
[09/17 19:11:17 UTC] Native image /usr/share/dotnet/shared/Microsoft.NETCore.App/8.0.11/System.Memory.ni.dll generated successfully.
[09/17 19:11:17 UTC] Native image /usr/share/dotnet/shared/Microsoft.NETCore.App/8.0.11/System.Net.Http.Json.ni.dll generated successfully.
[09/17 19:11:17 UTC] Native image /usr/share/dotnet/shared/Microsoft.NETCore.App/8.0.11/System.Net.Http.ni.dll generated successfully.
[09/17 19:11:17 UTC] Native image /usr/share/dotnet/shared/Microsoft.NETCore.App/8.0.11/System.Net.HttpListener.ni.dll generated successfully.
[09/17 19:11:17 UTC] Native image /usr/share/dotnet/shared/Microsoft.NETCore.App/8.0.11/System.Net.Mail.ni.dll generated successfully.
[09/17 19:11:17 UTC] Native image /usr/share/dotnet/shared/Microsoft.NETCore.App/8.0.11/System.Net.NameResolution.ni.dll generated successfully.
[09/17 19:11:17 UTC] Native image /usr/share/dotnet/shared/Microsoft.NETCore.App/8.0.11/System.Net.NetworkInformation.ni.dll generated successfully.
[09/17 19:11:17 UTC] Native image /usr/share/dotnet/shared/Microsoft.NETCore.App/8.0.11/System.Net.Ping.ni.dll generated successfully.
[09/17 19:11:17 UTC] Native image /usr/share/dotnet/shared/Microsoft.NETCore.App/8.0.11/System.Net.Primitives.ni.dll generated successfully.
[09/17 19:11:17 UTC] Native image /usr/share/dotnet/shared/Microsoft.NETCore.App/8.0.11/System.Net.Quic.ni.dll generated successfully.
[09/17 19:11:17 UTC] Native image /usr/share/dotnet/shared/Microsoft.NETCore.App/8.0.11/System.Net.Requests.ni.dll generated successfully.
[09/17 19:11:17 UTC] Native image /usr/share/dotnet/shared/Microsoft.NETCore.App/8.0.11/System.Net.Security.ni.dll generated successfully.
[09/17 19:11:17 UTC] Native image /usr/share/dotnet/shared/Microsoft.NETCore.App/8.0.11/System.Net.ServicePoint.ni.dll generated successfully.
[09/17 19:11:17 UTC] Native image /usr/share/dotnet/shared/Microsoft.NETCore.App/8.0.11/System.Net.Sockets.ni.dll generated successfully.
[09/17 19:11:17 UTC] Native image /usr/share/dotnet/shared/Microsoft.NETCore.App/8.0.11/System.Net.WebClient.ni.dll generated successfully.
[09/17 19:11:17 UTC] Native image /usr/share/dotnet/shared/Microsoft.NETCore.App/8.0.11/System.Net.WebHeaderCollection.ni.dll generated successfully.
[09/17 19:11:17 UTC] Native image /usr/share/dotnet/shared/Microsoft.NETCore.App/8.0.11/System.Net.WebProxy.ni.dll generated successfully.
[09/17 19:11:17 UTC] Native image /usr/share/dotnet/shared/Microsoft.NETCore.App/8.0.11/System.Net.WebSockets.Client.ni.dll generated successfully.
[09/17 19:11:17 UTC] Native image /usr/share/dotnet/shared/Microsoft.NETCore.App/8.0.11/System.Net.WebSockets.ni.dll generated successfully.
[09/17 19:11:17 UTC] Native image /usr/share/dotnet/shared/Microsoft.NETCore.App/8.0.11/System.Net.ni.dll generated successfully.
[09/17 19:11:17 UTC] Native image /usr/share/dotnet/shared/Microsoft.NETCore.App/8.0.11/System.Numerics.Vectors.ni.dll generated successfully.
[09/17 19:11:17 UTC] Native image /usr/share/dotnet/shared/Microsoft.NETCore.App/8.0.11/System.Numerics.ni.dll generated successfully.
[09/17 19:11:17 UTC] Native image /usr/share/dotnet/shared/Microsoft.NETCore.App/8.0.11/System.ObjectModel.ni.dll generated successfully.
[09/17 19:11:17 UTC] Native image /usr/share/dotnet/shared/Microsoft.NETCore.App/8.0.11/System.Private.DataContractSerialization.ni.dll generated successfully.
[09/17 19:11:17 UTC] Native image /usr/share/dotnet/shared/Microsoft.NETCore.App/8.0.11/System.Private.Uri.ni.dll generated successfully.
[09/17 19:11:17 UTC] Native image /usr/share/dotnet/shared/Microsoft.NETCore.App/8.0.11/System.Private.Xml.Linq.ni.dll generated successfully.
[09/17 19:11:17 UTC] Native image /usr/share/dotnet/shared/Microsoft.NETCore.App/8.0.11/System.Private.Xml.ni.dll generated successfully.
[09/17 19:11:17 UTC] Native image /usr/share/dotnet/shared/Microsoft.NETCore.App/8.0.11/System.Reflection.DispatchProxy.ni.dll generated successfully.
[09/17 19:11:17 UTC] Native image /usr/share/dotnet/shared/Microsoft.NETCore.App/8.0.11/System.Reflection.Emit.ILGeneration.ni.dll generated successfully.
[09/17 19:11:17 UTC] Native image /usr/share/dotnet/shared/Microsoft.NETCore.App/8.0.11/System.Reflection.Emit.Lightweight.ni.dll generated successfully.
[09/17 19:11:17 UTC] Native image /usr/share/dotnet/shared/Microsoft.NETCore.App/8.0.11/System.Reflection.Emit.ni.dll generated successfully.
[09/17 19:11:17 UTC] Native image /usr/share/dotnet/shared/Microsoft.NETCore.App/8.0.11/System.Reflection.Extensions.ni.dll generated successfully.
[09/17 19:11:17 UTC] Native image /usr/share/dotnet/shared/Microsoft.NETCore.App/8.0.11/System.Reflection.Metadata.ni.dll generated successfully.
[09/17 19:11:17 UTC] Native image /usr/share/dotnet/shared/Microsoft.NETCore.App/8.0.11/System.Reflection.Primitives.ni.dll generated successfully.
[09/17 19:11:17 UTC] Native image /usr/share/dotnet/shared/Microsoft.NETCore.App/8.0.11/System.Reflection.TypeExtensions.ni.dll generated successfully.
[09/17 19:11:17 UTC] Native image /usr/share/dotnet/shared/Microsoft.NETCore.App/8.0.11/System.Reflection.ni.dll generated successfully.
[09/17 19:11:17 UTC] Native image /usr/share/dotnet/shared/Microsoft.NETCore.App/8.0.11/System.Resources.Reader.ni.dll generated successfully.
[09/17 19:11:17 UTC] Native image /usr/share/dotnet/shared/Microsoft.NETCore.App/8.0.11/System.Resources.ResourceManager.ni.dll generated successfully.
[09/17 19:11:17 UTC] Native image /usr/share/dotnet/shared/Microsoft.NETCore.App/8.0.11/System.Resources.Writer.ni.dll generated successfully.
[09/17 19:11:17 UTC] Native image /usr/share/dotnet/shared/Microsoft.NETCore.App/8.0.11/System.Runtime.CompilerServices.Unsafe.ni.dll generated successfully.
[09/17 19:11:17 UTC] Native image /usr/share/dotnet/shared/Microsoft.NETCore.App/8.0.11/System.Runtime.CompilerServices.VisualC.ni.dll generated successfully.
[09/17 19:11:17 UTC] Native image /usr/share/dotnet/shared/Microsoft.NETCore.App/8.0.11/System.Runtime.Extensions.ni.dll generated successfully.
[09/17 19:11:17 UTC] Native image /usr/share/dotnet/shared/Microsoft.NETCore.App/8.0.11/System.Runtime.Handles.ni.dll generated successfully.
[09/17 19:11:17 UTC] Native image /usr/share/dotnet/shared/Microsoft.NETCore.App/8.0.11/System.Runtime.InteropServices.JavaScript.ni.dll generated successfully.
[09/17 19:11:17 UTC] Native image /usr/share/dotnet/shared/Microsoft.NETCore.App/8.0.11/System.Runtime.InteropServices.RuntimeInformation.ni.dll generated successfully.
[09/17 19:11:17 UTC] Native image /usr/share/dotnet/shared/Microsoft.NETCore.App/8.0.11/System.Runtime.InteropServices.ni.dll generated successfully.
[09/17 19:11:17 UTC] Native image /usr/share/dotnet/shared/Microsoft.NETCore.App/8.0.11/System.Runtime.Intrinsics.ni.dll generated successfully.
[09/17 19:11:17 UTC] Native image /usr/share/dotnet/shared/Microsoft.NETCore.App/8.0.11/System.Runtime.Loader.ni.dll generated successfully.
[09/17 19:11:17 UTC] Native image /usr/share/dotnet/shared/Microsoft.NETCore.App/8.0.11/System.Runtime.Numerics.ni.dll generated successfully.
[09/17 19:11:17 UTC] Native image /usr/share/dotnet/shared/Microsoft.NETCore.App/8.0.11/System.Runtime.Serialization.Formatters.ni.dll generated successfully.
[09/17 19:11:17 UTC] Native image /usr/share/dotnet/shared/Microsoft.NETCore.App/8.0.11/System.Runtime.Serialization.Json.ni.dll generated successfully.
[09/17 19:11:17 UTC] Native image /usr/share/dotnet/shared/Microsoft.NETCore.App/8.0.11/System.Runtime.Serialization.Primitives.ni.dll generated successfully.
[09/17 19:11:17 UTC] Native image /usr/share/dotnet/shared/Microsoft.NETCore.App/8.0.11/System.Runtime.Serialization.Xml.ni.dll generated successfully.
[09/17 19:11:17 UTC] Native image /usr/share/dotnet/shared/Microsoft.NETCore.App/8.0.11/System.Runtime.Serialization.ni.dll generated successfully.
[09/17 19:11:17 UTC] Native image /usr/share/dotnet/shared/Microsoft.NETCore.App/8.0.11/System.Runtime.ni.dll generated successfully.
[09/17 19:11:17 UTC] Native image /usr/share/dotnet/shared/Microsoft.NETCore.App/8.0.11/System.Security.AccessControl.ni.dll generated successfully.
[09/17 19:11:17 UTC] Native image /usr/share/dotnet/shared/Microsoft.NETCore.App/8.0.11/System.Security.Claims.ni.dll generated successfully.
[09/17 19:11:17 UTC] Native image /usr/share/dotnet/shared/Microsoft.NETCore.App/8.0.11/System.Security.Cryptography.Algorithms.ni.dll generated successfully.
[09/17 19:11:17 UTC] Native image /usr/share/dotnet/shared/Microsoft.NETCore.App/8.0.11/System.Security.Cryptography.Cng.ni.dll generated successfully.
[09/17 19:11:17 UTC] Native image /usr/share/dotnet/shared/Microsoft.NETCore.App/8.0.11/System.Security.Cryptography.Csp.ni.dll generated successfully.
[09/17 19:11:17 UTC] Native image /usr/share/dotnet/shared/Microsoft.NETCore.App/8.0.11/System.Security.Cryptography.Encoding.ni.dll generated successfully.
[09/17 19:11:17 UTC] Native image /usr/share/dotnet/shared/Microsoft.NETCore.App/8.0.11/System.Security.Cryptography.OpenSsl.ni.dll generated successfully.
[09/17 19:11:17 UTC] Native image /usr/share/dotnet/shared/Microsoft.NETCore.App/8.0.11/System.Security.Cryptography.Primitives.ni.dll generated successfully.
[09/17 19:11:17 UTC] Native image /usr/share/dotnet/shared/Microsoft.NETCore.App/8.0.11/System.Security.Cryptography.X509Certificates.ni.dll generated successfully.
[09/17 19:11:17 UTC] Native image /usr/share/dotnet/shared/Microsoft.NETCore.App/8.0.11/System.Security.Cryptography.ni.dll generated successfully.
[09/17 19:11:17 UTC] Native image /usr/share/dotnet/shared/Microsoft.NETCore.App/8.0.11/System.Security.Principal.Windows.ni.dll generated successfully.
[09/17 19:11:17 UTC] Native image /usr/share/dotnet/shared/Microsoft.NETCore.App/8.0.11/System.Security.Principal.ni.dll generated successfully.
[09/17 19:11:17 UTC] Native image /usr/share/dotnet/shared/Microsoft.NETCore.App/8.0.11/System.Security.SecureString.ni.dll generated successfully.
[09/17 19:11:17 UTC] Native image /usr/share/dotnet/shared/Microsoft.NETCore.App/8.0.11/System.Security.ni.dll generated successfully.
[09/17 19:11:17 UTC] Native image /usr/share/dotnet/shared/Microsoft.NETCore.App/8.0.11/System.ServiceModel.Web.ni.dll generated successfully.
[09/17 19:11:17 UTC] Native image /usr/share/dotnet/shared/Microsoft.NETCore.App/8.0.11/System.ServiceProcess.ni.dll generated successfully.
[09/17 19:11:17 UTC] Native image /usr/share/dotnet/shared/Microsoft.NETCore.App/8.0.11/System.Text.Encoding.CodePages.ni.dll generated successfully.
[09/17 19:11:17 UTC] Native image /usr/share/dotnet/shared/Microsoft.NETCore.App/8.0.11/System.Text.Encoding.Extensions.ni.dll generated successfully.
[09/17 19:11:17 UTC] Native image /usr/share/dotnet/shared/Microsoft.NETCore.App/8.0.11/System.Text.Encoding.ni.dll generated successfully.
[09/17 19:11:17 UTC] Native image /usr/share/dotnet/shared/Microsoft.NETCore.App/8.0.11/System.Text.Encodings.Web.ni.dll generated successfully.
[09/17 19:11:17 UTC] Native image /usr/share/dotnet/shared/Microsoft.NETCore.App/8.0.11/System.Text.Json.ni.dll generated successfully.
[09/17 19:11:17 UTC] Native image /usr/share/dotnet/shared/Microsoft.NETCore.App/8.0.11/System.Text.RegularExpressions.ni.dll generated successfully.
[09/17 19:11:17 UTC] Native image /usr/share/dotnet/shared/Microsoft.NETCore.App/8.0.11/System.Threading.Channels.ni.dll generated successfully.
[09/17 19:11:17 UTC] Native image /usr/share/dotnet/shared/Microsoft.NETCore.App/8.0.11/System.Threading.Overlapped.ni.dll generated successfully.
[09/17 19:11:17 UTC] Native image /usr/share/dotnet/shared/Microsoft.NETCore.App/8.0.11/System.Threading.Tasks.Dataflow.ni.dll generated successfully.
[09/17 19:11:17 UTC] Native image /usr/share/dotnet/shared/Microsoft.NETCore.App/8.0.11/System.Threading.Tasks.Extensions.ni.dll generated successfully.
[09/17 19:11:17 UTC] Native image /usr/share/dotnet/shared/Microsoft.NETCore.App/8.0.11/System.Threading.Tasks.Parallel.ni.dll generated successfully.
[09/17 19:11:17 UTC] Native image /usr/share/dotnet/shared/Microsoft.NETCore.App/8.0.11/System.Threading.Tasks.ni.dll generated successfully.
[09/17 19:11:17 UTC] Native image /usr/share/dotnet/shared/Microsoft.NETCore.App/8.0.11/System.Threading.Thread.ni.dll generated successfully.
[09/17 19:11:17 UTC] Native image /usr/share/dotnet/shared/Microsoft.NETCore.App/8.0.11/System.Threading.ThreadPool.ni.dll generated successfully.
[09/17 19:11:17 UTC] Native image /usr/share/dotnet/shared/Microsoft.NETCore.App/8.0.11/System.Threading.Timer.ni.dll generated successfully.
[09/17 19:11:17 UTC] Native image /usr/share/dotnet/shared/Microsoft.NETCore.App/8.0.11/System.Threading.ni.dll generated successfully.
[09/17 19:11:17 UTC] Native image /usr/share/dotnet/shared/Microsoft.NETCore.App/8.0.11/System.Transactions.Local.ni.dll generated successfully.
[09/17 19:11:17 UTC] Native image /usr/share/dotnet/shared/Microsoft.NETCore.App/8.0.11/System.Transactions.ni.dll generated successfully.
[09/17 19:11:17 UTC] Native image /usr/share/dotnet/shared/Microsoft.NETCore.App/8.0.11/System.ValueTuple.ni.dll generated successfully.
[09/17 19:11:17 UTC] Native image /usr/share/dotnet/shared/Microsoft.NETCore.App/8.0.11/System.Web.HttpUtility.ni.dll generated successfully.
[09/17 19:11:17 UTC] Native image /usr/share/dotnet/shared/Microsoft.NETCore.App/8.0.11/System.Web.ni.dll generated successfully.
[09/17 19:11:17 UTC] Native image /usr/share/dotnet/shared/Microsoft.NETCore.App/8.0.11/System.Windows.ni.dll generated successfully.
[09/17 19:11:17 UTC] Native image /usr/share/dotnet/shared/Microsoft.NETCore.App/8.0.11/System.Xml.Linq.ni.dll generated successfully.
[09/17 19:11:17 UTC] Native image /usr/share/dotnet/shared/Microsoft.NETCore.App/8.0.11/System.Xml.ReaderWriter.ni.dll generated successfully.
[09/17 19:11:17 UTC] Native image /usr/share/dotnet/shared/Microsoft.NETCore.App/8.0.11/System.Xml.Serialization.ni.dll generated successfully.
[09/17 19:11:17 UTC] Native image /usr/share/dotnet/shared/Microsoft.NETCore.App/8.0.11/System.Xml.XDocument.ni.dll generated successfully.
[09/17 19:11:17 UTC] Native image /usr/share/dotnet/shared/Microsoft.NETCore.App/8.0.11/System.Xml.XPath.XDocument.ni.dll generated successfully.
[09/17 19:11:17 UTC] Native image /usr/share/dotnet/shared/Microsoft.NETCore.App/8.0.11/System.Xml.XPath.ni.dll generated successfully.
[09/17 19:11:17 UTC] Native image /usr/share/dotnet/shared/Microsoft.NETCore.App/8.0.11/System.Xml.XmlDocument.ni.dll generated successfully.
[09/17 19:11:17 UTC] Native image /usr/share/dotnet/shared/Microsoft.NETCore.App/8.0.11/System.Xml.XmlSerializer.ni.dll generated successfully.
[09/17 19:11:17 UTC] Native image /usr/share/dotnet/shared/Microsoft.NETCore.App/8.0.11/System.Xml.ni.dll generated successfully.
[09/17 19:11:17 UTC] Native image /usr/share/dotnet/shared/Microsoft.NETCore.App/8.0.11/System.ni.dll generated successfully.
[09/17 19:11:17 UTC] Native image /usr/share/dotnet/shared/Microsoft.NETCore.App/8.0.11/WindowsBase.ni.dll generated successfully.
[09/17 19:11:17 UTC] Native image /usr/share/dotnet/shared/Microsoft.NETCore.App/8.0.11/mscorlib.ni.dll generated successfully.
[09/17 19:11:17 UTC] Native image /usr/share/dotnet/shared/Microsoft.NETCore.App/8.0.11/netstandard.ni.dll generated successfully.
[09/17 19:11:17 UTC] 
[09/17 19:11:17 UTC] Elapsed time for dotnettool is [167699]ms, [167.699]sec
[09/17 19:11:18 UTC] Emitting R2R PE file: /usr/apps/org.tizen.ISEDefaultNUI/bin/ISEDefaultNUI.ni.dll
[09/17 19:11:18 UTC] Emitting R2R PE file: /usr/apps/org.tizen.NUIGadgetViewer/bin/NUIGadgetViewer.ni.dll
[09/17 19:11:18 UTC] Emitting R2R PE file: /usr/apps/org.tizen.askuser-privacy-popup/bin/AskuserPopup.ni.dll
[09/17 19:11:19 UTC] Emitting R2R PE file: /usr/apps/org.tizen.cssetting-keyboard/bin/SettingKeyboard.ni.dll
[09/17 19:11:19 UTC] Emitting R2R PE file: /usr/apps/org.tizen.share-panel_common/bin/SharePanel.ni.dll
[09/17 19:11:20 UTC] Emitting R2R PE file: /usr/share/dotnet.tizen/tac/Tizen.UI.Components.Material/1.0.0-rc.5/Tizen.UI.Components.Material.ni.dll
[09/17 19:11:21 UTC] Emitting R2R PE file: /usr/share/dotnet.tizen/tac/Tizen.UI.Components/1.0.0-rc.5/Tizen.UI.Components.ni.dll
[09/17 19:11:21 UTC] Emitting R2R PE file: /usr/share/dotnet.tizen/tac/Tizen.UI.Layouts/1.0.0-rc.5/Tizen.UI.Layouts.ni.dll
[09/17 19:11:21 UTC] Emitting R2R PE file: /usr/share/dotnet.tizen/tac/Tizen.UI.Primitives2D/1.0.0-rc.5/Tizen.UI.Primitives2D.ni.dll
[09/17 19:11:21 UTC] Emitting R2R PE file: /usr/share/dotnet.tizen/tac/Tizen.UI.Visuals/1.0.0-rc.5/Tizen.UI.Visuals.ni.dll
[09/17 19:11:21 UTC] Emitting R2R PE file: /usr/share/dotnet.tizen/tac/Tizen.UI.Widget/1.0.0-rc.5/Tizen.UI.Widget.ni.dll
[09/17 19:11:22 UTC] Emitting R2R PE file: /usr/share/dotnet.tizen/tac/Tizen.UI/1.0.0-rc.5/Tizen.UI.ni.dll
[09/17 19:11:22 UTC] Emitting R2R PE file: /usr/apps/org.tizen.systemui/bin/SystemUI.ni.dll
[09/17 19:11:22 UTC] Native image /usr/apps/org.tizen.ISEDefaultNUI/bin/.native_image_tmp/ISEDefaultNUI.ni.dll generated successfully.
[09/17 19:11:22 UTC] Successfully renamed /usr/apps/org.tizen.ISEDefaultNUI/bin/.native_image_tmp to /usr/apps/org.tizen.ISEDefaultNUI/bin/.native_image
[09/17 19:11:22 UTC] Completed generating native images for application [org.tizen.ISEDefaultNUI]
[09/17 19:11:22 UTC] Native image /usr/apps/org.tizen.NUIGadgetViewer/bin/.native_image_tmp/NUIGadgetViewer.ni.dll generated successfully.
[09/17 19:11:22 UTC] Successfully renamed /usr/apps/org.tizen.NUIGadgetViewer/bin/.native_image_tmp to /usr/apps/org.tizen.NUIGadgetViewer/bin/.native_image
[09/17 19:11:22 UTC] Completed generating native images for application [org.tizen.NUIGadgetViewer]
[09/17 19:11:22 UTC] Native image /usr/apps/org.tizen.askuser-privacy-popup/bin/.native_image_tmp/AskuserPopup.ni.dll generated successfully.
[09/17 19:11:22 UTC] Successfully renamed /usr/apps/org.tizen.askuser-privacy-popup/bin/.native_image_tmp to /usr/apps/org.tizen.askuser-privacy-popup/bin/.native_image
[09/17 19:11:22 UTC] Completed generating native images for application [org.tizen.askuser-privacy-popup]
[09/17 19:11:22 UTC] Native image /usr/apps/org.tizen.cssetting-keyboard/bin/.native_image_tmp/SettingKeyboard.ni.dll generated successfully.
[09/17 19:11:22 UTC] Successfully renamed /usr/apps/org.tizen.cssetting-keyboard/bin/.native_image_tmp to /usr/apps/org.tizen.cssetting-keyboard/bin/.native_image
[09/17 19:11:22 UTC] Completed generating native images for application [org.tizen.cssetting-keyboard]
[09/17 19:11:22 UTC] Native image /usr/apps/org.tizen.share-panel_common/bin/.native_image_tmp/SharePanel.ni.dll generated successfully.
[09/17 19:11:22 UTC] Successfully renamed /usr/apps/org.tizen.share-panel_common/bin/.native_image_tmp to /usr/apps/org.tizen.share-panel_common/bin/.native_image
[09/17 19:11:22 UTC] Completed generating native images for application [org.tizen.share-panel_common]
[09/17 19:11:22 UTC] Native image /usr/share/dotnet.tizen/tac/Tizen.UI.Components.Material/1.0.0-rc.5/Tizen.UI.Components.Material.ni.dll generated successfully.
[09/17 19:11:22 UTC] Native image /usr/share/dotnet.tizen/tac/Tizen.UI.Components/1.0.0-rc.5/Tizen.UI.Components.ni.dll generated successfully.
[09/17 19:11:22 UTC] Native image /usr/share/dotnet.tizen/tac/Tizen.UI.Layouts/1.0.0-rc.5/Tizen.UI.Layouts.ni.dll generated successfully.
[09/17 19:11:22 UTC] Native image /usr/share/dotnet.tizen/tac/Tizen.UI.Primitives2D/1.0.0-rc.5/Tizen.UI.Primitives2D.ni.dll generated successfully.
[09/17 19:11:22 UTC] Native image /usr/share/dotnet.tizen/tac/Tizen.UI.Visuals/1.0.0-rc.5/Tizen.UI.Visuals.ni.dll generated successfully.
[09/17 19:11:22 UTC] Native image /usr/share/dotnet.tizen/tac/Tizen.UI.Widget/1.0.0-rc.5/Tizen.UI.Widget.ni.dll generated successfully.
[09/17 19:11:22 UTC] Native image /usr/share/dotnet.tizen/tac/Tizen.UI/1.0.0-rc.5/Tizen.UI.ni.dll generated successfully.
[09/17 19:11:22 UTC] /usr/apps/org.tizen.systemui/bin/.tac_symlink/Tizen.UI.Primitives2D.dll symbolic link file generated successfully.
[09/17 19:11:22 UTC] /usr/apps/org.tizen.systemui/bin/.tac_symlink/Tizen.UI.Layouts.dll symbolic link file generated successfully.
[09/17 19:11:22 UTC] /usr/apps/org.tizen.systemui/bin/.tac_symlink/Tizen.UI.Components.dll symbolic link file generated successfully.
[09/17 19:11:22 UTC] /usr/apps/org.tizen.systemui/bin/.tac_symlink/Tizen.UI.dll symbolic link file generated successfully.
[09/17 19:11:22 UTC] /usr/apps/org.tizen.systemui/bin/.tac_symlink/Tizen.UI.Visuals.dll symbolic link file generated successfully.
[09/17 19:11:22 UTC] /usr/apps/org.tizen.systemui/bin/.tac_symlink/Tizen.UI.Widget.dll symbolic link file generated successfully.
[09/17 19:11:22 UTC] /usr/apps/org.tizen.systemui/bin/.tac_symlink/Tizen.UI.Components.Material.dll symbolic link file generated successfully.
[09/17 19:11:22 UTC] Native image /usr/apps/org.tizen.systemui/bin/.native_image_tmp/SystemUI.ni.dll generated successfully.
[09/17 19:11:22 UTC] Successfully renamed /usr/apps/org.tizen.systemui/bin/.native_image_tmp to /usr/apps/org.tizen.systemui/bin/.native_image
[09/17 19:11:22 UTC] Completed generating native images for application [org.tizen.systemui]
[09/17 19:11:22 UTC] + /usr/apps/org.tizen.SystemPopupGadget/res/allowed/org.tizen.appfw.gadget.SystemPopupGadget/SystemPopupGadget.dll
[09/17 19:11:22 UTC] ==================== NI Commands =========================
[09/17 19:11:22 UTC] + /opt/usr/dotnet/mic/crossgen2
[09/17 19:11:22 UTC] + --jitpath
[09/17 19:11:22 UTC] + /opt/usr/dotnet/mic/libclrjit_universal_arm64_x64.so
[09/17 19:11:22 UTC] + --targetarch
[09/17 19:11:22 UTC] + arm64
[09/17 19:11:22 UTC] + --targetos
[09/17 19:11:22 UTC] + linux
[09/17 19:11:22 UTC] + --resilient
[09/17 19:11:22 UTC] + --Ot
[09/17 19:11:22 UTC] + --instruction-set
[09/17 19:11:22 UTC] + -optimistic
[09/17 19:11:22 UTC] + -r:/usr/share/dotnet/shared/Microsoft.NETCore.App/8.0.11/*.dll
[09/17 19:11:22 UTC] + -r:/usr/share/dotnet.tizen/framework/*.dllEmitting R2R PE file: /usr/apps/org.tizen.SystemPopupGadget/res/allowed/org.tizen.appfw.gadget.SystemPopupGadget/SystemPopupGadget.ni.dll
[09/17 19:11:22 UTC] Native image /usr/apps/org.tizen.ISEDefaultNUI/bin/.native_image_tmp/ISEDefaultNUI.ni.dll generated successfully.
[09/17 19:11:22 UTC] Successfully renamed /usr/apps/org.tizen.ISEDefaultNUI/bin/.native_image_tmp to /usr/apps/org.tizen.ISEDefaultNUI/bin/.native_image
[09/17 19:11:22 UTC] Completed generating native images for application [org.tizen.ISEDefaultNUI]
[09/17 19:11:22 UTC] Native image /usr/apps/org.tizen.NUIGadgetViewer/bin/.native_image_tmp/NUIGadgetViewer.ni.dll generated successfully.
[09/17 19:11:22 UTC] Successfully renamed /usr/apps/org.tizen.NUIGadgetViewer/bin/.native_image_tmp to /usr/apps/org.tizen.NUIGadgetViewer/bin/.native_image
[09/17 19:11:22 UTC] Completed generating native images for application [org.tizen.NUIGadgetViewer]
[09/17 19:11:22 UTC] Native image /usr/apps/org.tizen.askuser-privacy-popup/bin/.native_image_tmp/AskuserPopup.ni.dll generated successfully.
[09/17 19:11:22 UTC] Successfully renamed /usr/apps/org.tizen.askuser-privacy-popup/bin/.native_image_tmp to /usr/apps/org.tizen.askuser-privacy-popup/bin/.native_image
[09/17 19:11:22 UTC] Completed generating native images for application [org.tizen.askuser-privacy-popup]
[09/17 19:11:22 UTC] Native image /usr/apps/org.tizen.cssetting-keyboard/bin/.native_image_tmp/SettingKeyboard.ni.dll generated successfully.
[09/17 19:11:22 UTC] Successfully renamed /usr/apps/org.tizen.cssetting-keyboard/bin/.native_image_tmp to /usr/apps/org.tizen.cssetting-keyboard/bin/.native_image
[09/17 19:11:22 UTC] Completed generating native images for application [org.tizen.cssetting-keyboard]
[09/17 19:11:22 UTC] Native image /usr/apps/org.tizen.share-panel_common/bin/.native_image_tmp/SharePanel.ni.dll generated successfully.
[09/17 19:11:22 UTC] Successfully renamed /usr/apps/org.tizen.share-panel_common/bin/.native_image_tmp to /usr/apps/org.tizen.share-panel_common/bin/.native_image
[09/17 19:11:22 UTC] Completed generating native images for application [org.tizen.share-panel_common]
[09/17 19:11:22 UTC] Native image /usr/share/dotnet.tizen/tac/Tizen.UI.Components.Material/1.0.0-rc.5/Tizen.UI.Components.Material.ni.dll generated successfully.
[09/17 19:11:22 UTC] Native image /usr/share/dotnet.tizen/tac/Tizen.UI.Components/1.0.0-rc.5/Tizen.UI.Components.ni.dll generated successfully.
[09/17 19:11:22 UTC] Native image /usr/share/dotnet.tizen/tac/Tizen.UI.Layouts/1.0.0-rc.5/Tizen.UI.Layouts.ni.dll generated successfully.
[09/17 19:11:22 UTC] Native image /usr/share/dotnet.tizen/tac/Tizen.UI.Primitives2D/1.0.0-rc.5/Tizen.UI.Primitives2D.ni.dll generated successfully.
[09/17 19:11:22 UTC] Native image /usr/share/dotnet.tizen/tac/Tizen.UI.Visuals/1.0.0-rc.5/Tizen.UI.Visuals.ni.dll generated successfully.
[09/17 19:11:22 UTC] Native image /usr/share/dotnet.tizen/tac/Tizen.UI.Widget/1.0.0-rc.5/Tizen.UI.Widget.ni.dll generated successfully.
[09/17 19:11:22 UTC] Native image /usr/share/dotnet.tizen/tac/Tizen.UI/1.0.0-rc.5/Tizen.UI.ni.dll generated successfully.
[09/17 19:11:22 UTC] /usr/apps/org.tizen.systemui/bin/.tac_symlink/Tizen.UI.Primitives2D.dll symbolic link file generated successfully.
[09/17 19:11:22 UTC] /usr/apps/org.tizen.systemui/bin/.tac_symlink/Tizen.UI.Layouts.dll symbolic link file generated successfully.
[09/17 19:11:22 UTC] /usr/apps/org.tizen.systemui/bin/.tac_symlink/Tizen.UI.Components.dll symbolic link file generated successfully.
[09/17 19:11:22 UTC] /usr/apps/org.tizen.systemui/bin/.tac_symlink/Tizen.UI.dll symbolic link file generated successfully.
[09/17 19:11:22 UTC] /usr/apps/org.tizen.systemui/bin/.tac_symlink/Tizen.UI.Visuals.dll symbolic link file generated successfully.
[09/17 19:11:22 UTC] /usr/apps/org.tizen.systemui/bin/.tac_symlink/Tizen.UI.Widget.dll symbolic link file generated successfully.
[09/17 19:11:22 UTC] /usr/apps/org.tizen.systemui/bin/.tac_symlink/Tizen.UI.Components.Material.dll symbolic link file generated successfully.
[09/17 19:11:22 UTC] Native image /usr/apps/org.tizen.systemui/bin/.native_image_tmp/SystemUI.ni.dll generated successfully.
[09/17 19:11:22 UTC] Successfully renamed /usr/apps/org.tizen.systemui/bin/.native_image_tmp to /usr/apps/org.tizen.systemui/bin/.native_image
[09/17 19:11:22 UTC] Completed generating native images for application [org.tizen.systemui]
[09/17 19:11:22 UTC] Native image /usr/apps/org.tizen.SystemPopupGadget/res/allowed/org.tizen.appfw.gadget.SystemPopupGadget/SystemPopupGadget.ni.dll generated successfully.
[09/17 19:11:22 UTC] Completed generating native images for application [org.tizen.SystemPopupGadget]
[09/17 19:11:22 UTC] + /usr/apps/org.tizen.VolumeGadget/res/allowed/org.tizen.appfw.gadget.VolumeGadget/Tizen.UI.Components.Material.dll
[09/17 19:11:22 UTC] ==================== NI Commands =========================
[09/17 19:11:22 UTC] + /opt/usr/dotnet/mic/crossgen2
[09/17 19:11:22 UTC] + --jitpath
[09/17 19:11:23 UTC] + /opt/usr/dotnet/mic/libclrEmitting R2R PE file: /usr/apps/org.tizen.VolumeGadget/res/allowed/org.tizen.appfw.gadget.VolumeGadget/Tizen.UI.Components.Material.ni.dll
[09/17 19:11:23 UTC] Native image /usr/apps/org.tizen.ISEDefaultNUI/bin/.native_image_tmp/ISEDefaultNUI.ni.dll generated successfully.
[09/17 19:11:23 UTC] Successfully renamed /usr/apps/org.tizen.ISEDefaultNUI/bin/.native_image_tmp to /usr/apps/org.tizen.ISEDefaultNUI/bin/.native_image
[09/17 19:11:23 UTC] Completed generating native images for application [org.tizen.ISEDefaultNUI]
[09/17 19:11:23 UTC] Native image /usr/apps/org.tizen.NUIGadgetViewer/bin/.native_image_tmp/NUIGadgetViewer.ni.dll generated successfully.
[09/17 19:11:23 UTC] Successfully renamed /usr/apps/org.tizen.NUIGadgetViewer/bin/.native_image_tmp to /usr/apps/org.tizen.NUIGadgetViewer/bin/.native_image
[09/17 19:11:23 UTC] Completed generating native images for application [org.tizen.NUIGadgetViewer]
[09/17 19:11:23 UTC] Native image /usr/apps/org.tizen.askuser-privacy-popup/bin/.native_image_tmp/AskuserPopup.ni.dll generated successfully.
[09/17 19:11:23 UTC] Successfully renamed /usr/apps/org.tizen.askuser-privacy-popup/bin/.native_image_tmp to /usr/apps/org.tizen.askuser-privacy-popup/bin/.native_image
[09/17 19:11:23 UTC] Completed generating native images for application [org.tizen.askuser-privacy-popup]
[09/17 19:11:23 UTC] Native image /usr/apps/org.tizen.cssetting-keyboard/bin/.native_image_tmp/SettingKeyboard.ni.dll generated successfully.
[09/17 19:11:23 UTC] Successfully renamed /usr/apps/org.tizen.cssetting-keyboard/bin/.native_image_tmp to /usr/apps/org.tizen.cssetting-keyboard/bin/.native_image
[09/17 19:11:23 UTC] Completed generating native images for application [org.tizen.cssetting-keyboard]
[09/17 19:11:23 UTC] Native image /usr/apps/org.tizen.share-panel_common/bin/.native_image_tmp/SharePanel.ni.dll generated successfully.
[09/17 19:11:23 UTC] Successfully renamed /usr/apps/org.tizen.share-panel_common/bin/.native_image_tmp to /usr/apps/org.tizen.share-panel_common/bin/.native_image
[09/17 19:11:23 UTC] Completed generating native images for application [org.tizen.share-panel_common]
[09/17 19:11:23 UTC] Native image /usr/share/dotnet.tizen/tac/Tizen.UI.Components.Material/1.0.0-rc.5/Tizen.UI.Components.Material.ni.dll generated successfully.
[09/17 19:11:23 UTC] Native image /usr/share/dotnet.tizen/tac/Tizen.UI.Components/1.0.0-rc.5/Tizen.UI.Components.ni.dll generated successfully.
[09/17 19:11:23 UTC] Native image /usr/share/dotnet.tizen/tac/Tizen.UI.Layouts/1.0.0-rc.5/Tizen.UI.Layouts.ni.dll generated successfully.
[09/17 19:11:23 UTC] Native image /usr/share/dotnet.tizen/tac/Tizen.UI.Primitives2D/1.0.0-rc.5/Tizen.UI.Primitives2D.ni.dll generated successfully.
[09/17 19:11:23 UTC] Native image /usr/share/dotnet.tizen/tac/Tizen.UI.Visuals/1.0.0-rc.5/Tizen.UI.Visuals.ni.dll generated successfully.
[09/17 19:11:23 UTC] Native image /usr/share/dotnet.tizen/tac/Tizen.UI.Widget/1.0.0-rc.5/Tizen.UI.Widget.ni.dll generated successfully.
[09/17 19:11:23 UTC] Native image /usr/share/dotnet.tizen/tac/Tizen.UI/1.0.0-rc.5/Tizen.UI.ni.dll generated successfully.
[09/17 19:11:23 UTC] /usr/apps/org.tizen.systemui/bin/.tac_symlink/Tizen.UI.Primitives2D.dll symbolic link file generated successfully.
[09/17 19:11:23 UTC] /usr/apps/org.tizen.systemui/bin/.tac_symlink/Tizen.UI.Layouts.dll symbolic link file generated successfully.
[09/17 19:11:23 UTC] /usr/apps/org.tizen.systemui/bin/.tac_symlink/Tizen.UI.Components.dll symbolic link file generated successfully.
[09/17 19:11:23 UTC] /usr/apps/org.tizen.systemui/bin/.tac_symlink/Tizen.UI.dll symbolic link file generated successfully.
[09/17 19:11:23 UTC] /usr/apps/org.tizen.systemui/bin/.tac_symlink/Tizen.UI.Visuals.dll symbolic link file generated successfully.
[09/17 19:11:23 UTC] /usr/apps/org.tizen.systemui/bin/.tac_symlink/Tizen.UI.Widget.dll symbolic link file generated successfully.
[09/17 19:11:23 UTC] /usr/apps/org.tizen.systemui/bin/.tac_symlink/Tizen.UI.Components.Material.dll symbolic link file generated successfully.
[09/17 19:11:23 UTC] Native image /usr/apps/org.tizen.systemui/bin/.native_image_tmp/SystemUI.ni.dll generated successfully.
[09/17 19:11:23 UTC] Successfully renamed /usr/apps/org.tizen.systemui/bin/.native_image_tmp to /usr/apps/org.tizen.systemui/bin/.native_image
[09/17 19:11:23 UTC] Completed generating native images for application [org.tizen.systemui]
[09/17 19:11:23 UTC] Native image /usr/apps/org.tizen.SystemPopupGadget/res/allowed/org.tizen.appfw.gadget.SystemPopupGadget/SystemPopupGadget.ni.dll generated successfully.
[09/17 19:11:23 UTC] Completed generating native images for application [org.tizen.SystemPopupGadget]
[09/17 19:11:23 UTC] Native image /usr/apps/org.tizen.VolumeGadget/res/allowed/org.tizen.appfw.gadget.VolumeGadget/Tizen.UI.Components.Material.ni.dll generated successfully.
[09/17 19:11:24 UTC] + /usr/apps/org.tizen.VolumeGadget/res/allowed/org.tizen.appfw.gadget.VolumeGadget/Tizen.UI.CEmitting R2R PE file: /usr/apps/org.tizen.VolumeGadget/res/allowed/org.tizen.appfw.gadget.VolumeGadget/Tizen.UI.Components.ni.dll
[09/17 19:11:24 UTC] Native image /usr/apps/org.tizen.ISEDefaultNUI/bin/.native_image_tmp/ISEDefaultNUI.ni.dll generated successfully.
[09/17 19:11:24 UTC] Successfully renamed /usr/apps/org.tizen.ISEDefaultNUI/bin/.native_image_tmp to /usr/apps/org.tizen.ISEDefaultNUI/bin/.native_image
[09/17 19:11:24 UTC] Completed generating native images for application [org.tizen.ISEDefaultNUI]
[09/17 19:11:24 UTC] Native image /usr/apps/org.tizen.NUIGadgetViewer/bin/.native_image_tmp/NUIGadgetViewer.ni.dll generated successfully.
[09/17 19:11:24 UTC] Successfully renamed /usr/apps/org.tizen.NUIGadgetViewer/bin/.native_image_tmp to /usr/apps/org.tizen.NUIGadgetViewer/bin/.native_image
[09/17 19:11:24 UTC] Completed generating native images for application [org.tizen.NUIGadgetViewer]
[09/17 19:11:24 UTC] Native image /usr/apps/org.tizen.askuser-privacy-popup/bin/.native_image_tmp/AskuserPopup.ni.dll generated successfully.
[09/17 19:11:24 UTC] Successfully renamed /usr/apps/org.tizen.askuser-privacy-popup/bin/.native_image_tmp to /usr/apps/org.tizen.askuser-privacy-popup/bin/.native_image
[09/17 19:11:24 UTC] Completed generating native images for application [org.tizen.askuser-privacy-popup]
[09/17 19:11:24 UTC] Native image /usr/apps/org.tizen.cssetting-keyboard/bin/.native_image_tmp/SettingKeyboard.ni.dll generated successfully.
[09/17 19:11:24 UTC] Successfully renamed /usr/apps/org.tizen.cssetting-keyboard/bin/.native_image_tmp to /usr/apps/org.tizen.cssetting-keyboard/bin/.native_image
[09/17 19:11:24 UTC] Completed generating native images for application [org.tizen.cssetting-keyboard]
[09/17 19:11:24 UTC] Native image /usr/apps/org.tizen.share-panel_common/bin/.native_image_tmp/SharePanel.ni.dll generated successfully.
[09/17 19:11:24 UTC] Successfully renamed /usr/apps/org.tizen.share-panel_common/bin/.native_image_tmp to /usr/apps/org.tizen.share-panel_common/bin/.native_image
[09/17 19:11:24 UTC] Completed generating native images for application [org.tizen.share-panel_common]
[09/17 19:11:24 UTC] Native image /usr/share/dotnet.tizen/tac/Tizen.UI.Components.Material/1.0.0-rc.5/Tizen.UI.Components.Material.ni.dll generated successfully.
[09/17 19:11:24 UTC] Native image /usr/share/dotnet.tizen/tac/Tizen.UI.Components/1.0.0-rc.5/Tizen.UI.Components.ni.dll generated successfully.
[09/17 19:11:24 UTC] Native image /usr/share/dotnet.tizen/tac/Tizen.UI.Layouts/1.0.0-rc.5/Tizen.UI.Layouts.ni.dll generated successfully.
[09/17 19:11:24 UTC] Native image /usr/share/dotnet.tizen/tac/Tizen.UI.Primitives2D/1.0.0-rc.5/Tizen.UI.Primitives2D.ni.dll generated successfully.
[09/17 19:11:24 UTC] Native image /usr/share/dotnet.tizen/tac/Tizen.UI.Visuals/1.0.0-rc.5/Tizen.UI.Visuals.ni.dll generated successfully.
[09/17 19:11:24 UTC] Native image /usr/share/dotnet.tizen/tac/Tizen.UI.Widget/1.0.0-rc.5/Tizen.UI.Widget.ni.dll generated successfully.
[09/17 19:11:24 UTC] Native image /usr/share/dotnet.tizen/tac/Tizen.UI/1.0.0-rc.5/Tizen.UI.ni.dll generated successfully.
[09/17 19:11:24 UTC] /usr/apps/org.tizen.systemui/bin/.tac_symlink/Tizen.UI.Primitives2D.dll symbolic link file generated successfully.
[09/17 19:11:24 UTC] /usr/apps/org.tizen.systemui/bin/.tac_symlink/Tizen.UI.Layouts.dll symbolic link file generated successfully.
[09/17 19:11:24 UTC] /usr/apps/org.tizen.systemui/bin/.tac_symlink/Tizen.UI.Components.dll symbolic link file generated successfully.
[09/17 19:11:24 UTC] /usr/apps/org.tizen.systemui/bin/.tac_symlink/Tizen.UI.dll symbolic link file generated successfully.
[09/17 19:11:24 UTC] /usr/apps/org.tizen.systemui/bin/.tac_symlink/Tizen.UI.Visuals.dll symbolic link file generated successfully.
[09/17 19:11:24 UTC] /usr/apps/org.tizen.systemui/bin/.tac_symlink/Tizen.UI.Widget.dll symbolic link file generated successfully.
[09/17 19:11:24 UTC] /usr/apps/org.tizen.systemui/bin/.tac_symlink/Tizen.UI.Components.Material.dll symbolic link file generated successfully.
[09/17 19:11:24 UTC] Native image /usr/apps/org.tizen.systemui/bin/.native_image_tmp/SystemUI.ni.dll generated successfully.
[09/17 19:11:24 UTC] Successfully renamed /usr/apps/org.tizen.systemui/bin/.native_image_tmp to /usr/apps/org.tizen.systemui/bin/.native_image
[09/17 19:11:24 UTC] Completed generating native images for application [org.tizen.systemui]
[09/17 19:11:24 UTC] Native image /usr/apps/org.tizen.SystemPopupGadget/res/allowed/org.tizen.appfw.gadget.SystemPopupGadget/SystemPopupGadget.ni.dll generated successfully.
[09/17 19:11:24 UTC] Completed generating native images for application [org.tizen.SystemPopupGadget]
[09/17 19:11:24 UTC] Native image /usr/apps/org.tizen.VolumeGadget/res/allowed/org.tizen.appfw.gadget.VolumeGadget/Tizen.UI.Components.Material.ni.dll generated successfully.
[09/17 19:11:24 UTC] Native image /usr/apps/org.tizen.VolumeGadget/res/allowed/org.tizen.appfw.gadget.VolumeGadgetEmitting R2R PE file: /usr/apps/org.tizen.VolumeGadget/res/allowed/org.tizen.appfw.gadget.VolumeGadget/Tizen.UI.Layouts.ni.dll
[09/17 19:11:25 UTC] Emitting R2R PE file: /usr/apps/org.tizen.VolumeGadget/res/allowed/org.tizen.appfw.gadget.VolumeGadget/Tizen.UI.Primitives2D.ni.dll
[09/17 19:11:25 UTC] Emitting R2R PE file: /usr/apps/org.tizen.VolumeGadget/res/allowed/org.tizen.appfw.gadget.VolumeGadget/Tizen.UI.Visuals.ni.dll
[09/17 19:11:25 UTC] Emitting R2R PE file: /usr/apps/org.tizen.VolumeGadget/res/allowed/org.tizen.appfw.gadget.VolumeGadget/Tizen.UI.Widget.ni.dll
[09/17 19:11:26 UTC] Emitting R2R PE file: /usr/apps/org.tizen.VolumeGadget/res/allowed/org.tizen.appfw.gadget.VolumeGadget/Tizen.UI.ni.dll
[09/17 19:11:26 UTC] Emitting R2R PE file: /usr/apps/org.tizen.VolumeGadget/res/allowed/org.tizen.appfw.gadget.VolumeGadget/VolumeGadget.ni.dll
[09/17 19:11:27 UTC] Emitting R2R PE file: /usr/apps/org.tizen.app-selector/res/allowed/org.tizen.appfw.gadget.app-selector/AppSelectorGadget.ni.dll
[09/17 19:11:27 UTC] /Tizen.UI.Components.ni.dll generated successfully.
[09/17 19:11:27 UTC] Native image /usr/apps/org.tizen.VolumeGadget/res/allowed/org.tizen.appfw.gadget.VolumeGadget/Tizen.UI.Layouts.ni.dll generated successfully.
[09/17 19:11:27 UTC] Native image /usr/apps/org.tizen.VolumeGadget/res/allowed/org.tizen.appfw.gadget.VolumeGadget/Tizen.UI.Primitives2D.ni.dll generated successfully.
[09/17 19:11:27 UTC] Native image /usr/apps/org.tizen.VolumeGadget/res/allowed/org.tizen.appfw.gadget.VolumeGadget/Tizen.UI.Visuals.ni.dll generated successfully.
[09/17 19:11:27 UTC] Native image /usr/apps/org.tizen.VolumeGadget/res/allowed/org.tizen.appfw.gadget.VolumeGadget/Tizen.UI.Widget.ni.dll generated successfully.
[09/17 19:11:27 UTC] Native image /usr/apps/org.tizen.VolumeGadget/res/allowed/org.tizen.appfw.gadget.VolumeGadget/Tizen.UI.ni.dll generated successfully.
[09/17 19:11:27 UTC] Native image /usr/apps/org.tizen.VolumeGadget/res/allowed/org.tizen.appfw.gadget.VolumeGadget/VolumeGadget.ni.dll generated successfully.
[09/17 19:11:27 UTC] Completed generating native images for application [org.tizen.VolumeGadget]
[09/17 19:11:27 UTC] Native image /usr/apps/org.tizen.app-selector/res/allowed/org.tizen.appfw.gadget.app-selector/AppSelectorGadget.ni.dll generated successfully.
[09/17 19:11:27 UTC] Completed generating native images for application [org.tizen.app-selector]
[09/17 19:11:27 UTC] 
[09/17 19:11:27 UTC] Elapsed time for dotnettool is [9571]ms, [9.571]sec
[09/17 19:11:27 UTC] 
[09/17 19:11:27 UTC] Elapsed time for dotnettool is [117]ms, [0.117]sec
[09/17 19:11:27 UTC] warning: file /usr/share/licenses/patchelf/COPYING: remove failed: No such file or directory
[09/17 19:11:27 UTC] warning: file /usr/share/licenses/patchelf: remove failed: No such file or directory
[09/17 19:11:28 UTC] warning: file /opt/usr/dotnet/mic/libz.so.1: remove failed: No such file or directory
[09/17 19:11:28 UTC] warning: file /opt/usr/dotnet/mic/libstdc++.so.6: remove failed: No such file or directory
[09/17 19:11:28 UTC] warning: file /opt/usr/dotnet/mic/libssl.so.3: remove failed: No such file or directory
[09/17 19:11:28 UTC] warning: file /opt/usr/dotnet/mic/librt.so.1: remove failed: No such file or directory
[09/17 19:11:28 UTC] warning: file /opt/usr/dotnet/mic/libpthread.so.0: remove failed: No such file or directory
[09/17 19:11:28 UTC] warning: file /opt/usr/dotnet/mic/libm.so.6: remove failed: No such file or directory
[09/17 19:11:28 UTC] warning: file /opt/usr/dotnet/mic/libjitinterface_x64.so: remove failed: No such file or directory
[09/17 19:11:28 UTC] warning: file /opt/usr/dotnet/mic/libgcc_s.so.1: remove failed: No such file or directory
[09/17 19:11:28 UTC] warning: file /opt/usr/dotnet/mic/libdl.so.2: remove failed: No such file or directory
[09/17 19:11:28 UTC] warning: file /opt/usr/dotnet/mic/libcrypto.so.3: remove failed: No such file or directory
[09/17 19:11:28 UTC] warning: file /opt/usr/dotnet/mic/libclrjit_unix_riscv64_x64.so: remove failed: No such file or directory
[09/17 19:11:28 UTC] warning: file /opt/usr/dotnet/mic/libclrjit_universal_arm_x64.so: remove failed: No such file or directory
[09/17 19:11:28 UTC] warning: file /opt/usr/dotnet/mic/libclrjit_universal_arm64_x64.so: remove failed: No such file or directory
[09/17 19:11:28 UTC] warning: file /opt/usr/dotnet/mic/libc.so.6: remove failed: No such file or directory
[09/17 19:11:28 UTC] warning: file /opt/usr/dotnet/mic/ld-linux-x86-64.so.2: remove failed: No such file or directory
[09/17 19:11:28 UTC] warning: file /opt/usr/dotnet/mic/crossgen2-mic.txt: remove failed: No such file or directory
[09/17 19:11:28 UTC] warning: file /opt/usr/dotnet/mic/crossgen2: remove failed: No such file or directory
[09/17 19:11:28 UTC] warning: file /opt/usr/dotnet/mic: remove failed: No such file or directory
[09/17 19:11:28 UTC] ############### common-cleanup-directory.post ################
[09/17 19:11:28 UTC] #################### common-hal-directory-check.post ####################
[09/17 19:11:28 UTC] Serializing system.conf:
[09/17 19:11:28 UTC] Read from: /usr/share/dbus-1/system.conf write to: /usr/share/dbus-1/system.conf.serialized
[09/17 19:11:28 UTC] Write 156496 bytes
[09/17 19:11:28 UTC] SHA1 written to /usr/share/dbus-1/system.conf.serialized.sha1
[09/17 19:11:28 UTC] Serializing session.conf:
[09/17 19:11:28 UTC] Read from: /usr/share/dbus-1/session.conf write to: /usr/share/dbus-1/session.conf.serialized
[09/17 19:11:28 UTC] Write 6676 bytes
[09/17 19:11:28 UTC] SHA1 written to /usr/share/dbus-1/session.conf.serialized.sha1
[09/17 19:11:28 UTC] 
[09/17 19:11:28 UTC] ############### backup-data.nochroot ################
[09/17 19:11:28 UTC] [09/17 19:11:28 UTC] backup-data.nochroot nochroot post script - start
[09/17 19:11:28 UTC] Create_Archive --------------------------------------------
[09/17 19:11:28 UTC] create archives...  opt/data opt/dbspace opt/dotnet opt/dotnet.system.base.addr opt/etc opt/home opt/lost+found opt/media opt/mesh opt/share opt/system opt/usr opt/var
[09/17 19:11:28 UTC] zip warning: ignoring special file: opt/etc/named/dev/null
[09/17 19:11:28 UTC] zip warning: ignoring special file: opt/etc/named/dev/urandom
[09/17 19:11:28 UTC] adding: opt/data/ (stored 0%)
[09/17 19:11:28 UTC] adding: opt/data/.voice/ (stored 0%)
[09/17 19:11:28 UTC] adding: opt/data/.voice/tts/ (stored 0%)
[09/17 19:11:28 UTC] adding: opt/data/.voice/tts/engine-info/ (stored 0%)
[09/17 19:11:28 UTC] adding: opt/data/.voice/tts/engine-info/org.tizen.tts-engine-default.xml (deflated 58%)
[09/17 19:11:28 UTC] adding: opt/data/.voice/tts/personal-info/ (stored 0%)
[09/17 19:11:28 UTC] adding: opt/data/.voice/vc/ (stored 0%)
[09/17 19:11:28 UTC] adding: opt/data/.voice/vc/1.0/ (stored 0%)
[09/17 19:11:28 UTC] adding: opt/data/.voice/vc/1.0/engine-info/ (stored 0%)
[09/17 19:11:28 UTC] adding: opt/data/.voice/vc/1.0/engine-info/org.tizen.vc-engine-default.xml (deflated 41%)
[09/17 19:11:28 UTC] adding: opt/data/download-provider/ (stored 0%)
[09/17 19:11:28 UTC] adding: opt/data/download-provider/notify/ (stored 0%)
[09/17 19:11:28 UTC] adding: opt/data/download-provider/database/ (stored 0%)
[09/17 19:11:28 UTC] adding: opt/data/download-provider/database/clients/ (stored 0%)
[09/17 19:11:28 UTC] adding: opt/data/bluetooth-share/ (stored 0%)
[09/17 19:11:28 UTC] adding: opt/data/bluetooth-share/init_db.sh (deflated 68%)
[09/17 19:11:28 UTC] adding: opt/data/ckm/ (stored 0%)
[09/17 19:11:28 UTC] adding: opt/data/ckm/initial_values/ (stored 0%)
[09/17 19:11:28 UTC] adding: opt/data/update/ (stored 0%)
[09/17 19:11:28 UTC] adding: opt/data/tanchor/ (stored 0%)
[09/17 19:11:28 UTC] adding: opt/data/tanchor/.pkgcerts (stored 0%)
[09/17 19:11:28 UTC] adding: opt/data/tanchor/.sysca (stored 0%)
[09/17 19:11:28 UTC] adding: opt/data/tanchor/ca-bundle.pem (stored 0%)
[09/17 19:11:28 UTC] adding: opt/data/tanchor/pkg/ (stored 0%)
[09/17 19:11:28 UTC] adding: opt/data/media-config/ (stored 0%)
[09/17 19:11:28 UTC] adding: opt/data/settings/ (stored 0%)
[09/17 19:11:28 UTC] adding: opt/data/settings/Alerts/ (stored 0%)
[09/17 19:11:28 UTC] adding: opt/data/settings/Alerts/General notification_sdk.wav (deflated 67%)
[09/17 19:11:28 UTC] adding: opt/data/settings/Ringtones/ (stored 0%)
[09/17 19:11:28 UTC] adding: opt/data/settings/Ringtones/ringtone_sdk.mp3 (deflated 60%)
[09/17 19:11:28 UTC] adding: opt/data/network/ (stored 0%)
[09/17 19:11:28 UTC] adding: opt/data/network/ua/ (stored 0%)
[09/17 19:11:28 UTC] adding: opt/data/network/ua/share/ (stored 0%)
[09/17 19:11:28 UTC] adding: opt/data/network/ua/share/create-ua-db.sh (deflated 48%)
[09/17 19:11:28 UTC] adding: opt/data/mused/ (stored 0%)
[09/17 19:11:28 UTC] adding: opt/data/download_cache/ (stored 0%)
[09/17 19:11:28 UTC] adding: opt/dbspace/ (stored 0%)
[09/17 19:11:28 UTC] adding: opt/dbspace/.bluetooth_transfer.db-journal (deflated 96%)
[09/17 19:11:28 UTC] adding: opt/dbspace/.security-manager.db-journal (deflated 87%)
[09/17 19:11:28 UTC] adding: opt/dbspace/.ua-manager-data.db (deflated 99%)
[09/17 19:11:28 UTC] adding: opt/dbspace/.policy.db-journal (deflated 97%)
[09/17 19:11:28 UTC] adding: opt/dbspace/.tizen_theme.db (deflated 92%)
[09/17 19:11:28 UTC] adding: opt/dbspace/.policy.db (deflated 99%)
[09/17 19:11:28 UTC] adding: opt/dbspace/.pkgmgr_cert.db (deflated 83%)
[09/17 19:11:28 UTC] adding: opt/dbspace/.pkgmgr_parser.db (deflated 87%)
[09/17 19:11:28 UTC] adding: opt/dbspace/.appsvc.db (deflated 98%)
[09/17 19:11:28 UTC] adding: opt/dbspace/user/ (stored 0%)
[09/17 19:11:28 UTC] adding: opt/dbspace/user/5001/ (stored 0%)
[09/17 19:11:28 UTC] adding: opt/dbspace/user/5001/.pkgmgr_parser.db (deflated 98%)
[09/17 19:11:28 UTC] adding: opt/dbspace/user/5001/.appsvc.db (deflated 98%)
[09/17 19:11:28 UTC] adding: opt/dbspace/user/5001/.appsvc.db-journal (deflated 93%)
[09/17 19:11:28 UTC] adding: opt/dbspace/user/5001/.component.db (deflated 98%)
[09/17 19:11:28 UTC] adding: opt/dbspace/user/5001/.pkgmgr_parser.db-journal (deflated 98%)
[09/17 19:11:28 UTC] adding: opt/dbspace/user/5001/.component.db-journal (deflated 96%)
[09/17 19:11:28 UTC] adding: opt/dbspace/.push.db (deflated 97%)
[09/17 19:11:28 UTC] adding: opt/dbspace/.bluetooth_transfer.db (deflated 98%)
[09/17 19:11:28 UTC] adding: opt/dbspace/.account.db (deflated 98%)
[09/17 19:11:28 UTC] adding: opt/dbspace/.stc-manager-datausage.db (deflated 98%)
[09/17 19:11:28 UTC] adding: opt/dbspace/.tizen_action.db (deflated 86%)
[09/17 19:11:28 UTC] adding: opt/dbspace/.appsvc.db-journal (deflated 94%)
[09/17 19:11:28 UTC] adding: opt/dbspace/.component.db (deflated 98%)
[09/17 19:11:28 UTC] adding: opt/dbspace/.account.db-journal (deflated 88%)
[09/17 19:11:28 UTC] adding: opt/dbspace/.widget.db (deflated 98%)
[09/17 19:11:28 UTC] adding: opt/dbspace/.push.db-journal (deflated 99%)
[09/17 19:11:28 UTC] adding: opt/dbspace/.privacy.db (deflated 98%)
[09/17 19:11:28 UTC] adding: opt/dbspace/mtp/ (stored 0%)
[09/17 19:11:28 UTC] adding: opt/dbspace/.pkgmgr_parser.db-journal (deflated 89%)
[09/17 19:11:28 UTC] adding: opt/dbspace/.ua-manager-data.db-journal (deflated 90%)
[09/17 19:11:28 UTC] adding: opt/dbspace/.stc-manager-datausage.db-journal (deflated 90%)
[09/17 19:11:28 UTC] adding: opt/dbspace/.pkgmgr_cert.db-journal (deflated 83%)
[09/17 19:11:28 UTC] adding: opt/dbspace/.widget.db-journal (deflated 98%)
[09/17 19:11:28 UTC] adding: opt/dbspace/.syspopup.db-journal (deflated 93%)
[09/17 19:11:28 UTC] adding: opt/dbspace/.privacy.db-journal (deflated 98%)
[09/17 19:11:28 UTC] adding: opt/dbspace/.syspopup.db (deflated 94%)
[09/17 19:11:28 UTC] adding: opt/dbspace/.tizen_theme.db-journal (deflated 92%)
[09/17 19:11:28 UTC] adding: opt/dbspace/.tizen_action.db-journal (deflated 87%)
[09/17 19:11:28 UTC] adding: opt/dbspace/.component.db-journal (deflated 96%)
[09/17 19:11:28 UTC] adding: opt/dbspace/.security-manager.db (deflated 91%)
[09/17 19:11:28 UTC] adding: opt/dotnet/ (stored 0%)
[09/17 19:11:28 UTC] adding: opt/dotnet/tac/ (stored 0%)
[09/17 19:11:28 UTC] adding: opt/dotnet/tac/.TAC.App.list.db (stored 0%)
[09/17 19:11:28 UTC] adding: opt/dotnet/tac/Libraries/ (stored 0%)
[09/17 19:11:28 UTC] adding: opt/dotnet/apps/ (stored 0%)
[09/17 19:11:28 UTC] adding: opt/dotnet.system.base.addr (deflated 25%)
[09/17 19:11:28 UTC] adding: opt/etc/ (stored 0%)
[09/17 19:11:28 UTC] adding: opt/etc/tayga/ (stored 0%)
[09/17 19:11:28 UTC] adding: opt/etc/tayga/tayga.conf (deflated 17%)
[09/17 19:11:28 UTC] adding: opt/etc/sysinfo/ (stored 0%)
[09/17 19:11:28 UTC] adding: opt/etc/setup-adaptor/ (stored 0%)
[09/17 19:11:28 UTC] adding: opt/etc/shadow (stored 0%)
[09/17 19:11:28 UTC] adding: opt/etc/passwd (stored 0%)
[09/17 19:11:28 UTC] adding: opt/etc/ssl/ (stored 0%)
[09/17 19:11:28 UTC] adding: opt/etc/ssl/certs/ (stored 0%)
[09/17 19:11:28 UTC] adding: opt/etc/ssl/certs/fe22bb9d.0 (stored 0%)
[09/17 19:11:28 UTC] adding: opt/etc/ssl/certs/e35234b1.0 (stored 0%)
[09/17 19:11:28 UTC] adding: opt/etc/ssl/certs/228f89db.0 (stored 0%)
[09/17 19:11:28 UTC] adding: opt/etc/ssl/certs/ef954a4e.0 (stored 0%)
[09/17 19:11:28 UTC] adding: opt/etc/ssl/certs/0a775a30.1 (stored 0%)
[09/17 19:11:28 UTC] adding: opt/etc/ssl/certs/9d04f354.0 (stored 0%)
[09/17 19:11:28 UTC] adding: opt/etc/ssl/certs/4042bcee.0 (stored 0%)
[09/17 19:11:28 UTC] adding: opt/etc/ssl/certs/988a38cb.0 (stored 0%)
[09/17 19:11:28 UTC] adding: opt/etc/ssl/certs/d4dae3dd.0 (stored 0%)
[09/17 19:11:28 UTC] adding: opt/etc/ssl/certs/dc4d6a89.0 (stored 0%)
[09/17 19:11:28 UTC] adding: opt/etc/ssl/certs/1e09d511.0 (stored 0%)
[09/17 19:11:28 UTC] adding: opt/etc/ssl/certs/b7a5b843.0 (stored 0%)
[09/17 19:11:28 UTC] adding: opt/etc/ssl/certs/2923b3f9.0 (stored 0%)
[09/17 19:11:28 UTC] adding: opt/etc/ssl/certs/54657681.0 (stored 0%)
[09/17 19:11:28 UTC] adding: opt/etc/ssl/certs/90c5a3c8.0 (stored 0%)
[09/17 19:11:28 UTC] adding: opt/etc/ssl/certs/406c9bb1.0 (stored 0%)
[09/17 19:11:28 UTC] adding: opt/etc/ssl/certs/2b349938.0 (stored 0%)
[09/17 19:11:28 UTC] adding: opt/etc/ssl/certs/ecccd8db.0 (stored 0%)
[09/17 19:11:28 UTC] adding: opt/etc/ssl/certs/32888f65.0 (stored 0%)
[09/17 19:11:28 UTC] adding: opt/etc/ssl/certs/1001acf7.0 (stored 0%)
[09/17 19:11:28 UTC] adding: opt/etc/ssl/certs/5931b5bc.0 (stored 0%)
[09/17 19:11:28 UTC] adding: opt/etc/ssl/certs/08063a00.0 (stored 0%)
[09/17 19:11:28 UTC] adding: opt/etc/ssl/certs/a5fd78f0.0 (stored 0%)
[09/17 19:11:28 UTC] adding: opt/etc/ssl/certs/e53e0c3b.0 (stored 0%)
[09/17 19:11:28 UTC] adding: opt/etc/ssl/certs/c8841d13.0 (stored 0%)
[09/17 19:11:28 UTC] adding: opt/etc/ssl/certs/9f727ac7.0 (stored 0%)
[09/17 19:11:28 UTC] adding: opt/etc/ssl/certs/cd8c0d63.0 (stored 0%)
[09/17 19:11:28 UTC] adding: opt/etc/ssl/certs/8312c4c1.0 (stored 0%)
[09/17 19:11:28 UTC] adding: opt/etc/ssl/certs/b0e59380.0 (stored 0%)
[09/17 19:11:28 UTC] adding: opt/etc/ssl/certs/002c0b4f.0 (stored 0%)
[09/17 19:11:28 UTC] adding: opt/etc/ssl/certs/6410666e.0 (stored 0%)
[09/17 19:11:28 UTC] adding: opt/etc/ssl/certs/d7e8dc79.0 (stored 0%)
[09/17 19:11:28 UTC] adding: opt/etc/ssl/certs/930ac5d2.0 (stored 0%)
[09/17 19:11:28 UTC] adding: opt/etc/ssl/certs/f51bb24c.0 (stored 0%)
[09/17 19:11:28 UTC] adding: opt/etc/ssl/certs/062cdee6.0 (stored 0%)
[09/17 19:11:28 UTC] adding: opt/etc/ssl/certs/d887a5bb.0 (stored 0%)
[09/17 19:11:28 UTC] adding: opt/etc/ssl/certs/e868b802.0 (stored 0%)
[09/17 19:11:28 UTC] adding: opt/etc/ssl/certs/66445960.0 (stored 0%)
[09/17 19:11:28 UTC] adding: opt/etc/ssl/certs/75d1b2ed.0 (stored 0%)
[09/17 19:11:28 UTC] adding: opt/etc/ssl/certs/1001acf7.1 (stored 0%)
[09/17 19:11:28 UTC] adding: opt/etc/ssl/certs/9046744a.0 (stored 0%)
[09/17 19:11:28 UTC] adding: opt/etc/ssl/certs/c9f83a1c.0 (stored 0%)
[09/17 19:11:28 UTC] adding: opt/etc/ssl/certs/f081611a.0 (stored 0%)
[09/17 19:11:28 UTC] adding: opt/etc/ssl/certs/ba8887ce.0 (stored 0%)
[09/17 19:11:28 UTC] adding: opt/etc/ssl/certs/8867006a.0 (stored 0%)
[09/17 19:11:28 UTC] adding: opt/etc/ssl/certs/f0c70a8d.0 (stored 0%)
[09/17 19:11:28 UTC] adding: opt/etc/ssl/certs/bf53fb88.0 (stored 0%)
[09/17 19:11:28 UTC] adding: opt/etc/ssl/certs/40193066.0 (stored 0%)
[09/17 19:11:28 UTC] adding: opt/etc/ssl/certs/626dceaf.0 (stored 0%)
[09/17 19:11:28 UTC] adding: opt/etc/ssl/certs/dd8e9d41.0 (stored 0%)
[09/17 19:11:28 UTC] adding: opt/etc/ssl/certs/5a4d6896.0 (stored 0%)
[09/17 19:11:28 UTC] adding: opt/etc/ssl/certs/ddcda989.0 (stored 0%)
[09/17 19:11:28 UTC] adding: opt/etc/ssl/certs/14bc7599.0 (stored 0%)
[09/17 19:11:28 UTC] adding: opt/etc/ssl/certs/fa5da96b.0 (stored 0%)
[09/17 19:11:28 UTC] adding: opt/etc/ssl/certs/fc5a8f99.0 (stored 0%)
[09/17 19:11:28 UTC] adding: opt/etc/ssl/certs/eed8c118.0 (stored 0%)
[09/17 19:11:28 UTC] adding: opt/etc/ssl/certs/1cef98f5.0 (stored 0%)
[09/17 19:11:28 UTC] adding: opt/etc/ssl/certs/48bec511.0 (stored 0%)
[09/17 19:11:28 UTC] adding: opt/etc/ssl/certs/9482e63a.0 (stored 0%)
[09/17 19:11:28 UTC] adding: opt/etc/ssl/certs/9ccd262b.0 (stored 0%)
[09/17 19:11:28 UTC] adding: opt/etc/ssl/certs/5ad8a5d6.0 (stored 0%)
[09/17 19:11:28 UTC] adding: opt/etc/ssl/certs/9bf03295.0 (stored 0%)
[09/17 19:11:28 UTC] adding: opt/etc/ssl/certs/6b99d060.0 (stored 0%)
[09/17 19:11:28 UTC] adding: opt/etc/ssl/certs/f249de83.0 (stored 0%)
[09/17 19:11:28 UTC] adding: opt/etc/ssl/certs/a89d74c2.0 (stored 0%)
[09/17 19:11:28 UTC] adding: opt/etc/ssl/certs/4b718d9b.0 (stored 0%)
[09/17 19:11:28 UTC] adding: opt/etc/ssl/certs/9ef4a08a.0 (stored 0%)
[09/17 19:11:28 UTC] adding: opt/etc/ssl/certs/f39fc864.0 (stored 0%)
[09/17 19:11:28 UTC] adding: opt/etc/ssl/certs/b433981b.0 (stored 0%)
[09/17 19:11:28 UTC] adding: opt/etc/ssl/certs/fb717492.0 (stored 0%)
[09/17 19:11:28 UTC] adding: opt/etc/ssl/certs/c28a8a30.0 (stored 0%)
[09/17 19:11:28 UTC] adding: opt/etc/ssl/certs/878d9bca.0 (stored 0%)
[09/17 19:11:28 UTC] adding: opt/etc/ssl/certs/7f3d5d1d.0 (stored 0%)
[09/17 19:11:28 UTC] adding: opt/etc/ssl/certs/0179095f.0 (stored 0%)
[09/17 19:11:28 UTC] adding: opt/etc/ssl/certs/c47d9980.0 (stored 0%)
[09/17 19:11:28 UTC] adding: opt/etc/ssl/certs/b81b93f0.0 (stored 0%)
[09/17 19:11:28 UTC] adding: opt/etc/ssl/certs/116bf586.0 (stored 0%)
[09/17 19:11:28 UTC] adding: opt/etc/ssl/certs/5d3033c5.0 (stored 0%)
[09/17 19:11:28 UTC] adding: opt/etc/ssl/certs/779a714a.0 (stored 0%)
[09/17 19:11:28 UTC] adding: opt/etc/ssl/certs/cd58d51e.0 (stored 0%)
[09/17 19:11:28 UTC] adding: opt/etc/ssl/certs/def36a68.0 (stored 0%)
[09/17 19:11:28 UTC] adding: opt/etc/ssl/certs/c01cdfa2.0 (stored 0%)
[09/17 19:11:28 UTC] adding: opt/etc/ssl/certs/5443e9e3.0 (stored 0%)
[09/17 19:11:28 UTC] adding: opt/etc/ssl/certs/706f604c.0 (stored 0%)
[09/17 19:11:28 UTC] adding: opt/etc/ssl/certs/773e07ad.0 (stored 0%)
[09/17 19:11:28 UTC] adding: opt/etc/ssl/certs/7a780d93.0 (stored 0%)
[09/17 19:11:28 UTC] adding: opt/etc/ssl/certs/244b5494.0 (stored 0%)
[09/17 19:11:28 UTC] adding: opt/etc/ssl/certs/1d3472b9.0 (stored 0%)
[09/17 19:11:28 UTC] adding: opt/etc/ssl/certs/7719f463.0 (stored 0%)
[09/17 19:11:28 UTC] adding: opt/etc/ssl/certs/6d41d539.0 (stored 0%)
[09/17 19:11:28 UTC] adding: opt/etc/ssl/certs/8cb5ee0f.0 (stored 0%)
[09/17 19:11:28 UTC] adding: opt/etc/ssl/certs/ed858448.0 (stored 0%)
[09/17 19:11:28 UTC] adding: opt/etc/ssl/certs/ffdd40f9.0 (stored 0%)
[09/17 19:11:28 UTC] adding: opt/etc/ssl/certs/6a9bdba3.0 (stored 0%)
[09/17 19:11:28 UTC] adding: opt/etc/ssl/certs/b1159c4c.0 (stored 0%)
[09/17 19:11:28 UTC] adding: opt/etc/ssl/certs/2ae6433e.0 (stored 0%)
[09/17 19:11:28 UTC] adding: opt/etc/ssl/certs/d6325660.0 (stored 0%)
[09/17 19:11:28 UTC] adding: opt/etc/ssl/certs/349f2832.0 (stored 0%)
[09/17 19:11:28 UTC] adding: opt/etc/ssl/certs/8d89cda1.0 (stored 0%)
[09/17 19:11:28 UTC] adding: opt/etc/ssl/certs/8508e720.0 (stored 0%)
[09/17 19:11:28 UTC] adding: opt/etc/ssl/certs/c1223238.0 (stored 0%)
[09/17 19:11:28 UTC] adding: opt/etc/ssl/certs/b0d5255e.0 (stored 0%)
[09/17 19:11:28 UTC] adding: opt/etc/ssl/certs/f387163d.0 (stored 0%)
[09/17 19:11:28 UTC] adding: opt/etc/ssl/certs/4fd49c6c.0 (stored 0%)
[09/17 19:11:28 UTC] adding: opt/etc/ssl/certs/ca6e4ad9.0 (stored 0%)
[09/17 19:11:28 UTC] adding: opt/etc/ssl/certs/a09a51ae.0 (stored 0%)
[09/17 19:11:28 UTC] adding: opt/etc/ssl/certs/ff34af3f.0 (stored 0%)
[09/17 19:11:28 UTC] adding: opt/etc/ssl/certs/b66938e9.0 (stored 0%)
[09/17 19:11:28 UTC] adding: opt/etc/ssl/certs/064e0aa9.0 (stored 0%)
[09/17 19:11:28 UTC] adding: opt/etc/ssl/certs/ba89ed3b.0 (stored 0%)
[09/17 19:11:28 UTC] adding: opt/etc/ssl/certs/e2799e36.0 (stored 0%)
[09/17 19:11:28 UTC] adding: opt/etc/ssl/certs/749e9e03.0 (stored 0%)
[09/17 19:11:28 UTC] adding: opt/etc/ssl/certs/480720ec.0 (stored 0%)
[09/17 19:11:28 UTC] adding: opt/etc/ssl/certs/cc450945.0 (stored 0%)
[09/17 19:11:28 UTC] adding: opt/etc/ssl/certs/b1b8a7f3.0 (stored 0%)
[09/17 19:11:28 UTC] adding: opt/etc/ssl/certs/9e654b62.0 (stored 0%)
[09/17 19:11:28 UTC] adding: opt/etc/ssl/certs/8160b96c.0 (stored 0%)
[09/17 19:11:28 UTC] adding: opt/etc/ssl/certs/0c4c9b6c.0 (stored 0%)
[09/17 19:11:28 UTC] adding: opt/etc/ssl/certs/ce5e74ef.0 (stored 0%)
[09/17 19:11:28 UTC] adding: opt/etc/ssl/certs/0bf05006.0 (stored 0%)
[09/17 19:11:28 UTC] adding: opt/etc/ssl/certs/b204d74a.0 (stored 0%)
[09/17 19:11:28 UTC] adding: opt/etc/ssl/certs/4304c5e5.0 (stored 0%)
[09/17 19:11:28 UTC] adding: opt/etc/ssl/certs/6fa5da56.0 (stored 0%)
[09/17 19:11:28 UTC] adding: opt/etc/ssl/certs/e36a6752.0 (stored 0%)
[09/17 19:11:28 UTC] adding: opt/etc/ssl/certs/3bde41ac.1 (stored 0%)
[09/17 19:11:28 UTC] adding: opt/etc/ssl/certs/2ccbdda3.0 (stored 0%)
[09/17 19:11:28 UTC] adding: opt/etc/ssl/certs/fe8a2cd8.0 (stored 0%)
[09/17 19:11:28 UTC] adding: opt/etc/ssl/certs/1e08bfd1.0 (stored 0%)
[09/17 19:11:28 UTC] adding: opt/etc/ssl/certs/40547a79.0 (stored 0%)
[09/17 19:11:28 UTC] adding: opt/etc/ssl/certs/5cd81ad7.0 (stored 0%)
[09/17 19:11:28 UTC] adding: opt/etc/ssl/certs/1c3b872e.0 (stored 0%)
[09/17 19:11:28 UTC] adding: opt/etc/ssl/certs/cbf06781.0 (stored 0%)
[09/17 19:11:28 UTC] adding: opt/etc/ssl/certs/de6d66f3.0 (stored 0%)
[09/17 19:11:28 UTC] adding: opt/etc/ssl/certs/865fbdf9.0 (stored 0%)
[09/17 19:11:28 UTC] adding: opt/etc/ssl/certs/bad35b78.0 (stored 0%)
[09/17 19:11:28 UTC] adding: opt/etc/ssl/certs/68dd7389.0 (stored 0%)
[09/17 19:11:28 UTC] adding: opt/etc/ssl/certs/0b1b94ef.0 (stored 0%)
[09/17 19:11:28 UTC] adding: opt/etc/ssl/certs/7a3adc42.0 (stored 0%)
[09/17 19:11:28 UTC] adding: opt/etc/ssl/certs/9c8dfbd4.0 (stored 0%)
[09/17 19:11:28 UTC] adding: opt/etc/ssl/certs/5e98733a.0 (stored 0%)
[09/17 19:11:28 UTC] adding: opt/etc/ssl/certs/9846683b.0 (stored 0%)
[09/17 19:11:28 UTC] adding: opt/etc/ssl/certs/56657bde.0 (stored 0%)
[09/17 19:11:28 UTC] adding: opt/etc/ssl/certs/e8de2f56.0 (stored 0%)
[09/17 19:11:28 UTC] adding: opt/etc/ssl/certs/fd64f3fc.0 (stored 0%)
[09/17 19:11:28 UTC] adding: opt/etc/ssl/certs/106f3e4d.0 (stored 0%)
[09/17 19:11:28 UTC] adding: opt/etc/ssl/certs/dd2682fb.0 (stored 0%)
[09/17 19:11:28 UTC] adding: opt/etc/ssl/certs/feffd413.0 (stored 0%)
[09/17 19:11:28 UTC] adding: opt/etc/ssl/certs/9b5697b0.0 (stored 0%)
[09/17 19:11:28 UTC] adding: opt/etc/ssl/certs/e73d606e.0 (stored 0%)
[09/17 19:11:28 UTC] adding: opt/etc/ssl/certs/e113c810.0 (stored 0%)
[09/17 19:11:28 UTC] adding: opt/etc/ssl/certs/b0e59380.1 (stored 0%)
[09/17 19:11:28 UTC] adding: opt/etc/ssl/certs/7fa05551.0 (stored 0%)
[09/17 19:11:28 UTC] adding: opt/etc/ssl/certs/c01eb047.0 (stored 0%)
[09/17 19:11:28 UTC] adding: opt/etc/ssl/certs/b727005e.0 (stored 0%)
[09/17 19:11:28 UTC] adding: opt/etc/ssl/certs/616816f6.0 (stored 0%)
[09/17 19:11:28 UTC] adding: opt/etc/ssl/certs/b8d25de6.0 (stored 0%)
[09/17 19:11:28 UTC] adding: opt/etc/ssl/certs/f30dd6ad.0 (stored 0%)
[09/17 19:11:28 UTC] adding: opt/etc/ssl/certs/0f6fa695.0 (stored 0%)
[09/17 19:11:28 UTC] adding: opt/etc/ssl/certs/c0ff1f52.0 (stored 0%)
[09/17 19:11:28 UTC] adding: opt/etc/ssl/certs/7d0b38bd.0 (stored 0%)
[09/17 19:11:28 UTC] adding: opt/etc/ssl/certs/a3418fda.1 (stored 0%)
[09/17 19:11:28 UTC] adding: opt/etc/ssl/certs/3513523f.0 (stored 0%)
[09/17 19:11:28 UTC] adding: opt/etc/ssl/certs/4f316efb.0 (stored 0%)
[09/17 19:11:28 UTC] adding: opt/etc/ssl/certs/3e359ba6.0 (stored 0%)
[09/17 19:11:28 UTC] adding: opt/etc/ssl/certs/0b9bc432.0 (stored 0%)
[09/17 19:11:28 UTC] adding: opt/etc/ssl/certs/ee64a828.0 (stored 0%)
[09/17 19:11:28 UTC] adding: opt/etc/ssl/certs/d52c538d.0 (stored 0%)
[09/17 19:11:28 UTC] adding: opt/etc/ssl/certs/1636090b.0 (stored 0%)
[09/17 19:11:28 UTC] adding: opt/etc/ssl/certs/06dc52d5.0 (stored 0%)
[09/17 19:11:28 UTC] adding: opt/etc/ssl/certs/57bcb2da.0 (stored 0%)
[09/17 19:11:28 UTC] adding: opt/etc/ssl/certs/7aaf71c0.0 (stored 0%)
[09/17 19:11:28 UTC] adding: opt/etc/ssl/certs/9b46e03d.0 (stored 0%)
[09/17 19:11:28 UTC] adding: opt/etc/ssl/certs/aee5f10d.0 (stored 0%)
[09/17 19:11:28 UTC] adding: opt/etc/ssl/certs/93bc0acc.0 (stored 0%)
[09/17 19:11:28 UTC] adding: opt/etc/ssl/certs/c089bbbd.0 (stored 0%)
[09/17 19:11:28 UTC] adding: opt/etc/ssl/certs/5860aaa6.0 (stored 0%)
[09/17 19:11:28 UTC] adding: opt/etc/ssl/certs/5f618aec.0 (stored 0%)
[09/17 19:11:28 UTC] adding: opt/etc/ssl/certs/8d86cdd1.0 (stored 0%)
[09/17 19:11:28 UTC] adding: opt/etc/ssl/certs/2e4eed3c.0 (stored 0%)
[09/17 19:11:28 UTC] adding: opt/etc/ssl/certs/18856ac4.0 (stored 0%)
[09/17 19:11:28 UTC] adding: opt/etc/ssl/certs/5f15c80c.0 (stored 0%)
[09/17 19:11:28 UTC] adding: opt/etc/ssl/certs/0f5dc4f3.0 (stored 0%)
[09/17 19:11:28 UTC] adding: opt/etc/ssl/certs/5a7722fb.0 (stored 0%)
[09/17 19:11:28 UTC] adding: opt/etc/ssl/certs/4bfab552.0 (stored 0%)
[09/17 19:11:28 UTC] adding: opt/etc/ssl/certs/3bde41ac.0 (stored 0%)
[09/17 19:11:28 UTC] adding: opt/etc/ssl/certs/607986c7.0 (stored 0%)
[09/17 19:11:28 UTC] adding: opt/etc/ssl/certs/a94d09e5.0 (stored 0%)
[09/17 19:11:28 UTC] adding: opt/etc/ssl/certs/a3418fda.0 (stored 0%)
[09/17 19:11:28 UTC] adding: opt/etc/ssl/certs/3e44d2f7.0 (stored 0%)
[09/17 19:11:28 UTC] adding: opt/etc/ssl/certs/da0cfd1d.0 (stored 0%)
[09/17 19:11:28 UTC] adding: opt/etc/ssl/certs/02265526.0 (stored 0%)
[09/17 19:11:28 UTC] adding: opt/etc/ssl/certs/81f2d2b1.0 (stored 0%)
[09/17 19:11:28 UTC] adding: opt/etc/ssl/certs/09789157.0 (stored 0%)
[09/17 19:11:28 UTC] adding: opt/etc/ssl/certs/e18bfb83.0 (stored 0%)
[09/17 19:11:28 UTC] adding: opt/etc/ssl/certs/33a7e15c.0 (stored 0%)
[09/17 19:11:28 UTC] adding: opt/etc/ssl/certs/3fb36b73.0 (stored 0%)
[09/17 19:11:28 UTC] adding: opt/etc/ssl/certs/626dceaf.1 (stored 0%)
[09/17 19:11:28 UTC] adding: opt/etc/ssl/certs/0a775a30.0 (stored 0%)
[09/17 19:11:28 UTC] adding: opt/etc/ssl/certs/ad088e1d.0 (stored 0%)
[09/17 19:11:28 UTC] adding: opt/etc/ssl/certs/76faf6c0.0 (stored 0%)
[09/17 19:11:28 UTC] adding: opt/etc/ssl/certs/128805a3.0 (stored 0%)
[09/17 19:11:28 UTC] adding: opt/etc/ssl/certs/8f103249.0 (stored 0%)
[09/17 19:11:28 UTC] adding: opt/etc/skel/ (stored 0%)
[09/17 19:11:28 UTC] adding: opt/etc/skel/media/ (stored 0%)
[09/17 19:11:28 UTC] adding: opt/etc/skel/media/Music/ (stored 0%)
[09/17 19:11:28 UTC] adding: opt/etc/skel/media/Documents/ (stored 0%)
[09/17 19:11:28 UTC] adding: opt/etc/skel/media/DCIM/ (stored 0%)
[09/17 19:11:28 UTC] adding: opt/etc/skel/media/Images/ (stored 0%)
[09/17 19:11:28 UTC] adding: opt/etc/skel/media/Sounds/ (stored 0%)
[09/17 19:11:28 UTC] adding: opt/etc/skel/media/Downloads/ (stored 0%)
[09/17 19:11:28 UTC] adding: opt/etc/skel/media/media_app/ (stored 0%)
[09/17 19:11:28 UTC] adding: opt/etc/skel/media/Games/ (stored 0%)
[09/17 19:11:28 UTC] adding: opt/etc/skel/media/Others/ (stored 0%)
[09/17 19:11:28 UTC] adding: opt/etc/skel/media/Videos/ (stored 0%)
[09/17 19:11:28 UTC] adding: opt/etc/skel/media/Shared (stored 0%)
[09/17 19:11:28 UTC] adding: opt/etc/skel/.cache/ (stored 0%)
[09/17 19:11:28 UTC] adding: opt/etc/skel/.pki/ (stored 0%)
[09/17 19:11:28 UTC] adding: opt/etc/skel/.pki/nssdb/ (stored 0%)
[09/17 19:11:28 UTC] adding: opt/etc/skel/share/ (stored 0%)
[09/17 19:11:28 UTC] adding: opt/etc/skel/share/.voice/ (stored 0%)
[09/17 19:11:28 UTC] adding: opt/etc/skel/share/.voice/stt/ (stored 0%)
[09/17 19:11:28 UTC] adding: opt/etc/skel/share/.voice/stt/1.0/ (stored 0%)
[09/17 19:11:28 UTC] adding: opt/etc/skel/share/.voice/stt/1.0/engine-info/ (stored 0%)
[09/17 19:11:28 UTC] adding: opt/etc/skel/share/.voice/stt/1.0/engine-info/org.tizen.stt-engine-default.xml (deflated 59%)
[09/17 19:11:28 UTC] adding: opt/etc/skel/apps_rw/ (stored 0%)
[09/17 19:11:28 UTC] adding: opt/etc/skel/apps_rw/org.tizen.tts-engine-default/ (stored 0%)
[09/17 19:11:28 UTC] adding: opt/etc/skel/apps_rw/org.tizen.tts-engine-default/shared/ (stored 0%)
[09/17 19:11:28 UTC] adding: opt/etc/skel/apps_rw/org.tizen.tts-engine-default/data/ (stored 0%)
[09/17 19:11:28 UTC] adding: opt/etc/skel/apps_rw/org.tizen.tts-engine-default/cache/ (stored 0%)
[09/17 19:11:28 UTC] adding: opt/etc/skel/apps_rw/ise-default-dali/ (stored 0%)
[09/17 19:11:28 UTC] adding: opt/etc/skel/apps_rw/ise-default-dali/shared/ (stored 0%)
[09/17 19:11:28 UTC] adding: opt/etc/skel/apps_rw/ise-default-dali/data/ (stored 0%)
[09/17 19:11:28 UTC] adding: opt/etc/skel/apps_rw/ise-default-dali/cache/ (stored 0%)
[09/17 19:11:28 UTC] adding: opt/etc/skel/apps_rw/org.tizen.askuser-privacy-popup/ (stored 0%)
[09/17 19:11:28 UTC] adding: opt/etc/skel/apps_rw/org.tizen.askuser-privacy-popup/shared/ (stored 0%)
[09/17 19:11:28 UTC] adding: opt/etc/skel/apps_rw/org.tizen.askuser-privacy-popup/shared/trusted/ (stored 0%)
[09/17 19:11:28 UTC] adding: opt/etc/skel/apps_rw/org.tizen.askuser-privacy-popup/data/ (stored 0%)
[09/17 19:11:28 UTC] adding: opt/etc/skel/apps_rw/org.tizen.askuser-privacy-popup/cache/ (stored 0%)
[09/17 19:11:28 UTC] adding: opt/etc/skel/apps_rw/org.tizen.systemui/ (stored 0%)
[09/17 19:11:28 UTC] adding: opt/etc/skel/apps_rw/org.tizen.systemui/shared/ (stored 0%)
[09/17 19:11:28 UTC] adding: opt/etc/skel/apps_rw/org.tizen.systemui/shared/trusted/ (stored 0%)
[09/17 19:11:28 UTC] adding: opt/etc/skel/apps_rw/org.tizen.systemui/data/ (stored 0%)
[09/17 19:11:28 UTC] adding: opt/etc/skel/apps_rw/org.tizen.systemui/cache/ (stored 0%)
[09/17 19:11:28 UTC] adding: opt/etc/skel/apps_rw/ise-engine-thai/ (stored 0%)
[09/17 19:11:28 UTC] adding: opt/etc/skel/apps_rw/ise-engine-thai/shared/ (stored 0%)
[09/17 19:11:28 UTC] adding: opt/etc/skel/apps_rw/ise-engine-thai/data/ (stored 0%)
[09/17 19:11:28 UTC] adding: opt/etc/skel/apps_rw/ise-engine-thai/cache/ (stored 0%)
[09/17 19:11:28 UTC] adding: opt/etc/skel/apps_rw/org.tizen.ISEDefaultNUI/ (stored 0%)
[09/17 19:11:28 UTC] adding: opt/etc/skel/apps_rw/org.tizen.ISEDefaultNUI/shared/ (stored 0%)
[09/17 19:11:28 UTC] adding: opt/etc/skel/apps_rw/org.tizen.ISEDefaultNUI/shared/trusted/ (stored 0%)
[09/17 19:11:28 UTC] adding: opt/etc/skel/apps_rw/org.tizen.ISEDefaultNUI/shared/data (stored 0%)
[09/17 19:11:28 UTC] adding: opt/etc/skel/apps_rw/org.tizen.ISEDefaultNUI/data/ (stored 0%)
[09/17 19:11:28 UTC] adding: opt/etc/skel/apps_rw/org.tizen.ISEDefaultNUI/cache/ (stored 0%)
[09/17 19:11:28 UTC] adding: opt/etc/skel/apps_rw/org.tizen.screen-reader/ (stored 0%)
[09/17 19:11:28 UTC] adding: opt/etc/skel/apps_rw/org.tizen.screen-reader/shared/ (stored 0%)
[09/17 19:11:28 UTC] adding: opt/etc/skel/apps_rw/org.tizen.screen-reader/data/ (stored 0%)
[09/17 19:11:28 UTC] adding: opt/etc/skel/apps_rw/org.tizen.screen-reader/cache/ (stored 0%)
[09/17 19:11:28 UTC] adding: opt/etc/skel/apps_rw/org.tizen.stt-engine-default/ (stored 0%)
[09/17 19:11:28 UTC] adding: opt/etc/skel/apps_rw/org.tizen.stt-engine-default/shared/ (stored 0%)
[09/17 19:11:28 UTC] adding: opt/etc/skel/apps_rw/org.tizen.stt-engine-default/data/ (stored 0%)
[09/17 19:11:28 UTC] adding: opt/etc/skel/apps_rw/org.tizen.stt-engine-default/cache/ (stored 0%)
[09/17 19:11:28 UTC] adding: opt/etc/skel/apps_rw/ise-engine-anthy/ (stored 0%)
[09/17 19:11:28 UTC] adding: opt/etc/skel/apps_rw/ise-engine-anthy/shared/ (stored 0%)
[09/17 19:11:28 UTC] adding: opt/etc/skel/apps_rw/ise-engine-anthy/data/ (stored 0%)
[09/17 19:11:28 UTC] adding: opt/etc/skel/apps_rw/ise-engine-anthy/cache/ (stored 0%)
[09/17 19:11:28 UTC] adding: opt/etc/skel/apps_rw/org.tizen.cssetting-keyboard/ (stored 0%)
[09/17 19:11:28 UTC] adding: opt/etc/skel/apps_rw/org.tizen.cssetting-keyboard/shared/ (stored 0%)
[09/17 19:11:28 UTC] adding: opt/etc/skel/apps_rw/org.tizen.cssetting-keyboard/shared/trusted/ (stored 0%)
[09/17 19:11:28 UTC] adding: opt/etc/skel/apps_rw/org.tizen.cssetting-keyboard/shared/data (stored 0%)
[09/17 19:11:28 UTC] adding: opt/etc/skel/apps_rw/org.tizen.cssetting-keyboard/data/ (stored 0%)
[09/17 19:11:28 UTC] adding: opt/etc/skel/apps_rw/org.tizen.cssetting-keyboard/cache/ (stored 0%)
[09/17 19:11:28 UTC] adding: opt/etc/skel/apps_rw/ise-engine-glm/ (stored 0%)
[09/17 19:11:28 UTC] adding: opt/etc/skel/apps_rw/ise-engine-glm/shared/ (stored 0%)
[09/17 19:11:28 UTC] adding: opt/etc/skel/apps_rw/ise-engine-glm/data/ (stored 0%)
[09/17 19:11:28 UTC] adding: opt/etc/skel/apps_rw/ise-engine-glm/cache/ (stored 0%)
[09/17 19:11:28 UTC] adding: opt/etc/skel/apps_rw/org.tizen.autofill-setting-mobile/ (stored 0%)
[09/17 19:11:28 UTC] adding: opt/etc/skel/apps_rw/org.tizen.autofill-setting-mobile/shared/ (stored 0%)
[09/17 19:11:28 UTC] adding: opt/etc/skel/apps_rw/org.tizen.autofill-setting-mobile/data/ (stored 0%)
[09/17 19:11:28 UTC] adding: opt/etc/skel/apps_rw/org.tizen.autofill-setting-mobile/cache/ (stored 0%)
[09/17 19:11:28 UTC] adding: opt/etc/skel/apps_rw/mmi-manager/ (stored 0%)
[09/17 19:11:28 UTC] adding: opt/etc/skel/apps_rw/mmi-manager/shared/ (stored 0%)
[09/17 19:11:28 UTC] adding: opt/etc/skel/apps_rw/mmi-manager/data/ (stored 0%)
[09/17 19:11:28 UTC] adding: opt/etc/skel/apps_rw/mmi-manager/cache/ (stored 0%)
[09/17 19:11:28 UTC] adding: opt/etc/skel/apps_rw/org.tizen.NUIGadgetViewer/ (stored 0%)
[09/17 19:11:28 UTC] adding: opt/etc/skel/apps_rw/org.tizen.NUIGadgetViewer/shared/ (stored 0%)
[09/17 19:11:28 UTC] adding: opt/etc/skel/apps_rw/org.tizen.NUIGadgetViewer/shared/trusted/ (stored 0%)
[09/17 19:11:28 UTC] adding: opt/etc/skel/apps_rw/org.tizen.NUIGadgetViewer/data/ (stored 0%)
[09/17 19:11:28 UTC] adding: opt/etc/skel/apps_rw/org.tizen.NUIGadgetViewer/cache/ (stored 0%)
[09/17 19:11:28 UTC] adding: opt/etc/skel/apps_rw/wakeup-engine-default/ (stored 0%)
[09/17 19:11:28 UTC] adding: opt/etc/skel/apps_rw/wakeup-engine-default/shared/ (stored 0%)
[09/17 19:11:28 UTC] adding: opt/etc/skel/apps_rw/wakeup-engine-default/data/ (stored 0%)
[09/17 19:11:28 UTC] adding: opt/etc/skel/apps_rw/wakeup-engine-default/cache/ (stored 0%)
[09/17 19:11:28 UTC] adding: opt/etc/skel/apps_rw/ise-engine-sunpinyin/ (stored 0%)
[09/17 19:11:28 UTC] adding: opt/etc/skel/apps_rw/ise-engine-sunpinyin/shared/ (stored 0%)
[09/17 19:11:28 UTC] adding: opt/etc/skel/apps_rw/ise-engine-sunpinyin/shared/data (stored 0%)
[09/17 19:11:28 UTC] adding: opt/etc/skel/apps_rw/ise-engine-sunpinyin/data/ (stored 0%)
[09/17 19:11:28 UTC] adding: opt/etc/skel/apps_rw/ise-engine-sunpinyin/cache/ (stored 0%)
[09/17 19:11:28 UTC] adding: opt/etc/skel/apps_rw/table/ (stored 0%)
[09/17 19:11:28 UTC] adding: opt/etc/skel/apps_rw/table/shared/ (stored 0%)
[09/17 19:11:28 UTC] adding: opt/etc/skel/apps_rw/table/data/ (stored 0%)
[09/17 19:11:28 UTC] adding: opt/etc/skel/apps_rw/table/cache/ (stored 0%)
[09/17 19:11:28 UTC] adding: opt/etc/skel/apps_rw/ise-engine-default/ (stored 0%)
[09/17 19:11:28 UTC] adding: opt/etc/skel/apps_rw/ise-engine-default/shared/ (stored 0%)
[09/17 19:11:28 UTC] adding: opt/etc/skel/apps_rw/ise-engine-default/data/ (stored 0%)
[09/17 19:11:28 UTC] adding: opt/etc/skel/apps_rw/ise-engine-default/cache/ (stored 0%)
[09/17 19:11:28 UTC] adding: opt/etc/skel/apps_rw/org.tizen.chromium-efl/ (stored 0%)
[09/17 19:11:28 UTC] adding: opt/etc/skel/apps_rw/org.tizen.chromium-efl/shared/ (stored 0%)
[09/17 19:11:28 UTC] adding: opt/etc/skel/apps_rw/org.tizen.chromium-efl/shared/trusted/ (stored 0%)
[09/17 19:11:28 UTC] adding: opt/etc/skel/apps_rw/org.tizen.chromium-efl/data/ (stored 0%)
[09/17 19:11:28 UTC] adding: opt/etc/skel/apps_rw/org.tizen.chromium-efl/cache/ (stored 0%)
[09/17 19:11:28 UTC] adding: opt/etc/skel/apps_rw/xwalk-service/ (stored 0%)
[09/17 19:11:28 UTC] adding: opt/etc/skel/apps_rw/org.tizen.default-light-theme/ (stored 0%)
[09/17 19:11:28 UTC] adding: opt/etc/skel/apps_rw/org.tizen.default-light-theme/shared/ (stored 0%)
[09/17 19:11:28 UTC] adding: opt/etc/skel/apps_rw/org.tizen.default-light-theme/shared/trusted/ (stored 0%)
[09/17 19:11:28 UTC] adding: opt/etc/skel/apps_rw/org.tizen.default-light-theme/data/ (stored 0%)
[09/17 19:11:28 UTC] adding: opt/etc/skel/apps_rw/org.tizen.default-light-theme/cache/ (stored 0%)
[09/17 19:11:28 UTC] adding: opt/etc/skel/apps_rw/org.tizen.vc-elm-unittests/ (stored 0%)
[09/17 19:11:28 UTC] adding: opt/etc/skel/apps_rw/org.tizen.vc-elm-unittests/shared/ (stored 0%)
[09/17 19:11:28 UTC] adding: opt/etc/skel/apps_rw/org.tizen.vc-elm-unittests/data/ (stored 0%)
[09/17 19:11:28 UTC] adding: opt/etc/skel/apps_rw/org.tizen.vc-elm-unittests/cache/ (stored 0%)
[09/17 19:11:28 UTC] adding: opt/etc/skel/apps_rw/org.tizen.aurum-bootstrap/ (stored 0%)
[09/17 19:11:28 UTC] adding: opt/etc/skel/apps_rw/org.tizen.aurum-bootstrap/shared/ (stored 0%)
[09/17 19:11:28 UTC] adding: opt/etc/skel/apps_rw/org.tizen.aurum-bootstrap/shared/trusted/ (stored 0%)
[09/17 19:11:28 UTC] adding: opt/etc/skel/apps_rw/org.tizen.aurum-bootstrap/data/ (stored 0%)
[09/17 19:11:28 UTC] adding: opt/etc/skel/apps_rw/org.tizen.aurum-bootstrap/cache/ (stored 0%)
[09/17 19:11:28 UTC] adding: opt/etc/skel/apps_rw/org.tizen.autofilld/ (stored 0%)
[09/17 19:11:28 UTC] adding: opt/etc/skel/apps_rw/org.tizen.autofilld/shared/ (stored 0%)
[09/17 19:11:28 UTC] adding: opt/etc/skel/apps_rw/org.tizen.autofilld/shared/trusted/ (stored 0%)
[09/17 19:11:28 UTC] adding: opt/etc/skel/apps_rw/org.tizen.autofilld/data/ (stored 0%)
[09/17 19:11:28 UTC] adding: opt/etc/skel/apps_rw/org.tizen.autofilld/cache/ (stored 0%)
[09/17 19:11:28 UTC] adding: opt/etc/skel/apps_rw/unikey/ (stored 0%)
[09/17 19:11:28 UTC] adding: opt/etc/skel/apps_rw/unikey/shared/ (stored 0%)
[09/17 19:11:28 UTC] adding: opt/etc/skel/apps_rw/unikey/shared/data (stored 0%)
[09/17 19:11:28 UTC] adding: opt/etc/skel/apps_rw/unikey/data/ (stored 0%)
[09/17 19:11:28 UTC] adding: opt/etc/skel/apps_rw/unikey/cache/ (stored 0%)
[09/17 19:11:28 UTC] adding: opt/etc/skel/apps_rw/org.tizen.inputdelegator/ (stored 0%)
[09/17 19:11:28 UTC] adding: opt/etc/skel/apps_rw/org.tizen.inputdelegator/shared/ (stored 0%)
[09/17 19:11:28 UTC] adding: opt/etc/skel/apps_rw/org.tizen.inputdelegator/data/ (stored 0%)
[09/17 19:11:28 UTC] adding: opt/etc/skel/apps_rw/org.tizen.inputdelegator/cache/ (stored 0%)
[09/17 19:11:28 UTC] adding: opt/etc/skel/apps_rw/org.tizen.net-popup/ (stored 0%)
[09/17 19:11:28 UTC] adding: opt/etc/skel/apps_rw/org.tizen.net-popup/shared/ (stored 0%)
[09/17 19:11:28 UTC] adding: opt/etc/skel/apps_rw/org.tizen.net-popup/data/ (stored 0%)
[09/17 19:11:28 UTC] adding: opt/etc/skel/apps_rw/org.tizen.net-popup/cache/ (stored 0%)
[09/17 19:11:28 UTC] adding: opt/etc/skel/apps_rw/org.tizen.system-signal-sender/ (stored 0%)
[09/17 19:11:28 UTC] adding: opt/etc/skel/apps_rw/org.tizen.system-signal-sender/shared/ (stored 0%)
[09/17 19:11:28 UTC] adding: opt/etc/skel/apps_rw/org.tizen.system-signal-sender/data/ (stored 0%)
[09/17 19:11:28 UTC] adding: opt/etc/skel/apps_rw/org.tizen.system-signal-sender/cache/ (stored 0%)
[09/17 19:11:28 UTC] adding: opt/etc/skel/apps_rw/org.tizen.multi-assistant-service/ (stored 0%)
[09/17 19:11:28 UTC] adding: opt/etc/skel/apps_rw/org.tizen.multi-assistant-service/shared/ (stored 0%)
[09/17 19:11:28 UTC] adding: opt/etc/skel/apps_rw/org.tizen.multi-assistant-service/data/ (stored 0%)
[09/17 19:11:28 UTC] adding: opt/etc/skel/apps_rw/org.tizen.multi-assistant-service/cache/ (stored 0%)
[09/17 19:11:28 UTC] adding: opt/etc/skel/apps_rw/hangul/ (stored 0%)
[09/17 19:11:28 UTC] adding: opt/etc/skel/apps_rw/hangul/shared/ (stored 0%)
[09/17 19:11:28 UTC] adding: opt/etc/skel/apps_rw/hangul/data/ (stored 0%)
[09/17 19:11:28 UTC] adding: opt/etc/skel/apps_rw/hangul/cache/ (stored 0%)
[09/17 19:11:28 UTC] adding: opt/etc/skel/apps_rw/org.tizen.powerkey-syspopup/ (stored 0%)
[09/17 19:11:28 UTC] adding: opt/etc/skel/apps_rw/org.tizen.powerkey-syspopup/shared/ (stored 0%)
[09/17 19:11:28 UTC] adding: opt/etc/skel/apps_rw/org.tizen.powerkey-syspopup/data/ (stored 0%)
[09/17 19:11:28 UTC] adding: opt/etc/skel/apps_rw/org.tizen.powerkey-syspopup/cache/ (stored 0%)
[09/17 19:11:28 UTC] adding: opt/etc/skel/apps_rw/.shared/ (stored 0%)
[09/17 19:11:28 UTC] adding: opt/etc/skel/apps_rw/.shared/org.tizen.ISEDefaultNUI/ (stored 0%)
[09/17 19:11:28 UTC] adding: opt/etc/skel/apps_rw/.shared/org.tizen.ISEDefaultNUI/data/ (stored 0%)
[09/17 19:11:28 UTC] adding: opt/etc/skel/apps_rw/.shared/org.tizen.cssetting-keyboard/ (stored 0%)
[09/17 19:11:28 UTC] adding: opt/etc/skel/apps_rw/.shared/org.tizen.cssetting-keyboard/data/ (stored 0%)
[09/17 19:11:28 UTC] adding: opt/etc/skel/apps_rw/.shared/ise-engine-sunpinyin/ (stored 0%)
[09/17 19:11:28 UTC] adding: opt/etc/skel/apps_rw/.shared/ise-engine-sunpinyin/data/ (stored 0%)
[09/17 19:11:28 UTC] adding: opt/etc/skel/apps_rw/.shared/unikey/ (stored 0%)
[09/17 19:11:28 UTC] adding: opt/etc/skel/apps_rw/.shared/unikey/data/ (stored 0%)
[09/17 19:11:28 UTC] adding: opt/etc/skel/apps_rw/.shared/setting-myaccount-efl/ (stored 0%)
[09/17 19:11:28 UTC] adding: opt/etc/skel/apps_rw/.shared/setting-myaccount-efl/data/ (stored 0%)
[09/17 19:11:28 UTC] adding: opt/etc/skel/apps_rw/org.tizen.bt-syspopup/ (stored 0%)
[09/17 19:11:28 UTC] adding: opt/etc/skel/apps_rw/org.tizen.bt-syspopup/shared/ (stored 0%)
[09/17 19:11:28 UTC] adding: opt/etc/skel/apps_rw/org.tizen.bt-syspopup/shared/trusted/ (stored 0%)
[09/17 19:11:28 UTC] adding: opt/etc/skel/apps_rw/org.tizen.bt-syspopup/data/ (stored 0%)
[09/17 19:11:28 UTC] adding: opt/etc/skel/apps_rw/org.tizen.bt-syspopup/cache/ (stored 0%)
[09/17 19:11:28 UTC] adding: opt/etc/skel/apps_rw/org.tizen.inputmethod-setting/ (stored 0%)
[09/17 19:11:28 UTC] adding: opt/etc/skel/apps_rw/org.tizen.inputmethod-setting/shared/ (stored 0%)
[09/17 19:11:28 UTC] adding: opt/etc/skel/apps_rw/org.tizen.inputmethod-setting/data/ (stored 0%)
[09/17 19:11:28 UTC] adding: opt/etc/skel/apps_rw/org.tizen.inputmethod-setting/cache/ (stored 0%)
[09/17 19:11:28 UTC] adding: opt/etc/skel/apps_rw/org.tizen.homescreen/ (stored 0%)
[09/17 19:11:28 UTC] adding: opt/etc/skel/apps_rw/org.tizen.homescreen/shared/ (stored 0%)
[09/17 19:11:28 UTC] adding: opt/etc/skel/apps_rw/org.tizen.homescreen/shared/trusted/ (stored 0%)
[09/17 19:11:28 UTC] adding: opt/etc/skel/apps_rw/org.tizen.homescreen/data/ (stored 0%)
[09/17 19:11:28 UTC] adding: opt/etc/skel/apps_rw/org.tizen.homescreen/cache/ (stored 0%)
[09/17 19:11:28 UTC] adding: opt/etc/skel/apps_rw/ise-default/ (stored 0%)
[09/17 19:11:28 UTC] adding: opt/etc/skel/apps_rw/ise-default/shared/ (stored 0%)
[09/17 19:11:28 UTC] adding: opt/etc/skel/apps_rw/ise-default/data/ (stored 0%)
[09/17 19:11:28 UTC] adding: opt/etc/skel/apps_rw/ise-default/cache/ (stored 0%)
[09/17 19:11:28 UTC] adding: opt/etc/skel/apps_rw/org.tizen.default-dark-theme/ (stored 0%)
[09/17 19:11:28 UTC] adding: opt/etc/skel/apps_rw/org.tizen.default-dark-theme/shared/ (stored 0%)
[09/17 19:11:28 UTC] adding: opt/etc/skel/apps_rw/org.tizen.default-dark-theme/shared/trusted/ (stored 0%)
[09/17 19:11:28 UTC] adding: opt/etc/skel/apps_rw/org.tizen.default-dark-theme/data/ (stored 0%)
[09/17 19:11:28 UTC] adding: opt/etc/skel/apps_rw/org.tizen.default-dark-theme/cache/ (stored 0%)
[09/17 19:11:28 UTC] adding: opt/etc/skel/apps_rw/setting-myaccount-efl/ (stored 0%)
[09/17 19:11:28 UTC] adding: opt/etc/skel/apps_rw/setting-myaccount-efl/shared/ (stored 0%)
[09/17 19:11:28 UTC] adding: opt/etc/skel/apps_rw/setting-myaccount-efl/shared/data (stored 0%)
[09/17 19:11:28 UTC] adding: opt/etc/skel/apps_rw/setting-myaccount-efl/data/ (stored 0%)
[09/17 19:11:28 UTC] adding: opt/etc/skel/apps_rw/setting-myaccount-efl/cache/ (stored 0%)
[09/17 19:11:28 UTC] adding: opt/etc/skel/apps_rw/org.tizen.system-syspopup/ (stored 0%)
[09/17 19:11:28 UTC] adding: opt/etc/skel/apps_rw/org.tizen.system-syspopup/shared/ (stored 0%)
[09/17 19:11:28 UTC] adding: opt/etc/skel/apps_rw/org.tizen.system-syspopup/data/ (stored 0%)
[09/17 19:11:28 UTC] adding: opt/etc/skel/apps_rw/org.tizen.system-syspopup/cache/ (stored 0%)
[09/17 19:11:28 UTC] adding: opt/etc/skel/apps_rw/.shared_tmp/ (stored 0%)
[09/17 19:11:28 UTC] adding: opt/etc/skel/apps_rw/.shared_tmp/org.tizen.ISEDefaultNUI/ (stored 0%)
[09/17 19:11:28 UTC] adding: opt/etc/skel/apps_rw/.shared_tmp/org.tizen.cssetting-keyboard/ (stored 0%)
[09/17 19:11:28 UTC] adding: opt/etc/skel/apps_rw/.shared_tmp/ise-engine-sunpinyin/ (stored 0%)
[09/17 19:11:28 UTC] adding: opt/etc/skel/apps_rw/.shared_tmp/unikey/ (stored 0%)
[09/17 19:11:28 UTC] adding: opt/etc/skel/apps_rw/.shared_tmp/setting-myaccount-efl/ (stored 0%)
[09/17 19:11:28 UTC] adding: opt/etc/skel/apps_rw/org.tizen.share-panel_common/ (stored 0%)
[09/17 19:11:28 UTC] adding: opt/etc/skel/apps_rw/org.tizen.share-panel_common/shared/ (stored 0%)
[09/17 19:11:28 UTC] adding: opt/etc/skel/apps_rw/org.tizen.share-panel_common/shared/trusted/ (stored 0%)
[09/17 19:11:28 UTC] adding: opt/etc/skel/apps_rw/org.tizen.share-panel_common/data/ (stored 0%)
[09/17 19:11:28 UTC] adding: opt/etc/skel/apps_rw/org.tizen.share-panel_common/cache/ (stored 0%)
[09/17 19:11:28 UTC] adding: opt/etc/skel/apps_rw/org.tizen.vc-engine-default/ (stored 0%)
[09/17 19:11:28 UTC] adding: opt/etc/skel/apps_rw/org.tizen.vc-engine-default/shared/ (stored 0%)
[09/17 19:11:28 UTC] adding: opt/etc/skel/apps_rw/org.tizen.vc-engine-default/data/ (stored 0%)
[09/17 19:11:28 UTC] adding: opt/etc/skel/apps_rw/org.tizen.vc-engine-default/cache/ (stored 0%)
[09/17 19:11:28 UTC] adding: opt/etc/skel/.config/ (stored 0%)
[09/17 19:11:28 UTC] adding: opt/etc/skel/.dotnet/ (stored 0%)
[09/17 19:11:28 UTC] adding: opt/etc/skel/priv_shared_res/ (stored 0%)
[09/17 19:11:28 UTC] adding: opt/etc/skel/.applications/ (stored 0%)
[09/17 19:11:28 UTC] adding: opt/etc/skel/.applications/manifest/ (stored 0%)
[09/17 19:11:28 UTC] adding: opt/etc/skel/.applications/icons/ (stored 0%)
[09/17 19:11:28 UTC] adding: opt/etc/skel/.applications/desktop/ (stored 0%)
[09/17 19:11:28 UTC] adding: opt/etc/skel/.applications/dbspace/ (stored 0%)
[09/17 19:11:28 UTC] adding: opt/etc/skel/.applications/dbspace/.widget.db (deflated 98%)
[09/17 19:11:28 UTC] adding: opt/etc/skel/.applications/dbspace/.widget.db-journal (deflated 98%)
[09/17 19:11:28 UTC] adding: opt/etc/skel/data/ (stored 0%)
[09/17 19:11:28 UTC] adding: opt/etc/localtime (stored 0%)
[09/17 19:11:28 UTC] adding: opt/etc/resolv.conf (deflated 17%)
[09/17 19:11:28 UTC] adding: opt/etc/dump.d/ (stored 0%)
[09/17 19:11:28 UTC] adding: opt/etc/dump.d/module.d/ (stored 0%)
[09/17 19:11:28 UTC] adding: opt/etc/dump.d/module.d/pref_dump.sh (deflated 53%)
[09/17 19:11:28 UTC] adding: opt/etc/dump.d/module.d/inm_network_dump.sh (deflated 67%)
[09/17 19:11:28 UTC] adding: opt/etc/dump.d/module.d/isf_log_dump.sh (deflated 47%)
[09/17 19:11:28 UTC] adding: opt/etc/dump.d/module.d/network_dump.sh (deflated 69%)
[09/17 19:11:28 UTC] adding: opt/etc/dump.d/module.d/tethering_dump.sh (deflated 43%)
[09/17 19:11:28 UTC] adding: opt/etc/dump.d/module.d/buxton_dump.sh (deflated 58%)
[09/17 19:11:28 UTC] adding: opt/etc/dump.d/module.d/dump_gps.sh (deflated 60%)
[09/17 19:11:28 UTC] adding: opt/etc/dump.d/module.d/sticker_log_dump.sh (deflated 43%)
[09/17 19:11:28 UTC] adding: opt/etc/dump.d/module.d/alarmmgr_log_dump.sh (deflated 40%)
[09/17 19:11:28 UTC] adding: opt/etc/dump.d/module.d/dump-download-provider.sh (deflated 34%)
[09/17 19:11:28 UTC] adding: opt/etc/dump.d/module.d/dump-frlog.sh (deflated 55%)
[09/17 19:11:28 UTC] adding: opt/etc/dump.d/module.d/dump_heart_data.sh (deflated 54%)
[09/17 19:11:28 UTC] adding: opt/etc/dump.d/dump_pmstate_log.sh (deflated 22%)
[09/17 19:11:28 UTC] adding: opt/etc/wpa_supplicant/ (stored 0%)
[09/17 19:11:28 UTC] adding: opt/etc/wpa_supplicant/wpa_supplicant.conf (deflated 68%)
[09/17 19:11:28 UTC] adding: opt/etc/.pwd.lock (stored 0%)
[09/17 19:11:28 UTC] adding: opt/etc/version (deflated 6%)
[09/17 19:11:28 UTC] adding: opt/etc/named/ (stored 0%)
[09/17 19:11:28 UTC] adding: opt/etc/named/usr/ (stored 0%)
[09/17 19:11:28 UTC] adding: opt/etc/named/usr/lib/ (stored 0%)
[09/17 19:11:28 UTC] adding: opt/etc/named/usr/lib/engines/ (stored 0%)
[09/17 19:11:28 UTC] adding: opt/etc/named/etc/ (stored 0%)
[09/17 19:11:28 UTC] adding: opt/etc/named/etc/named.conf (deflated 69%)
[09/17 19:11:28 UTC] adding: opt/etc/named/etc/localtime (deflated 43%)
[09/17 19:11:28 UTC] adding: opt/etc/named/etc/namedb/ (stored 0%)
[09/17 19:11:28 UTC] adding: opt/etc/named/etc/namedb/pz/ (stored 0%)
[09/17 19:11:28 UTC] adding: opt/etc/named/etc/namedb/pz/127.0.0 (deflated 61%)
[09/17 19:11:28 UTC] adding: opt/etc/named/etc/namedb/slave/ (stored 0%)
[09/17 19:11:28 UTC] adding: opt/etc/named/etc/namedb/root.hints (deflated 76%)
[09/17 19:11:28 UTC] adding: opt/etc/named/etc/named.conf.rndc (stored 0%)
[09/17 19:11:28 UTC] adding: opt/etc/named/var/ (stored 0%)
[09/17 19:11:28 UTC] adding: opt/etc/named/var/run/ (stored 0%)
[09/17 19:11:28 UTC] adding: opt/etc/named/var/run/named/ (stored 0%)
[09/17 19:11:28 UTC] adding: opt/etc/named/managed-keys.bind (stored 0%)
[09/17 19:11:28 UTC] adding: opt/etc/named/dev/ (stored 0%)
[09/17 19:11:28 UTC] adding: opt/etc/duid-gadget (deflated 92%)
[09/17 19:11:28 UTC] adding: opt/etc/fonts/ (stored 0%)
[09/17 19:11:28 UTC] adding: opt/etc/fonts/conf.avail/ (stored 0%)
[09/17 19:11:28 UTC] adding: opt/etc/fonts/conf.avail/99-tizen.conf (deflated 61%)
[09/17 19:11:28 UTC] adding: opt/etc/fonts/conf.avail/98-tizen-alias.conf (deflated 70%)
[09/17 19:11:28 UTC] adding: opt/home/ (stored 0%)
[09/17 19:11:28 UTC] adding: opt/lost+found/ (stored 0%)
[09/17 19:11:28 UTC] adding: opt/media/ (stored 0%)
[09/17 19:11:28 UTC] adding: opt/mesh/ (stored 0%)
[09/17 19:11:28 UTC] adding: opt/share/ (stored 0%)
[09/17 19:11:28 UTC] adding: opt/share/wae/ (stored 0%)
[09/17 19:11:28 UTC] adding: opt/share/wae/app_dek/ (stored 0%)
[09/17 19:11:28 UTC] adding: opt/share/sticker-data/ (stored 0%)
[09/17 19:11:28 UTC] adding: opt/share/security-config/ (stored 0%)
[09/17 19:11:28 UTC] adding: opt/share/security-config/dummy_file (stored 0%)
[09/17 19:11:28 UTC] adding: opt/share/security-config/test (stored 0%)
[09/17 19:11:28 UTC] adding: opt/share/security-config/not_permitted_service/ (stored 0%)
[09/17 19:11:28 UTC] adding: opt/share/security-config/not_permitted_service/systemd-bless-boot.service (deflated 39%)
[09/17 19:11:28 UTC] adding: opt/share/security-config/not_permitted_service/amd-tizen-action-service.socket (deflated 33%)
[09/17 19:11:28 UTC] adding: opt/share/security-config/not_permitted_service/tizen-watcherd.socket (deflated 30%)
[09/17 19:11:28 UTC] adding: opt/share/security-config/not_permitted_service/systemd-boot-system-token.service (deflated 48%)
[09/17 19:11:28 UTC] adding: opt/share/security-config/result/ (stored 0%)
[09/17 19:11:28 UTC] adding: opt/share/security-config/result/check_new_capabilities.result (stored 0%)
[09/17 19:11:28 UTC] adding: opt/share/security-config/result/dep_test.result (stored 0%)
[09/17 19:11:28 UTC] adding: opt/share/security-config/result/path_check.result (stored 0%)
[09/17 19:11:28 UTC] adding: opt/share/security-config/result/systemd_socket.result (stored 0%)
[09/17 19:11:28 UTC] adding: opt/share/security-config/result/system_service.result (stored 0%)
[09/17 19:11:28 UTC] adding: opt/share/security-config/result/dbus_service.result (stored 0%)
[09/17 19:11:28 UTC] adding: opt/share/security-config/result/aslr_test.result (stored 0%)
[09/17 19:11:28 UTC] adding: opt/share/security-config/log/ (stored 0%)
[09/17 19:11:28 UTC] adding: opt/share/security-config/log/systemd_socket.log (deflated 33%)
[09/17 19:11:28 UTC] adding: opt/share/security-config/log/path_check.log (deflated 48%)
[09/17 19:11:28 UTC] adding: opt/share/security-config/log/image_test_log (deflated 55%)
[09/17 19:11:28 UTC] adding: opt/share/security-config/log/new_service.log (deflated 57%)
[09/17 19:11:28 UTC] adding: opt/share/security-config/log/system_service.log (deflated 48%)
[09/17 19:11:28 UTC] adding: opt/share/ca-certificates/ (stored 0%)
[09/17 19:11:28 UTC] adding: opt/share/ca-certificates/fingerprint/ (stored 0%)
[09/17 19:11:28 UTC] adding: opt/share/ca-certificates/fingerprint/fingerprint_list_runtime.xml (deflated 41%)
[09/17 19:11:28 UTC] adding: opt/share/askuser_disable (stored 0%)
[09/17 19:11:28 UTC] adding: opt/share/bb/ (stored 0%)
[09/17 19:11:28 UTC] adding: opt/share/bb/mapping-bb-rs.xml (deflated 88%)
[09/17 19:11:28 UTC] adding: opt/share/bb/mapping-bb-tct.xml (deflated 91%)
[09/17 19:11:28 UTC] adding: opt/share/bb/mapping-bb-tizenfx.xml (deflated 89%)
[09/17 19:11:28 UTC] adding: opt/share/bb/make_ABB_tag.sh (deflated 59%)
[09/17 19:11:28 UTC] adding: opt/share/bb/make_tizenfx_from_bb.sh (deflated 59%)
[09/17 19:11:28 UTC] adding: opt/share/.elementary/ (stored 0%)
[09/17 19:11:28 UTC] adding: opt/share/signatures/ (stored 0%)
[09/17 19:11:28 UTC] adding: opt/share/location/ (stored 0%)
[09/17 19:11:28 UTC] adding: opt/share/location/nmea/ (stored 0%)
[09/17 19:11:28 UTC] adding: opt/share/packages/ (stored 0%)
[09/17 19:11:28 UTC] adding: opt/share/fonts/ (stored 0%)
[09/17 19:11:28 UTC] adding: opt/system/ (stored 0%)
[09/17 19:11:28 UTC] adding: opt/system/model-config/ (stored 0%)
[09/17 19:11:28 UTC] adding: opt/usr/ (stored 0%)
[09/17 19:11:28 UTC] adding: opt/usr/dotnet/ (stored 0%)
[09/17 19:11:28 UTC] adding: opt/usr/share/ (stored 0%)
[09/17 19:11:28 UTC] adding: opt/usr/home/ (stored 0%)
[09/17 19:11:28 UTC] adding: opt/usr/home/guest/ (stored 0%)
[09/17 19:11:28 UTC] adding: opt/usr/home/guest/apps_rw/ (stored 0%)
[09/17 19:11:28 UTC] adding: opt/usr/home/guest/apps_rw/hangul/ (stored 0%)
[09/17 19:11:28 UTC] adding: opt/usr/home/guest/apps_rw/hangul/cache/ (stored 0%)
[09/17 19:11:28 UTC] adding: opt/usr/home/guest/apps_rw/hangul/data/ (stored 0%)
[09/17 19:11:28 UTC] adding: opt/usr/home/guest/apps_rw/hangul/shared/ (stored 0%)
[09/17 19:11:28 UTC] adding: opt/usr/home/guest/apps_rw/org.tizen.bt-syspopup/ (stored 0%)
[09/17 19:11:28 UTC] adding: opt/usr/home/guest/apps_rw/org.tizen.bt-syspopup/cache/ (stored 0%)
[09/17 19:11:28 UTC] adding: opt/usr/home/guest/apps_rw/org.tizen.bt-syspopup/data/ (stored 0%)
[09/17 19:11:28 UTC] adding: opt/usr/home/guest/apps_rw/org.tizen.bt-syspopup/shared/ (stored 0%)
[09/17 19:11:28 UTC] adding: opt/usr/home/guest/apps_rw/org.tizen.bt-syspopup/shared/trusted/ (stored 0%)
[09/17 19:11:28 UTC] adding: opt/usr/home/guest/apps_rw/unikey/ (stored 0%)
[09/17 19:11:28 UTC] adding: opt/usr/home/guest/apps_rw/unikey/cache/ (stored 0%)
[09/17 19:11:28 UTC] adding: opt/usr/home/guest/apps_rw/unikey/data/ (stored 0%)
[09/17 19:11:28 UTC] adding: opt/usr/home/guest/apps_rw/unikey/shared/ (stored 0%)
[09/17 19:11:28 UTC] adding: opt/usr/home/guest/apps_rw/unikey/shared/data (stored 0%)
[09/17 19:11:28 UTC] adding: opt/usr/home/guest/apps_rw/org.tizen.homescreen/ (stored 0%)
[09/17 19:11:28 UTC] adding: opt/usr/home/guest/apps_rw/org.tizen.homescreen/cache/ (stored 0%)
[09/17 19:11:28 UTC] adding: opt/usr/home/guest/apps_rw/org.tizen.homescreen/data/ (stored 0%)
[09/17 19:11:28 UTC] adding: opt/usr/home/guest/apps_rw/org.tizen.homescreen/shared/ (stored 0%)
[09/17 19:11:28 UTC] adding: opt/usr/home/guest/apps_rw/org.tizen.homescreen/shared/trusted/ (stored 0%)
[09/17 19:11:28 UTC] adding: opt/usr/home/guest/apps_rw/org.tizen.aurum-bootstrap/ (stored 0%)
[09/17 19:11:28 UTC] adding: opt/usr/home/guest/apps_rw/org.tizen.aurum-bootstrap/cache/ (stored 0%)
[09/17 19:11:28 UTC] adding: opt/usr/home/guest/apps_rw/org.tizen.aurum-bootstrap/data/ (stored 0%)
[09/17 19:11:28 UTC] adding: opt/usr/home/guest/apps_rw/org.tizen.aurum-bootstrap/shared/ (stored 0%)
[09/17 19:11:28 UTC] adding: opt/usr/home/guest/apps_rw/org.tizen.aurum-bootstrap/shared/trusted/ (stored 0%)
[09/17 19:11:28 UTC] adding: opt/usr/home/guest/apps_rw/org.tizen.net-popup/ (stored 0%)
[09/17 19:11:28 UTC] adding: opt/usr/home/guest/apps_rw/org.tizen.net-popup/cache/ (stored 0%)
[09/17 19:11:28 UTC] adding: opt/usr/home/guest/apps_rw/org.tizen.net-popup/data/ (stored 0%)
[09/17 19:11:28 UTC] adding: opt/usr/home/guest/apps_rw/org.tizen.net-popup/shared/ (stored 0%)
[09/17 19:11:28 UTC] adding: opt/usr/home/guest/apps_rw/org.tizen.screen-reader/ (stored 0%)
[09/17 19:11:28 UTC] adding: opt/usr/home/guest/apps_rw/org.tizen.screen-reader/cache/ (stored 0%)
[09/17 19:11:28 UTC] adding: opt/usr/home/guest/apps_rw/org.tizen.screen-reader/data/ (stored 0%)
[09/17 19:11:28 UTC] adding: opt/usr/home/guest/apps_rw/org.tizen.screen-reader/shared/ (stored 0%)
[09/17 19:11:28 UTC] adding: opt/usr/home/guest/apps_rw/org.tizen.vc-engine-default/ (stored 0%)
[09/17 19:11:28 UTC] adding: opt/usr/home/guest/apps_rw/org.tizen.vc-engine-default/cache/ (stored 0%)
[09/17 19:11:28 UTC] adding: opt/usr/home/guest/apps_rw/org.tizen.vc-engine-default/data/ (stored 0%)
[09/17 19:11:28 UTC] adding: opt/usr/home/guest/apps_rw/org.tizen.vc-engine-default/shared/ (stored 0%)
[09/17 19:11:28 UTC] adding: opt/usr/home/guest/apps_rw/org.tizen.chromium-efl/ (stored 0%)
[09/17 19:11:28 UTC] adding: opt/usr/home/guest/apps_rw/org.tizen.chromium-efl/cache/ (stored 0%)
[09/17 19:11:28 UTC] adding: opt/usr/home/guest/apps_rw/org.tizen.chromium-efl/data/ (stored 0%)
[09/17 19:11:28 UTC] adding: opt/usr/home/guest/apps_rw/org.tizen.chromium-efl/shared/ (stored 0%)
[09/17 19:11:28 UTC] adding: opt/usr/home/guest/apps_rw/org.tizen.chromium-efl/shared/trusted/ (stored 0%)
[09/17 19:11:28 UTC] adding: opt/usr/home/guest/apps_rw/setting-myaccount-efl/ (stored 0%)
[09/17 19:11:28 UTC] adding: opt/usr/home/guest/apps_rw/setting-myaccount-efl/cache/ (stored 0%)
[09/17 19:11:28 UTC] adding: opt/usr/home/guest/apps_rw/setting-myaccount-efl/data/ (stored 0%)
[09/17 19:11:28 UTC] adding: opt/usr/home/guest/apps_rw/setting-myaccount-efl/shared/ (stored 0%)
[09/17 19:11:28 UTC] adding: opt/usr/home/guest/apps_rw/setting-myaccount-efl/shared/data (stored 0%)
[09/17 19:11:28 UTC] adding: opt/usr/home/guest/apps_rw/.shared_tmp/ (stored 0%)
[09/17 19:11:28 UTC] adding: opt/usr/home/guest/apps_rw/.shared_tmp/unikey/ (stored 0%)
[09/17 19:11:28 UTC] adding: opt/usr/home/guest/apps_rw/.shared_tmp/setting-myaccount-efl/ (stored 0%)
[09/17 19:11:28 UTC] adding: opt/usr/home/guest/apps_rw/.shared_tmp/ise-engine-sunpinyin/ (stored 0%)
[09/17 19:11:28 UTC] adding: opt/usr/home/guest/apps_rw/.shared_tmp/org.tizen.cssetting-keyboard/ (stored 0%)
[09/17 19:11:28 UTC] adding: opt/usr/home/guest/apps_rw/.shared_tmp/org.tizen.ISEDefaultNUI/ (stored 0%)
[09/17 19:11:28 UTC] adding: opt/usr/home/guest/apps_rw/org.tizen.tts-engine-default/ (stored 0%)
[09/17 19:11:28 UTC] adding: opt/usr/home/guest/apps_rw/org.tizen.tts-engine-default/cache/ (stored 0%)
[09/17 19:11:28 UTC] adding: opt/usr/home/guest/apps_rw/org.tizen.tts-engine-default/data/ (stored 0%)
[09/17 19:11:28 UTC] adding: opt/usr/home/guest/apps_rw/org.tizen.tts-engine-default/shared/ (stored 0%)
[09/17 19:11:28 UTC] adding: opt/usr/home/guest/apps_rw/org.tizen.inputmethod-setting/ (stored 0%)
[09/17 19:11:28 UTC] adding: opt/usr/home/guest/apps_rw/org.tizen.inputmethod-setting/cache/ (stored 0%)
[09/17 19:11:28 UTC] adding: opt/usr/home/guest/apps_rw/org.tizen.inputmethod-setting/data/ (stored 0%)
[09/17 19:11:28 UTC] adding: opt/usr/home/guest/apps_rw/org.tizen.inputmethod-setting/shared/ (stored 0%)
[09/17 19:11:28 UTC] adding: opt/usr/home/guest/apps_rw/ise-default/ (stored 0%)
[09/17 19:11:28 UTC] adding: opt/usr/home/guest/apps_rw/ise-default/cache/ (stored 0%)
[09/17 19:11:28 UTC] adding: opt/usr/home/guest/apps_rw/ise-default/data/ (stored 0%)
[09/17 19:11:28 UTC] adding: opt/usr/home/guest/apps_rw/ise-default/shared/ (stored 0%)
[09/17 19:11:28 UTC] adding: opt/usr/home/guest/apps_rw/ise-engine-thai/ (stored 0%)
[09/17 19:11:28 UTC] adding: opt/usr/home/guest/apps_rw/ise-engine-thai/cache/ (stored 0%)
[09/17 19:11:28 UTC] adding: opt/usr/home/guest/apps_rw/ise-engine-thai/data/ (stored 0%)
[09/17 19:11:28 UTC] adding: opt/usr/home/guest/apps_rw/ise-engine-thai/shared/ (stored 0%)
[09/17 19:11:28 UTC] adding: opt/usr/home/guest/apps_rw/ise-engine-sunpinyin/ (stored 0%)
[09/17 19:11:28 UTC] adding: opt/usr/home/guest/apps_rw/ise-engine-sunpinyin/cache/ (stored 0%)
[09/17 19:11:28 UTC] adding: opt/usr/home/guest/apps_rw/ise-engine-sunpinyin/data/ (stored 0%)
[09/17 19:11:28 UTC] adding: opt/usr/home/guest/apps_rw/ise-engine-sunpinyin/shared/ (stored 0%)
[09/17 19:11:28 UTC] adding: opt/usr/home/guest/apps_rw/ise-engine-sunpinyin/shared/data (stored 0%)
[09/17 19:11:28 UTC] adding: opt/usr/home/guest/apps_rw/ise-engine-anthy/ (stored 0%)
[09/17 19:11:28 UTC] adding: opt/usr/home/guest/apps_rw/ise-engine-anthy/cache/ (stored 0%)
[09/17 19:11:28 UTC] adding: opt/usr/home/guest/apps_rw/ise-engine-anthy/data/ (stored 0%)
[09/17 19:11:28 UTC] adding: opt/usr/home/guest/apps_rw/ise-engine-anthy/shared/ (stored 0%)
[09/17 19:11:28 UTC] adding: opt/usr/home/guest/apps_rw/org.tizen.inputdelegator/ (stored 0%)
[09/17 19:11:28 UTC] adding: opt/usr/home/guest/apps_rw/org.tizen.inputdelegator/cache/ (stored 0%)
[09/17 19:11:28 UTC] adding: opt/usr/home/guest/apps_rw/org.tizen.inputdelegator/data/ (stored 0%)
[09/17 19:11:28 UTC] adding: opt/usr/home/guest/apps_rw/org.tizen.inputdelegator/shared/ (stored 0%)
[09/17 19:11:28 UTC] adding: opt/usr/home/guest/apps_rw/wakeup-engine-default/ (stored 0%)
[09/17 19:11:28 UTC] adding: opt/usr/home/guest/apps_rw/wakeup-engine-default/cache/ (stored 0%)
[09/17 19:11:28 UTC] adding: opt/usr/home/guest/apps_rw/wakeup-engine-default/data/ (stored 0%)
[09/17 19:11:28 UTC] adding: opt/usr/home/guest/apps_rw/wakeup-engine-default/shared/ (stored 0%)
[09/17 19:11:28 UTC] adding: opt/usr/home/guest/apps_rw/table/ (stored 0%)
[09/17 19:11:28 UTC] adding: opt/usr/home/guest/apps_rw/table/cache/ (stored 0%)
[09/17 19:11:28 UTC] adding: opt/usr/home/guest/apps_rw/table/data/ (stored 0%)
[09/17 19:11:28 UTC] adding: opt/usr/home/guest/apps_rw/table/shared/ (stored 0%)
[09/17 19:11:28 UTC] adding: opt/usr/home/guest/apps_rw/mmi-manager/ (stored 0%)
[09/17 19:11:28 UTC] adding: opt/usr/home/guest/apps_rw/mmi-manager/cache/ (stored 0%)
[09/17 19:11:28 UTC] adding: opt/usr/home/guest/apps_rw/mmi-manager/data/ (stored 0%)
[09/17 19:11:28 UTC] adding: opt/usr/home/guest/apps_rw/mmi-manager/shared/ (stored 0%)
[09/17 19:11:28 UTC] adding: opt/usr/home/guest/apps_rw/org.tizen.autofill-setting-mobile/ (stored 0%)
[09/17 19:11:28 UTC] adding: opt/usr/home/guest/apps_rw/org.tizen.autofill-setting-mobile/cache/ (stored 0%)
[09/17 19:11:28 UTC] adding: opt/usr/home/guest/apps_rw/org.tizen.autofill-setting-mobile/data/ (stored 0%)
[09/17 19:11:28 UTC] adding: opt/usr/home/guest/apps_rw/org.tizen.autofill-setting-mobile/shared/ (stored 0%)
[09/17 19:11:28 UTC] adding: opt/usr/home/guest/apps_rw/org.tizen.systemui/ (stored 0%)
[09/17 19:11:28 UTC] adding: opt/usr/home/guest/apps_rw/org.tizen.systemui/cache/ (stored 0%)
[09/17 19:11:28 UTC] adding: opt/usr/home/guest/apps_rw/org.tizen.systemui/data/ (stored 0%)
[09/17 19:11:28 UTC] adding: opt/usr/home/guest/apps_rw/org.tizen.systemui/shared/ (stored 0%)
[09/17 19:11:28 UTC] adding: opt/usr/home/guest/apps_rw/org.tizen.systemui/shared/trusted/ (stored 0%)
[09/17 19:11:28 UTC] adding: opt/usr/home/guest/apps_rw/org.tizen.multi-assistant-service/ (stored 0%)
[09/17 19:11:28 UTC] adding: opt/usr/home/guest/apps_rw/org.tizen.multi-assistant-service/cache/ (stored 0%)
[09/17 19:11:28 UTC] adding: opt/usr/home/guest/apps_rw/org.tizen.multi-assistant-service/data/ (stored 0%)
[09/17 19:11:28 UTC] adding: opt/usr/home/guest/apps_rw/org.tizen.multi-assistant-service/shared/ (stored 0%)
[09/17 19:11:28 UTC] adding: opt/usr/home/guest/apps_rw/org.tizen.cssetting-keyboard/ (stored 0%)
[09/17 19:11:28 UTC] adding: opt/usr/home/guest/apps_rw/org.tizen.cssetting-keyboard/cache/ (stored 0%)
[09/17 19:11:28 UTC] adding: opt/usr/home/guest/apps_rw/org.tizen.cssetting-keyboard/data/ (stored 0%)
[09/17 19:11:28 UTC] adding: opt/usr/home/guest/apps_rw/org.tizen.cssetting-keyboard/shared/ (stored 0%)
[09/17 19:11:28 UTC] adding: opt/usr/home/guest/apps_rw/org.tizen.cssetting-keyboard/shared/data (stored 0%)
[09/17 19:11:28 UTC] adding: opt/usr/home/guest/apps_rw/org.tizen.cssetting-keyboard/shared/trusted/ (stored 0%)
[09/17 19:11:28 UTC] adding: opt/usr/home/guest/apps_rw/org.tizen.NUIGadgetViewer/ (stored 0%)
[09/17 19:11:28 UTC] adding: opt/usr/home/guest/apps_rw/org.tizen.NUIGadgetViewer/cache/ (stored 0%)
[09/17 19:11:28 UTC] adding: opt/usr/home/guest/apps_rw/org.tizen.NUIGadgetViewer/data/ (stored 0%)
[09/17 19:11:28 UTC] adding: opt/usr/home/guest/apps_rw/org.tizen.NUIGadgetViewer/shared/ (stored 0%)
[09/17 19:11:28 UTC] adding: opt/usr/home/guest/apps_rw/org.tizen.NUIGadgetViewer/shared/trusted/ (stored 0%)
[09/17 19:11:28 UTC] adding: opt/usr/home/guest/apps_rw/org.tizen.default-dark-theme/ (stored 0%)
[09/17 19:11:28 UTC] adding: opt/usr/home/guest/apps_rw/org.tizen.default-dark-theme/cache/ (stored 0%)
[09/17 19:11:28 UTC] adding: opt/usr/home/guest/apps_rw/org.tizen.default-dark-theme/data/ (stored 0%)
[09/17 19:11:28 UTC] adding: opt/usr/home/guest/apps_rw/org.tizen.default-dark-theme/shared/ (stored 0%)
[09/17 19:11:28 UTC] adding: opt/usr/home/guest/apps_rw/org.tizen.default-dark-theme/shared/trusted/ (stored 0%)
[09/17 19:11:28 UTC] adding: opt/usr/home/guest/apps_rw/org.tizen.askuser-privacy-popup/ (stored 0%)
[09/17 19:11:28 UTC] adding: opt/usr/home/guest/apps_rw/org.tizen.askuser-privacy-popup/cache/ (stored 0%)
[09/17 19:11:28 UTC] adding: opt/usr/home/guest/apps_rw/org.tizen.askuser-privacy-popup/data/ (stored 0%)
[09/17 19:11:28 UTC] adding: opt/usr/home/guest/apps_rw/org.tizen.askuser-privacy-popup/shared/ (stored 0%)
[09/17 19:11:28 UTC] adding: opt/usr/home/guest/apps_rw/org.tizen.askuser-privacy-popup/shared/trusted/ (stored 0%)
[09/17 19:11:28 UTC] adding: opt/usr/home/guest/apps_rw/xwalk-service/ (stored 0%)
[09/17 19:11:28 UTC] adding: opt/usr/home/guest/apps_rw/org.tizen.system-signal-sender/ (stored 0%)
[09/17 19:11:28 UTC] adding: opt/usr/home/guest/apps_rw/org.tizen.system-signal-sender/cache/ (stored 0%)
[09/17 19:11:28 UTC] adding: opt/usr/home/guest/apps_rw/org.tizen.system-signal-sender/data/ (stored 0%)
[09/17 19:11:28 UTC] adding: opt/usr/home/guest/apps_rw/org.tizen.system-signal-sender/shared/ (stored 0%)
[09/17 19:11:28 UTC] adding: opt/usr/home/guest/apps_rw/org.tizen.powerkey-syspopup/ (stored 0%)
[09/17 19:11:28 UTC] adding: opt/usr/home/guest/apps_rw/org.tizen.powerkey-syspopup/cache/ (stored 0%)
[09/17 19:11:28 UTC] adding: opt/usr/home/guest/apps_rw/org.tizen.powerkey-syspopup/data/ (stored 0%)
[09/17 19:11:28 UTC] adding: opt/usr/home/guest/apps_rw/org.tizen.powerkey-syspopup/shared/ (stored 0%)
[09/17 19:11:28 UTC] adding: opt/usr/home/guest/apps_rw/org.tizen.stt-engine-default/ (stored 0%)
[09/17 19:11:28 UTC] adding: opt/usr/home/guest/apps_rw/org.tizen.stt-engine-default/cache/ (stored 0%)
[09/17 19:11:28 UTC] adding: opt/usr/home/guest/apps_rw/org.tizen.stt-engine-default/data/ (stored 0%)
[09/17 19:11:28 UTC] adding: opt/usr/home/guest/apps_rw/org.tizen.stt-engine-default/shared/ (stored 0%)
[09/17 19:11:28 UTC] adding: opt/usr/home/guest/apps_rw/.shared/ (stored 0%)
[09/17 19:11:28 UTC] adding: opt/usr/home/guest/apps_rw/.shared/unikey/ (stored 0%)
[09/17 19:11:28 UTC] adding: opt/usr/home/guest/apps_rw/.shared/unikey/data/ (stored 0%)
[09/17 19:11:28 UTC] adding: opt/usr/home/guest/apps_rw/.shared/setting-myaccount-efl/ (stored 0%)
[09/17 19:11:28 UTC] adding: opt/usr/home/guest/apps_rw/.shared/setting-myaccount-efl/data/ (stored 0%)
[09/17 19:11:28 UTC] adding: opt/usr/home/guest/apps_rw/.shared/ise-engine-sunpinyin/ (stored 0%)
[09/17 19:11:28 UTC] adding: opt/usr/home/guest/apps_rw/.shared/ise-engine-sunpinyin/data/ (stored 0%)
[09/17 19:11:28 UTC] adding: opt/usr/home/guest/apps_rw/.shared/org.tizen.cssetting-keyboard/ (stored 0%)
[09/17 19:11:28 UTC] adding: opt/usr/home/guest/apps_rw/.shared/org.tizen.cssetting-keyboard/data/ (stored 0%)
[09/17 19:11:28 UTC] adding: opt/usr/home/guest/apps_rw/.shared/org.tizen.ISEDefaultNUI/ (stored 0%)
[09/17 19:11:28 UTC] adding: opt/usr/home/guest/apps_rw/.shared/org.tizen.ISEDefaultNUI/data/ (stored 0%)
[09/17 19:11:28 UTC] adding: opt/usr/home/guest/apps_rw/org.tizen.share-panel_common/ (stored 0%)
[09/17 19:11:28 UTC] adding: opt/usr/home/guest/apps_rw/org.tizen.share-panel_common/cache/ (stored 0%)
[09/17 19:11:28 UTC] adding: opt/usr/home/guest/apps_rw/org.tizen.share-panel_common/data/ (stored 0%)
[09/17 19:11:28 UTC] adding: opt/usr/home/guest/apps_rw/org.tizen.share-panel_common/shared/ (stored 0%)
[09/17 19:11:28 UTC] adding: opt/usr/home/guest/apps_rw/org.tizen.share-panel_common/shared/trusted/ (stored 0%)
[09/17 19:11:28 UTC] adding: opt/usr/home/guest/apps_rw/org.tizen.default-light-theme/ (stored 0%)
[09/17 19:11:28 UTC] adding: opt/usr/home/guest/apps_rw/org.tizen.default-light-theme/cache/ (stored 0%)
[09/17 19:11:28 UTC] adding: opt/usr/home/guest/apps_rw/org.tizen.default-light-theme/data/ (stored 0%)
[09/17 19:11:28 UTC] adding: opt/usr/home/guest/apps_rw/org.tizen.default-light-theme/shared/ (stored 0%)
[09/17 19:11:28 UTC] adding: opt/usr/home/guest/apps_rw/org.tizen.default-light-theme/shared/trusted/ (stored 0%)
[09/17 19:11:28 UTC] adding: opt/usr/home/guest/apps_rw/ise-default-dali/ (stored 0%)
[09/17 19:11:28 UTC] adding: opt/usr/home/guest/apps_rw/ise-default-dali/cache/ (stored 0%)
[09/17 19:11:28 UTC] adding: opt/usr/home/guest/apps_rw/ise-default-dali/data/ (stored 0%)
[09/17 19:11:28 UTC] adding: opt/usr/home/guest/apps_rw/ise-default-dali/shared/ (stored 0%)
[09/17 19:11:28 UTC] adding: opt/usr/home/guest/apps_rw/org.tizen.vc-elm-unittests/ (stored 0%)
[09/17 19:11:28 UTC] adding: opt/usr/home/guest/apps_rw/org.tizen.vc-elm-unittests/cache/ (stored 0%)
[09/17 19:11:28 UTC] adding: opt/usr/home/guest/apps_rw/org.tizen.vc-elm-unittests/data/ (stored 0%)
[09/17 19:11:28 UTC] adding: opt/usr/home/guest/apps_rw/org.tizen.vc-elm-unittests/shared/ (stored 0%)
[09/17 19:11:28 UTC] adding: opt/usr/home/guest/apps_rw/org.tizen.ISEDefaultNUI/ (stored 0%)
[09/17 19:11:28 UTC] adding: opt/usr/home/guest/apps_rw/org.tizen.ISEDefaultNUI/cache/ (stored 0%)
[09/17 19:11:28 UTC] adding: opt/usr/home/guest/apps_rw/org.tizen.ISEDefaultNUI/data/ (stored 0%)
[09/17 19:11:28 UTC] adding: opt/usr/home/guest/apps_rw/org.tizen.ISEDefaultNUI/shared/ (stored 0%)
[09/17 19:11:28 UTC] adding: opt/usr/home/guest/apps_rw/org.tizen.ISEDefaultNUI/shared/data (stored 0%)
[09/17 19:11:28 UTC] adding: opt/usr/home/guest/apps_rw/org.tizen.ISEDefaultNUI/shared/trusted/ (stored 0%)
[09/17 19:11:28 UTC] adding: opt/usr/home/guest/apps_rw/ise-engine-default/ (stored 0%)
[09/17 19:11:28 UTC] adding: opt/usr/home/guest/apps_rw/ise-engine-default/cache/ (stored 0%)
[09/17 19:11:28 UTC] adding: opt/usr/home/guest/apps_rw/ise-engine-default/data/ (stored 0%)
[09/17 19:11:28 UTC] adding: opt/usr/home/guest/apps_rw/ise-engine-default/shared/ (stored 0%)
[09/17 19:11:28 UTC] adding: opt/usr/home/guest/apps_rw/org.tizen.autofilld/ (stored 0%)
[09/17 19:11:28 UTC] adding: opt/usr/home/guest/apps_rw/org.tizen.autofilld/cache/ (stored 0%)
[09/17 19:11:28 UTC] adding: opt/usr/home/guest/apps_rw/org.tizen.autofilld/data/ (stored 0%)
[09/17 19:11:28 UTC] adding: opt/usr/home/guest/apps_rw/org.tizen.autofilld/shared/ (stored 0%)
[09/17 19:11:28 UTC] adding: opt/usr/home/guest/apps_rw/org.tizen.autofilld/shared/trusted/ (stored 0%)
[09/17 19:11:28 UTC] adding: opt/usr/home/guest/apps_rw/ise-engine-glm/ (stored 0%)
[09/17 19:11:28 UTC] adding: opt/usr/home/guest/apps_rw/ise-engine-glm/cache/ (stored 0%)
[09/17 19:11:28 UTC] adding: opt/usr/home/guest/apps_rw/ise-engine-glm/data/ (stored 0%)
[09/17 19:11:28 UTC] adding: opt/usr/home/guest/apps_rw/ise-engine-glm/shared/ (stored 0%)
[09/17 19:11:28 UTC] adding: opt/usr/home/guest/apps_rw/org.tizen.system-syspopup/ (stored 0%)
[09/17 19:11:28 UTC] adding: opt/usr/home/guest/apps_rw/org.tizen.system-syspopup/cache/ (stored 0%)
[09/17 19:11:28 UTC] adding: opt/usr/home/guest/apps_rw/org.tizen.system-syspopup/data/ (stored 0%)
[09/17 19:11:28 UTC] adding: opt/usr/home/guest/apps_rw/org.tizen.system-syspopup/shared/ (stored 0%)
[09/17 19:11:28 UTC] adding: opt/usr/home/guest/priv_shared_res/ (stored 0%)
[09/17 19:11:28 UTC] adding: opt/usr/home/guest/.pki/ (stored 0%)
[09/17 19:11:28 UTC] adding: opt/usr/home/guest/.pki/nssdb/ (stored 0%)
[09/17 19:11:28 UTC] adding: opt/usr/home/guest/media/ (stored 0%)
[09/17 19:11:28 UTC] adding: opt/usr/home/guest/media/Images/ (stored 0%)
[09/17 19:11:28 UTC] adding: opt/usr/home/guest/media/Videos/ (stored 0%)
[09/17 19:11:28 UTC] adding: opt/usr/home/guest/media/DCIM/ (stored 0%)
[09/17 19:11:28 UTC] adding: opt/usr/home/guest/media/Shared (stored 0%)
[09/17 19:11:28 UTC] adding: opt/usr/home/guest/media/Sounds/ (stored 0%)
[09/17 19:11:28 UTC] adding: opt/usr/home/guest/media/Games/ (stored 0%)
[09/17 19:11:28 UTC] adding: opt/usr/home/guest/media/Documents/ (stored 0%)
[09/17 19:11:28 UTC] adding: opt/usr/home/guest/media/media_app/ (stored 0%)
[09/17 19:11:28 UTC] adding: opt/usr/home/guest/media/Others/ (stored 0%)
[09/17 19:11:28 UTC] adding: opt/usr/home/guest/media/Downloads/ (stored 0%)
[09/17 19:11:28 UTC] adding: opt/usr/home/guest/media/Music/ (stored 0%)
[09/17 19:11:28 UTC] adding: opt/usr/home/guest/.applications/ (stored 0%)
[09/17 19:11:28 UTC] adding: opt/usr/home/guest/.applications/manifest/ (stored 0%)
[09/17 19:11:28 UTC] adding: opt/usr/home/guest/.applications/desktop/ (stored 0%)
[09/17 19:11:28 UTC] adding: opt/usr/home/guest/.applications/dbspace/ (stored 0%)
[09/17 19:11:28 UTC] adding: opt/usr/home/guest/.applications/dbspace/.widget.db (deflated 98%)
[09/17 19:11:28 UTC] adding: opt/usr/home/guest/.applications/dbspace/.widget.db-journal (deflated 98%)
[09/17 19:11:28 UTC] adding: opt/usr/home/guest/.applications/icons/ (stored 0%)
[09/17 19:11:28 UTC] adding: opt/usr/home/guest/.dotnet/ (stored 0%)
[09/17 19:11:28 UTC] adding: opt/usr/home/guest/.config/ (stored 0%)
[09/17 19:11:28 UTC] adding: opt/usr/home/guest/share/ (stored 0%)
[09/17 19:11:28 UTC] adding: opt/usr/home/guest/share/.voice/ (stored 0%)
[09/17 19:11:28 UTC] adding: opt/usr/home/guest/share/.voice/stt/ (stored 0%)
[09/17 19:11:28 UTC] adding: opt/usr/home/guest/share/.voice/stt/1.0/ (stored 0%)
[09/17 19:11:28 UTC] adding: opt/usr/home/guest/share/.voice/stt/1.0/engine-info/ (stored 0%)
[09/17 19:11:28 UTC] adding: opt/usr/home/guest/share/.voice/stt/1.0/engine-info/org.tizen.stt-engine-default.xml (deflated 59%)
[09/17 19:11:28 UTC] adding: opt/usr/home/guest/.cache/ (stored 0%)
[09/17 19:11:28 UTC] adding: opt/usr/home/guest/data/ (stored 0%)
[09/17 19:11:28 UTC] adding: opt/usr/home/owner/ (stored 0%)
[09/17 19:11:28 UTC] adding: opt/usr/home/owner/media/ (stored 0%)
[09/17 19:11:28 UTC] adding: opt/usr/home/owner/media/Music/ (stored 0%)
[09/17 19:11:28 UTC] adding: opt/usr/home/owner/media/Documents/ (stored 0%)
[09/17 19:11:28 UTC] adding: opt/usr/home/owner/media/DCIM/ (stored 0%)
[09/17 19:11:28 UTC] adding: opt/usr/home/owner/media/Images/ (stored 0%)
[09/17 19:11:28 UTC] adding: opt/usr/home/owner/media/Sounds/ (stored 0%)
[09/17 19:11:28 UTC] adding: opt/usr/home/owner/media/Downloads/ (stored 0%)
[09/17 19:11:28 UTC] adding: opt/usr/home/owner/media/media_app/ (stored 0%)
[09/17 19:11:28 UTC] adding: opt/usr/home/owner/media/Games/ (stored 0%)
[09/17 19:11:28 UTC] adding: opt/usr/home/owner/media/Others/ (stored 0%)
[09/17 19:11:28 UTC] adding: opt/usr/home/owner/media/Videos/ (stored 0%)
[09/17 19:11:28 UTC] adding: opt/usr/home/owner/media/Shared (stored 0%)
[09/17 19:11:28 UTC] adding: opt/usr/home/owner/.cache/ (stored 0%)
[09/17 19:11:28 UTC] adding: opt/usr/home/owner/.pki/ (stored 0%)
[09/17 19:11:28 UTC] adding: opt/usr/home/owner/.pki/nssdb/ (stored 0%)
[09/17 19:11:28 UTC] adding: opt/usr/home/owner/share/ (stored 0%)
[09/17 19:11:28 UTC] adding: opt/usr/home/owner/share/.voice/ (stored 0%)
[09/17 19:11:28 UTC] adding: opt/usr/home/owner/share/.voice/stt/ (stored 0%)
[09/17 19:11:28 UTC] adding: opt/usr/home/owner/share/.voice/stt/1.0/ (stored 0%)
[09/17 19:11:28 UTC] adding: opt/usr/home/owner/share/.voice/stt/1.0/engine-info/ (stored 0%)
[09/17 19:11:28 UTC] adding: opt/usr/home/owner/share/.voice/stt/1.0/engine-info/org.tizen.stt-engine-default.xml (deflated 59%)
[09/17 19:11:28 UTC] adding: opt/usr/home/owner/share/media/ (stored 0%)
[09/17 19:11:28 UTC] adding: opt/usr/home/owner/share/media/.thumb/ (stored 0%)
[09/17 19:11:28 UTC] adding: opt/usr/home/owner/apps_rw/ (stored 0%)
[09/17 19:11:28 UTC] adding: opt/usr/home/owner/apps_rw/org.tizen.tts-engine-default/ (stored 0%)
[09/17 19:11:28 UTC] adding: opt/usr/home/owner/apps_rw/org.tizen.tts-engine-default/shared/ (stored 0%)
[09/17 19:11:28 UTC] adding: opt/usr/home/owner/apps_rw/org.tizen.tts-engine-default/data/ (stored 0%)
[09/17 19:11:28 UTC] adding: opt/usr/home/owner/apps_rw/org.tizen.tts-engine-default/cache/ (stored 0%)
[09/17 19:11:28 UTC] adding: opt/usr/home/owner/apps_rw/ise-default-dali/ (stored 0%)
[09/17 19:11:28 UTC] adding: opt/usr/home/owner/apps_rw/ise-default-dali/shared/ (stored 0%)
[09/17 19:11:28 UTC] adding: opt/usr/home/owner/apps_rw/ise-default-dali/data/ (stored 0%)
[09/17 19:11:28 UTC] adding: opt/usr/home/owner/apps_rw/ise-default-dali/cache/ (stored 0%)
[09/17 19:11:28 UTC] adding: opt/usr/home/owner/apps_rw/org.tizen.askuser-privacy-popup/ (stored 0%)
[09/17 19:11:28 UTC] adding: opt/usr/home/owner/apps_rw/org.tizen.askuser-privacy-popup/shared/ (stored 0%)
[09/17 19:11:28 UTC] adding: opt/usr/home/owner/apps_rw/org.tizen.askuser-privacy-popup/shared/trusted/ (stored 0%)
[09/17 19:11:28 UTC] adding: opt/usr/home/owner/apps_rw/org.tizen.askuser-privacy-popup/data/ (stored 0%)
[09/17 19:11:28 UTC] adding: opt/usr/home/owner/apps_rw/org.tizen.askuser-privacy-popup/cache/ (stored 0%)
[09/17 19:11:28 UTC] adding: opt/usr/home/owner/apps_rw/org.tizen.systemui/ (stored 0%)
[09/17 19:11:28 UTC] adding: opt/usr/home/owner/apps_rw/org.tizen.systemui/shared/ (stored 0%)
[09/17 19:11:28 UTC] adding: opt/usr/home/owner/apps_rw/org.tizen.systemui/shared/trusted/ (stored 0%)
[09/17 19:11:28 UTC] adding: opt/usr/home/owner/apps_rw/org.tizen.systemui/data/ (stored 0%)
[09/17 19:11:28 UTC] adding: opt/usr/home/owner/apps_rw/org.tizen.systemui/cache/ (stored 0%)
[09/17 19:11:28 UTC] adding: opt/usr/home/owner/apps_rw/ise-engine-thai/ (stored 0%)
[09/17 19:11:28 UTC] adding: opt/usr/home/owner/apps_rw/ise-engine-thai/shared/ (stored 0%)
[09/17 19:11:28 UTC] adding: opt/usr/home/owner/apps_rw/ise-engine-thai/data/ (stored 0%)
[09/17 19:11:28 UTC] adding: opt/usr/home/owner/apps_rw/ise-engine-thai/cache/ (stored 0%)
[09/17 19:11:28 UTC] adding: opt/usr/home/owner/apps_rw/org.tizen.ISEDefaultNUI/ (stored 0%)
[09/17 19:11:28 UTC] adding: opt/usr/home/owner/apps_rw/org.tizen.ISEDefaultNUI/shared/ (stored 0%)
[09/17 19:11:28 UTC] adding: opt/usr/home/owner/apps_rw/org.tizen.ISEDefaultNUI/shared/trusted/ (stored 0%)
[09/17 19:11:28 UTC] adding: opt/usr/home/owner/apps_rw/org.tizen.ISEDefaultNUI/shared/data (stored 0%)
[09/17 19:11:28 UTC] adding: opt/usr/home/owner/apps_rw/org.tizen.ISEDefaultNUI/data/ (stored 0%)
[09/17 19:11:28 UTC] adding: opt/usr/home/owner/apps_rw/org.tizen.ISEDefaultNUI/cache/ (stored 0%)
[09/17 19:11:28 UTC] adding: opt/usr/home/owner/apps_rw/org.tizen.screen-reader/ (stored 0%)
[09/17 19:11:28 UTC] adding: opt/usr/home/owner/apps_rw/org.tizen.screen-reader/shared/ (stored 0%)
[09/17 19:11:28 UTC] adding: opt/usr/home/owner/apps_rw/org.tizen.screen-reader/data/ (stored 0%)
[09/17 19:11:28 UTC] adding: opt/usr/home/owner/apps_rw/org.tizen.screen-reader/cache/ (stored 0%)
[09/17 19:11:28 UTC] adding: opt/usr/home/owner/apps_rw/org.tizen.stt-engine-default/ (stored 0%)
[09/17 19:11:28 UTC] adding: opt/usr/home/owner/apps_rw/org.tizen.stt-engine-default/shared/ (stored 0%)
[09/17 19:11:28 UTC] adding: opt/usr/home/owner/apps_rw/org.tizen.stt-engine-default/data/ (stored 0%)
[09/17 19:11:28 UTC] adding: opt/usr/home/owner/apps_rw/org.tizen.stt-engine-default/cache/ (stored 0%)
[09/17 19:11:28 UTC] adding: opt/usr/home/owner/apps_rw/ise-engine-anthy/ (stored 0%)
[09/17 19:11:28 UTC] adding: opt/usr/home/owner/apps_rw/ise-engine-anthy/shared/ (stored 0%)
[09/17 19:11:28 UTC] adding: opt/usr/home/owner/apps_rw/ise-engine-anthy/data/ (stored 0%)
[09/17 19:11:28 UTC] adding: opt/usr/home/owner/apps_rw/ise-engine-anthy/cache/ (stored 0%)
[09/17 19:11:28 UTC] adding: opt/usr/home/owner/apps_rw/org.tizen.cssetting-keyboard/ (stored 0%)
[09/17 19:11:28 UTC] adding: opt/usr/home/owner/apps_rw/org.tizen.cssetting-keyboard/shared/ (stored 0%)
[09/17 19:11:28 UTC] adding: opt/usr/home/owner/apps_rw/org.tizen.cssetting-keyboard/shared/trusted/ (stored 0%)
[09/17 19:11:28 UTC] adding: opt/usr/home/owner/apps_rw/org.tizen.cssetting-keyboard/shared/data (stored 0%)
[09/17 19:11:28 UTC] adding: opt/usr/home/owner/apps_rw/org.tizen.cssetting-keyboard/data/ (stored 0%)
[09/17 19:11:28 UTC] adding: opt/usr/home/owner/apps_rw/org.tizen.cssetting-keyboard/cache/ (stored 0%)
[09/17 19:11:28 UTC] adding: opt/usr/home/owner/apps_rw/ise-engine-glm/ (stored 0%)
[09/17 19:11:28 UTC] adding: opt/usr/home/owner/apps_rw/ise-engine-glm/shared/ (stored 0%)
[09/17 19:11:28 UTC] adding: opt/usr/home/owner/apps_rw/ise-engine-glm/data/ (stored 0%)
[09/17 19:11:28 UTC] adding: opt/usr/home/owner/apps_rw/ise-engine-glm/cache/ (stored 0%)
[09/17 19:11:28 UTC] adding: opt/usr/home/owner/apps_rw/org.tizen.autofill-setting-mobile/ (stored 0%)
[09/17 19:11:28 UTC] adding: opt/usr/home/owner/apps_rw/org.tizen.autofill-setting-mobile/shared/ (stored 0%)
[09/17 19:11:28 UTC] adding: opt/usr/home/owner/apps_rw/org.tizen.autofill-setting-mobile/data/ (stored 0%)
[09/17 19:11:28 UTC] adding: opt/usr/home/owner/apps_rw/org.tizen.autofill-setting-mobile/cache/ (stored 0%)
[09/17 19:11:28 UTC] adding: opt/usr/home/owner/apps_rw/mmi-manager/ (stored 0%)
[09/17 19:11:28 UTC] adding: opt/usr/home/owner/apps_rw/mmi-manager/shared/ (stored 0%)
[09/17 19:11:28 UTC] adding: opt/usr/home/owner/apps_rw/mmi-manager/data/ (stored 0%)
[09/17 19:11:28 UTC] adding: opt/usr/home/owner/apps_rw/mmi-manager/cache/ (stored 0%)
[09/17 19:11:28 UTC] adding: opt/usr/home/owner/apps_rw/org.tizen.NUIGadgetViewer/ (stored 0%)
[09/17 19:11:28 UTC] adding: opt/usr/home/owner/apps_rw/org.tizen.NUIGadgetViewer/shared/ (stored 0%)
[09/17 19:11:28 UTC] adding: opt/usr/home/owner/apps_rw/org.tizen.NUIGadgetViewer/shared/trusted/ (stored 0%)
[09/17 19:11:28 UTC] adding: opt/usr/home/owner/apps_rw/org.tizen.NUIGadgetViewer/data/ (stored 0%)
[09/17 19:11:28 UTC] adding: opt/usr/home/owner/apps_rw/org.tizen.NUIGadgetViewer/cache/ (stored 0%)
[09/17 19:11:28 UTC] adding: opt/usr/home/owner/apps_rw/wakeup-engine-default/ (stored 0%)
[09/17 19:11:28 UTC] adding: opt/usr/home/owner/apps_rw/wakeup-engine-default/shared/ (stored 0%)
[09/17 19:11:28 UTC] adding: opt/usr/home/owner/apps_rw/wakeup-engine-default/data/ (stored 0%)
[09/17 19:11:28 UTC] adding: opt/usr/home/owner/apps_rw/wakeup-engine-default/cache/ (stored 0%)
[09/17 19:11:28 UTC] adding: opt/usr/home/owner/apps_rw/ise-engine-sunpinyin/ (stored 0%)
[09/17 19:11:28 UTC] adding: opt/usr/home/owner/apps_rw/ise-engine-sunpinyin/shared/ (stored 0%)
[09/17 19:11:28 UTC] adding: opt/usr/home/owner/apps_rw/ise-engine-sunpinyin/shared/data (stored 0%)
[09/17 19:11:28 UTC] adding: opt/usr/home/owner/apps_rw/ise-engine-sunpinyin/data/ (stored 0%)
[09/17 19:11:28 UTC] adding: opt/usr/home/owner/apps_rw/ise-engine-sunpinyin/cache/ (stored 0%)
[09/17 19:11:28 UTC] adding: opt/usr/home/owner/apps_rw/table/ (stored 0%)
[09/17 19:11:28 UTC] adding: opt/usr/home/owner/apps_rw/table/shared/ (stored 0%)
[09/17 19:11:28 UTC] adding: opt/usr/home/owner/apps_rw/table/data/ (stored 0%)
[09/17 19:11:28 UTC] adding: opt/usr/home/owner/apps_rw/table/cache/ (stored 0%)
[09/17 19:11:28 UTC] adding: opt/usr/home/owner/apps_rw/ise-engine-default/ (stored 0%)
[09/17 19:11:28 UTC] adding: opt/usr/home/owner/apps_rw/ise-engine-default/shared/ (stored 0%)
[09/17 19:11:28 UTC] adding: opt/usr/home/owner/apps_rw/ise-engine-default/data/ (stored 0%)
[09/17 19:11:28 UTC] adding: opt/usr/home/owner/apps_rw/ise-engine-default/cache/ (stored 0%)
[09/17 19:11:28 UTC] adding: opt/usr/home/owner/apps_rw/org.tizen.chromium-efl/ (stored 0%)
[09/17 19:11:28 UTC] adding: opt/usr/home/owner/apps_rw/org.tizen.chromium-efl/shared/ (stored 0%)
[09/17 19:11:28 UTC] adding: opt/usr/home/owner/apps_rw/org.tizen.chromium-efl/shared/trusted/ (stored 0%)
[09/17 19:11:28 UTC] adding: opt/usr/home/owner/apps_rw/org.tizen.chromium-efl/data/ (stored 0%)
[09/17 19:11:28 UTC] adding: opt/usr/home/owner/apps_rw/org.tizen.chromium-efl/cache/ (stored 0%)
[09/17 19:11:28 UTC] adding: opt/usr/home/owner/apps_rw/xwalk-service/ (stored 0%)
[09/17 19:11:28 UTC] adding: opt/usr/home/owner/apps_rw/org.tizen.default-light-theme/ (stored 0%)
[09/17 19:11:28 UTC] adding: opt/usr/home/owner/apps_rw/org.tizen.default-light-theme/shared/ (stored 0%)
[09/17 19:11:28 UTC] adding: opt/usr/home/owner/apps_rw/org.tizen.default-light-theme/shared/trusted/ (stored 0%)
[09/17 19:11:28 UTC] adding: opt/usr/home/owner/apps_rw/org.tizen.default-light-theme/data/ (stored 0%)
[09/17 19:11:28 UTC] adding: opt/usr/home/owner/apps_rw/org.tizen.default-light-theme/cache/ (stored 0%)
[09/17 19:11:28 UTC] adding: opt/usr/home/owner/apps_rw/org.tizen.vc-elm-unittests/ (stored 0%)
[09/17 19:11:28 UTC] adding: opt/usr/home/owner/apps_rw/org.tizen.vc-elm-unittests/shared/ (stored 0%)
[09/17 19:11:28 UTC] adding: opt/usr/home/owner/apps_rw/org.tizen.vc-elm-unittests/data/ (stored 0%)
[09/17 19:11:28 UTC] adding: opt/usr/home/owner/apps_rw/org.tizen.vc-elm-unittests/cache/ (stored 0%)
[09/17 19:11:28 UTC] adding: opt/usr/home/owner/apps_rw/org.tizen.aurum-bootstrap/ (stored 0%)
[09/17 19:11:28 UTC] adding: opt/usr/home/owner/apps_rw/org.tizen.aurum-bootstrap/shared/ (stored 0%)
[09/17 19:11:28 UTC] adding: opt/usr/home/owner/apps_rw/org.tizen.aurum-bootstrap/shared/trusted/ (stored 0%)
[09/17 19:11:28 UTC] adding: opt/usr/home/owner/apps_rw/org.tizen.aurum-bootstrap/data/ (stored 0%)
[09/17 19:11:28 UTC] adding: opt/usr/home/owner/apps_rw/org.tizen.aurum-bootstrap/cache/ (stored 0%)
[09/17 19:11:28 UTC] adding: opt/usr/home/owner/apps_rw/org.tizen.autofilld/ (stored 0%)
[09/17 19:11:28 UTC] adding: opt/usr/home/owner/apps_rw/org.tizen.autofilld/shared/ (stored 0%)
[09/17 19:11:28 UTC] adding: opt/usr/home/owner/apps_rw/org.tizen.autofilld/shared/trusted/ (stored 0%)
[09/17 19:11:28 UTC] adding: opt/usr/home/owner/apps_rw/org.tizen.autofilld/data/ (stored 0%)
[09/17 19:11:28 UTC] adding: opt/usr/home/owner/apps_rw/org.tizen.autofilld/cache/ (stored 0%)
[09/17 19:11:28 UTC] adding: opt/usr/home/owner/apps_rw/unikey/ (stored 0%)
[09/17 19:11:28 UTC] adding: opt/usr/home/owner/apps_rw/unikey/shared/ (stored 0%)
[09/17 19:11:28 UTC] adding: opt/usr/home/owner/apps_rw/unikey/shared/data (stored 0%)
[09/17 19:11:28 UTC] adding: opt/usr/home/owner/apps_rw/unikey/data/ (stored 0%)
[09/17 19:11:28 UTC] adding: opt/usr/home/owner/apps_rw/unikey/cache/ (stored 0%)
[09/17 19:11:28 UTC] adding: opt/usr/home/owner/apps_rw/org.tizen.inputdelegator/ (stored 0%)
[09/17 19:11:28 UTC] adding: opt/usr/home/owner/apps_rw/org.tizen.inputdelegator/shared/ (stored 0%)
[09/17 19:11:28 UTC] adding: opt/usr/home/owner/apps_rw/org.tizen.inputdelegator/data/ (stored 0%)
[09/17 19:11:28 UTC] adding: opt/usr/home/owner/apps_rw/org.tizen.inputdelegator/cache/ (stored 0%)
[09/17 19:11:28 UTC] adding: opt/usr/home/owner/apps_rw/org.tizen.net-popup/ (stored 0%)
[09/17 19:11:28 UTC] adding: opt/usr/home/owner/apps_rw/org.tizen.net-popup/shared/ (stored 0%)
[09/17 19:11:28 UTC] adding: opt/usr/home/owner/apps_rw/org.tizen.net-popup/data/ (stored 0%)
[09/17 19:11:28 UTC] adding: opt/usr/home/owner/apps_rw/org.tizen.net-popup/cache/ (stored 0%)
[09/17 19:11:28 UTC] adding: opt/usr/home/owner/apps_rw/org.tizen.system-signal-sender/ (stored 0%)
[09/17 19:11:28 UTC] adding: opt/usr/home/owner/apps_rw/org.tizen.system-signal-sender/shared/ (stored 0%)
[09/17 19:11:28 UTC] adding: opt/usr/home/owner/apps_rw/org.tizen.system-signal-sender/data/ (stored 0%)
[09/17 19:11:28 UTC] adding: opt/usr/home/owner/apps_rw/org.tizen.system-signal-sender/cache/ (stored 0%)
[09/17 19:11:28 UTC] adding: opt/usr/home/owner/apps_rw/org.tizen.multi-assistant-service/ (stored 0%)
[09/17 19:11:28 UTC] adding: opt/usr/home/owner/apps_rw/org.tizen.multi-assistant-service/shared/ (stored 0%)
[09/17 19:11:28 UTC] adding: opt/usr/home/owner/apps_rw/org.tizen.multi-assistant-service/data/ (stored 0%)
[09/17 19:11:28 UTC] adding: opt/usr/home/owner/apps_rw/org.tizen.multi-assistant-service/cache/ (stored 0%)
[09/17 19:11:28 UTC] adding: opt/usr/home/owner/apps_rw/hangul/ (stored 0%)
[09/17 19:11:28 UTC] adding: opt/usr/home/owner/apps_rw/hangul/shared/ (stored 0%)
[09/17 19:11:28 UTC] adding: opt/usr/home/owner/apps_rw/hangul/data/ (stored 0%)
[09/17 19:11:28 UTC] adding: opt/usr/home/owner/apps_rw/hangul/cache/ (stored 0%)
[09/17 19:11:28 UTC] adding: opt/usr/home/owner/apps_rw/org.tizen.powerkey-syspopup/ (stored 0%)
[09/17 19:11:28 UTC] adding: opt/usr/home/owner/apps_rw/org.tizen.powerkey-syspopup/shared/ (stored 0%)
[09/17 19:11:28 UTC] adding: opt/usr/home/owner/apps_rw/org.tizen.powerkey-syspopup/data/ (stored 0%)
[09/17 19:11:28 UTC] adding: opt/usr/home/owner/apps_rw/org.tizen.powerkey-syspopup/cache/ (stored 0%)
[09/17 19:11:28 UTC] adding: opt/usr/home/owner/apps_rw/.shared/ (stored 0%)
[09/17 19:11:28 UTC] adding: opt/usr/home/owner/apps_rw/.shared/org.tizen.ISEDefaultNUI/ (stored 0%)
[09/17 19:11:28 UTC] adding: opt/usr/home/owner/apps_rw/.shared/org.tizen.ISEDefaultNUI/data/ (stored 0%)
[09/17 19:11:28 UTC] adding: opt/usr/home/owner/apps_rw/.shared/org.tizen.cssetting-keyboard/ (stored 0%)
[09/17 19:11:28 UTC] adding: opt/usr/home/owner/apps_rw/.shared/org.tizen.cssetting-keyboard/data/ (stored 0%)
[09/17 19:11:28 UTC] adding: opt/usr/home/owner/apps_rw/.shared/ise-engine-sunpinyin/ (stored 0%)
[09/17 19:11:28 UTC] adding: opt/usr/home/owner/apps_rw/.shared/ise-engine-sunpinyin/data/ (stored 0%)
[09/17 19:11:28 UTC] adding: opt/usr/home/owner/apps_rw/.shared/unikey/ (stored 0%)
[09/17 19:11:28 UTC] adding: opt/usr/home/owner/apps_rw/.shared/unikey/data/ (stored 0%)
[09/17 19:11:28 UTC] adding: opt/usr/home/owner/apps_rw/.shared/setting-myaccount-efl/ (stored 0%)
[09/17 19:11:28 UTC] adding: opt/usr/home/owner/apps_rw/.shared/setting-myaccount-efl/data/ (stored 0%)
[09/17 19:11:28 UTC] adding: opt/usr/home/owner/apps_rw/org.tizen.bt-syspopup/ (stored 0%)
[09/17 19:11:28 UTC] adding: opt/usr/home/owner/apps_rw/org.tizen.bt-syspopup/shared/ (stored 0%)
[09/17 19:11:28 UTC] adding: opt/usr/home/owner/apps_rw/org.tizen.bt-syspopup/shared/trusted/ (stored 0%)
[09/17 19:11:28 UTC] adding: opt/usr/home/owner/apps_rw/org.tizen.bt-syspopup/data/ (stored 0%)
[09/17 19:11:28 UTC] adding: opt/usr/home/owner/apps_rw/org.tizen.bt-syspopup/cache/ (stored 0%)
[09/17 19:11:28 UTC] adding: opt/usr/home/owner/apps_rw/org.tizen.inputmethod-setting/ (stored 0%)
[09/17 19:11:28 UTC] adding: opt/usr/home/owner/apps_rw/org.tizen.inputmethod-setting/shared/ (stored 0%)
[09/17 19:11:28 UTC] adding: opt/usr/home/owner/apps_rw/org.tizen.inputmethod-setting/data/ (stored 0%)
[09/17 19:11:28 UTC] adding: opt/usr/home/owner/apps_rw/org.tizen.inputmethod-setting/cache/ (stored 0%)
[09/17 19:11:28 UTC] adding: opt/usr/home/owner/apps_rw/org.tizen.homescreen/ (stored 0%)
[09/17 19:11:28 UTC] adding: opt/usr/home/owner/apps_rw/org.tizen.homescreen/shared/ (stored 0%)
[09/17 19:11:28 UTC] adding: opt/usr/home/owner/apps_rw/org.tizen.homescreen/shared/trusted/ (stored 0%)
[09/17 19:11:28 UTC] adding: opt/usr/home/owner/apps_rw/org.tizen.homescreen/data/ (stored 0%)
[09/17 19:11:28 UTC] adding: opt/usr/home/owner/apps_rw/org.tizen.homescreen/cache/ (stored 0%)
[09/17 19:11:28 UTC] adding: opt/usr/home/owner/apps_rw/ise-default/ (stored 0%)
[09/17 19:11:28 UTC] adding: opt/usr/home/owner/apps_rw/ise-default/shared/ (stored 0%)
[09/17 19:11:28 UTC] adding: opt/usr/home/owner/apps_rw/ise-default/data/ (stored 0%)
[09/17 19:11:28 UTC] adding: opt/usr/home/owner/apps_rw/ise-default/cache/ (stored 0%)
[09/17 19:11:28 UTC] adding: opt/usr/home/owner/apps_rw/org.tizen.default-dark-theme/ (stored 0%)
[09/17 19:11:28 UTC] adding: opt/usr/home/owner/apps_rw/org.tizen.default-dark-theme/shared/ (stored 0%)
[09/17 19:11:28 UTC] adding: opt/usr/home/owner/apps_rw/org.tizen.default-dark-theme/shared/trusted/ (stored 0%)
[09/17 19:11:28 UTC] adding: opt/usr/home/owner/apps_rw/org.tizen.default-dark-theme/data/ (stored 0%)
[09/17 19:11:28 UTC] adding: opt/usr/home/owner/apps_rw/org.tizen.default-dark-theme/cache/ (stored 0%)
[09/17 19:11:28 UTC] adding: opt/usr/home/owner/apps_rw/setting-myaccount-efl/ (stored 0%)
[09/17 19:11:28 UTC] adding: opt/usr/home/owner/apps_rw/setting-myaccount-efl/shared/ (stored 0%)
[09/17 19:11:28 UTC] adding: opt/usr/home/owner/apps_rw/setting-myaccount-efl/shared/data (stored 0%)
[09/17 19:11:28 UTC] adding: opt/usr/home/owner/apps_rw/setting-myaccount-efl/data/ (stored 0%)
[09/17 19:11:28 UTC] adding: opt/usr/home/owner/apps_rw/setting-myaccount-efl/cache/ (stored 0%)
[09/17 19:11:28 UTC] adding: opt/usr/home/owner/apps_rw/org.tizen.system-syspopup/ (stored 0%)
[09/17 19:11:28 UTC] adding: opt/usr/home/owner/apps_rw/org.tizen.system-syspopup/shared/ (stored 0%)
[09/17 19:11:28 UTC] adding: opt/usr/home/owner/apps_rw/org.tizen.system-syspopup/data/ (stored 0%)
[09/17 19:11:28 UTC] adding: opt/usr/home/owner/apps_rw/org.tizen.system-syspopup/cache/ (stored 0%)
[09/17 19:11:28 UTC] adding: opt/usr/home/owner/apps_rw/.shared_tmp/ (stored 0%)
[09/17 19:11:28 UTC] adding: opt/usr/home/owner/apps_rw/.shared_tmp/org.tizen.ISEDefaultNUI/ (stored 0%)
[09/17 19:11:28 UTC] adding: opt/usr/home/owner/apps_rw/.shared_tmp/org.tizen.cssetting-keyboard/ (stored 0%)
[09/17 19:11:28 UTC] adding: opt/usr/home/owner/apps_rw/.shared_tmp/ise-engine-sunpinyin/ (stored 0%)
[09/17 19:11:28 UTC] adding: opt/usr/home/owner/apps_rw/.shared_tmp/unikey/ (stored 0%)
[09/17 19:11:28 UTC] adding: opt/usr/home/owner/apps_rw/.shared_tmp/setting-myaccount-efl/ (stored 0%)
[09/17 19:11:28 UTC] adding: opt/usr/home/owner/apps_rw/org.tizen.share-panel_common/ (stored 0%)
[09/17 19:11:28 UTC] adding: opt/usr/home/owner/apps_rw/org.tizen.share-panel_common/shared/ (stored 0%)
[09/17 19:11:28 UTC] adding: opt/usr/home/owner/apps_rw/org.tizen.share-panel_common/shared/trusted/ (stored 0%)
[09/17 19:11:28 UTC] adding: opt/usr/home/owner/apps_rw/org.tizen.share-panel_common/data/ (stored 0%)
[09/17 19:11:28 UTC] adding: opt/usr/home/owner/apps_rw/org.tizen.share-panel_common/cache/ (stored 0%)
[09/17 19:11:28 UTC] adding: opt/usr/home/owner/apps_rw/org.tizen.vc-engine-default/ (stored 0%)
[09/17 19:11:28 UTC] adding: opt/usr/home/owner/apps_rw/org.tizen.vc-engine-default/shared/ (stored 0%)
[09/17 19:11:28 UTC] adding: opt/usr/home/owner/apps_rw/org.tizen.vc-engine-default/data/ (stored 0%)
[09/17 19:11:28 UTC] adding: opt/usr/home/owner/apps_rw/org.tizen.vc-engine-default/cache/ (stored 0%)
[09/17 19:11:28 UTC] adding: opt/usr/home/owner/.config/ (stored 0%)
[09/17 19:11:28 UTC] adding: opt/usr/home/owner/.dotnet/ (stored 0%)
[09/17 19:11:28 UTC] adding: opt/usr/home/owner/priv_shared_res/ (stored 0%)
[09/17 19:11:28 UTC] adding: opt/usr/home/owner/.applications/ (stored 0%)
[09/17 19:11:28 UTC] adding: opt/usr/home/owner/.applications/manifest/ (stored 0%)
[09/17 19:11:28 UTC] adding: opt/usr/home/owner/.applications/icons/ (stored 0%)
[09/17 19:11:28 UTC] adding: opt/usr/home/owner/.applications/desktop/ (stored 0%)
[09/17 19:11:28 UTC] adding: opt/usr/home/owner/.applications/dbspace/ (stored 0%)
[09/17 19:11:28 UTC] adding: opt/usr/home/owner/.applications/dbspace/.widget.db-journal (deflated 98%)
[09/17 19:11:28 UTC] adding: opt/usr/home/owner/.applications/dbspace/.widget.db (deflated 98%)
[09/17 19:11:28 UTC] adding: opt/usr/home/owner/.applications/dbspace/.media_controller.db (stored 0%)
[09/17 19:11:28 UTC] adding: opt/usr/home/owner/.applications/dbspace/.media.db (stored 0%)
[09/17 19:11:28 UTC] adding: opt/usr/home/owner/.applications/dbspace/privacy/ (stored 0%)
[09/17 19:11:28 UTC] adding: opt/usr/home/owner/data/ (stored 0%)
[09/17 19:11:28 UTC] adding: opt/var/ (stored 0%)
[09/17 19:11:28 UTC] adding: opt/var/crash/ (stored 0%)
[09/17 19:11:28 UTC] adding: opt/var/crash/minicoredumper/ (stored 0%)
[09/17 19:11:28 UTC] adding: opt/var/lock (stored 0%)
[09/17 19:11:28 UTC] adding: opt/var/nis/ (stored 0%)
[09/17 19:11:28 UTC] adding: opt/var/spool/ (stored 0%)
[09/17 19:11:28 UTC] adding: opt/var/spool/lpd/ (stored 0%)
[09/17 19:11:28 UTC] adding: opt/var/spool/mail/ (stored 0%)
[09/17 19:11:28 UTC] adding: opt/var/games/ (stored 0%)
[09/17 19:11:28 UTC] adding: opt/var/preserve/ (stored 0%)
[09/17 19:11:28 UTC] adding: opt/var/local/ (stored 0%)
[09/17 19:11:28 UTC] adding: opt/var/db/ (stored 0%)
[09/17 19:11:28 UTC] adding: opt/var/lib/ (stored 0%)
[09/17 19:11:28 UTC] adding: opt/var/lib/stc/ (stored 0%)
[09/17 19:11:28 UTC] adding: opt/var/lib/stc/exceptions (deflated 60%)
[09/17 19:11:28 UTC] adding: opt/var/lib/download-provider/ (stored 0%)
[09/17 19:11:28 UTC] adding: opt/var/lib/download-provider/settings (stored 0%)
[09/17 19:11:28 UTC] adding: opt/var/lib/buxton2/ (stored 0%)
[09/17 19:11:28 UTC] adding: opt/var/lib/buxton2/user.db (deflated 99%)
[09/17 19:11:28 UTC] adding: opt/var/lib/buxton2/system.db (deflated 86%)
[09/17 19:11:28 UTC] adding: opt/var/lib/buxton2/profile.db (deflated 98%)
[09/17 19:11:28 UTC] adding: opt/var/lib/ca-certificates/ (stored 0%)
[09/17 19:11:28 UTC] adding: opt/var/lib/ca-certificates/ca-bundle.pem (deflated 42%)
[09/17 19:11:28 UTC] adding: opt/var/lib/connman/ (stored 0%)
[09/17 19:11:28 UTC] adding: opt/var/lib/connman/settings (deflated 30%)
[09/17 19:11:28 UTC] adding: opt/var/lib/rpm/ (stored 0%)
[09/17 19:11:28 UTC] adding: opt/var/lib/rpm/Dirnames (deflated 75%)
[09/17 19:11:28 UTC] adding: opt/var/lib/rpm/alternatives/ (stored 0%)
[09/17 19:11:28 UTC] adding: opt/var/lib/rpm/alternatives/halt (deflated 22%)
[09/17 19:11:28 UTC] adding: opt/var/lib/rpm/alternatives/poweroff (deflated 26%)
[09/17 19:11:28 UTC] adding: opt/var/lib/rpm/alternatives/liblapack.so.3 (deflated 43%)
[09/17 19:11:28 UTC] adding: opt/var/lib/rpm/alternatives/libcblas.so.3 (deflated 45%)
[09/17 19:11:28 UTC] adding: opt/var/lib/rpm/alternatives/shutdown (deflated 26%)
[09/17 19:11:28 UTC] adding: opt/var/lib/rpm/alternatives/libopenblas.so.0 (deflated 49%)
[09/17 19:11:28 UTC] adding: opt/var/lib/rpm/alternatives/libblas.so.3 (deflated 45%)
[09/17 19:11:28 UTC] adding: opt/var/lib/rpm/alternatives/reboot (deflated 24%)
[09/17 19:11:28 UTC] adding: opt/var/lib/rpm/alternatives/systemd-shutdown (deflated 49%)
[09/17 19:11:28 UTC] adding: opt/var/lib/rpm/Sigmd5 (deflated 48%)
[09/17 19:11:28 UTC] adding: opt/var/lib/rpm/Transfiletriggername (deflated 99%)
[09/17 19:11:28 UTC] adding: opt/var/lib/rpm/Recommendname (deflated 92%)
[09/17 19:11:28 UTC] adding: opt/var/lib/rpm/Suggestname (deflated 75%)
[09/17 19:11:28 UTC] adding: opt/var/lib/rpm/Providename (deflated 68%)
[09/17 19:11:28 UTC] adding: opt/var/lib/rpm/Requirename (deflated 63%)
[09/17 19:11:29 UTC] adding: opt/var/lib/rpm/Basenames (deflated 62%)
[09/17 19:11:29 UTC] adding: opt/var/lib/rpm/Sha1header (deflated 53%)
[09/17 19:11:29 UTC] adding: opt/var/lib/rpm/Packages (deflated 72%)
[09/17 19:11:29 UTC] adding: opt/var/lib/rpm/.rpm.lock (stored 0%)
[09/17 19:11:29 UTC] adding: opt/var/lib/rpm/Triggername (deflated 99%)
[09/17 19:11:29 UTC] adding: opt/var/lib/rpm/Conflictname (deflated 82%)
[09/17 19:11:29 UTC] adding: opt/var/lib/rpm/Enhancename (deflated 98%)
[09/17 19:11:29 UTC] adding: opt/var/lib/rpm/Supplementname (deflated 98%)
[09/17 19:11:29 UTC] adding: opt/var/lib/rpm/Name (deflated 67%)
[09/17 19:11:29 UTC] adding: opt/var/lib/rpm/Group (deflated 75%)
[09/17 19:11:29 UTC] adding: opt/var/lib/rpm/Obsoletename (deflated 91%)
[09/17 19:11:29 UTC] adding: opt/var/lib/rpm/Filetriggername (deflated 99%)
[09/17 19:11:29 UTC] adding: opt/var/lib/rpm/Installtid (deflated 84%)
[09/17 19:11:29 UTC] adding: opt/var/lib/empty/ (stored 0%)
[09/17 19:11:29 UTC] adding: opt/var/lib/xkb/ (stored 0%)
[09/17 19:11:29 UTC] adding: opt/var/lib/xkb/compiled/ (stored 0%)
[09/17 19:11:29 UTC] adding: opt/var/lib/xkb/dummy.xkb (stored 0%)
[09/17 19:11:29 UTC] adding: opt/var/lib/misc/ (stored 0%)
[09/17 19:11:29 UTC] adding: opt/var/lib/misc/mtp-responder.conf (deflated 54%)
[09/17 19:11:29 UTC] adding: opt/var/lib/misc/dhcpd.leases (stored 0%)
[09/17 19:11:29 UTC] adding: opt/var/lib/wifi-tethering/ (stored 0%)
[09/17 19:11:29 UTC] adding: opt/var/lib/wifi-tethering/settings (deflated 11%)
[09/17 19:11:29 UTC] adding: opt/var/lib/net-config/ (stored 0%)
[09/17 19:11:29 UTC] adding: opt/var/lib/net-config/network_log_dump.sh (deflated 45%)
[09/17 19:11:29 UTC] adding: opt/var/lib/net-config/network_dump.sh (deflated 69%)
[09/17 19:11:29 UTC] adding: opt/var/lib/net-config/settings (deflated 42%)
[09/17 19:11:29 UTC] adding: opt/var/lib/gumd/ (stored 0%)
[09/17 19:11:29 UTC] adding: opt/var/lib/gumd/user/ (stored 0%)
[09/17 19:11:29 UTC] adding: opt/var/lib/gumd/user/5001 (stored 0%)
[09/17 19:11:29 UTC] adding: opt/var/lib/bluetooth/ (stored 0%)
[09/17 19:11:29 UTC] adding: opt/var/lib/bluetooth/voice-recognition-blacklist (deflated 25%)
[09/17 19:11:29 UTC] adding: opt/var/lib/bluetooth/auto-pair-blocklist (deflated 39%)
[09/17 19:11:29 UTC] adding: opt/var/lib/inm-manager/ (stored 0%)
[09/17 19:11:29 UTC] adding: opt/var/lib/inm-manager/settings (deflated 62%)
[09/17 19:11:29 UTC] adding: opt/var/lib/hostapd/ (stored 0%)
[09/17 19:11:29 UTC] adding: opt/var/lib/hostapd/hostapd.accept (deflated 26%)
[09/17 19:11:29 UTC] adding: opt/var/lib/hostapd/.hostapd_tmp (stored 0%)
[09/17 19:11:29 UTC] adding: opt/var/lib/hostapd/hostapd.deny (deflated 17%)
[09/17 19:11:29 UTC] adding: opt/var/mail (stored 0%)
[09/17 19:11:29 UTC] adding: opt/var/run (stored 0%)
[09/17 19:11:29 UTC] adding: opt/var/log/ (stored 0%)
[09/17 19:11:29 UTC] adding: opt/var/log/journal/ (stored 0%)
[09/17 19:11:29 UTC] adding: opt/var/log/dlog/ (stored 0%)
[09/17 19:11:29 UTC] adding: opt/var/log/dlog/critical.a (stored 0%)
[09/17 19:11:29 UTC] adding: opt/var/log/dlog/critical.b (stored 0%)
[09/17 19:11:29 UTC] adding: opt/var/log/alternatives.log (deflated 89%)
[09/17 19:11:29 UTC] adding: opt/var/log/appfw/ (stored 0%)
[09/17 19:11:29 UTC] adding: opt/var/log/appfw/alarmmgr_log/ (stored 0%)
[09/17 19:11:29 UTC] adding: opt/var/log/appfw/app-installers/ (stored 0%)
[09/17 19:11:29 UTC] adding: opt/var/log/appfw/app-installers/installation-history.log (deflated 82%)
[09/17 19:11:29 UTC] adding: opt/var/log/appfw/tizen-watcher/ (stored 0%)
[09/17 19:11:29 UTC] adding: opt/var/log/appfw/tizen-watcher/tizen-watcherd.log (stored 0%)
[09/17 19:11:29 UTC] adding: opt/var/log/appfw/tizen-watcher/plugin-loader.log (stored 0%)
[09/17 19:11:29 UTC] adding: opt/var/log/mused/ (stored 0%)
[09/17 19:11:29 UTC] adding: opt/var/log/tallylog (stored 0%)
[09/17 19:11:29 UTC] adding: opt/var/log/faillog (deflated 100%)
[09/17 19:11:29 UTC] adding: opt/var/security-manager/ (stored 0%)
[09/17 19:11:29 UTC] adding: opt/var/security-manager/policy-version (stored 0%)
[09/17 19:11:29 UTC] adding: opt/var/security-manager/apps-labels (deflated 73%)
[09/17 19:11:29 UTC] adding: opt/var/security-manager/5001/ (stored 0%)
[09/17 19:11:29 UTC] adding: opt/var/security-manager/5001/apps-labels (stored 0%)
[09/17 19:11:29 UTC] adding: opt/var/cache/ (stored 0%)
[09/17 19:11:29 UTC] adding: opt/var/cache/zypp/ (stored 0%)
[09/17 19:11:29 UTC] adding: opt/var/cache/zypp/solv/ (stored 0%)
[09/17 19:11:29 UTC] adding: opt/var/cache/zypp/solv/@System/ (stored 0%)
[09/17 19:11:29 UTC] adding: opt/var/cache/zypp/solv/@System/solv.idx (stored 0%)
[09/17 19:11:29 UTC] adding: opt/var/cache/zypp/solv/@System/solv (deflated 27%)
[09/17 19:11:29 UTC] adding: opt/var/cache/zypp/solv/@System/cookie (stored 0%)
[09/17 19:11:29 UTC] adding: opt/var/cache/ldconfig/ (stored 0%)
[09/17 19:11:29 UTC] adding: opt/var/cache/ldconfig/aux-cache (deflated 73%)
[09/17 19:11:29 UTC] adding: opt/var/cache/fontconfig/ (stored 0%)
[09/17 19:11:29 UTC] adding: opt/var/cache/fontconfig/CACHEDIR.TAG (deflated 25%)
[09/17 19:11:29 UTC] adding: opt/var/cache/fontconfig/4ea63fd9adcf8a3083e84a5aa3203ade-le64.cache-8 (deflated 47%)
[09/17 19:11:29 UTC] adding: opt/var/cache/fontconfig/a307fb9815d691addd7f142e617ee37c-le64.cache-8 (deflated 44%)
[09/17 19:11:29 UTC] adding: opt/var/cache/fontconfig/3830d5c3ddfd5cd38a049b759396e72e-le64.cache-8 (deflated 89%)
[09/17 19:11:29 UTC] adding: opt/var/cache/fontconfig/cdc77cde135ce87b641818a103cc9edb-le64.cache-8 (deflated 86%)
[09/17 19:11:29 UTC] adding: opt/var/opt/ (stored 0%)
[09/17 19:11:29 UTC] adding: opt/var/cynara/ (stored 0%)
[09/17 19:11:29 UTC] adding: opt/var/cynara/db/ (stored 0%)
[09/17 19:11:29 UTC] adding: opt/var/cynara/db/_USER_TYPE_SYSTEM (deflated 87%)
[09/17 19:11:29 UTC] adding: opt/var/cynara/db/_MAIN (deflated 10%)
[09/17 19:11:29 UTC] adding: opt/var/cynara/db/_APPDEFINED (stored 0%)
[09/17 19:11:29 UTC] adding: opt/var/cynara/db/_MANIFESTS_LOCAL (deflated 58%)
[09/17 19:11:29 UTC] adding: opt/var/cynara/db/_USER_TYPE_NORMAL (deflated 87%)
[09/17 19:11:29 UTC] adding: opt/var/cynara/db/_MANIFESTS_GLOBAL (deflated 93%)
[09/17 19:11:29 UTC] adding: opt/var/cynara/db/buckets (deflated 48%)
[09/17 19:11:29 UTC] adding: opt/var/cynara/db/_USER_TYPE_GUEST (deflated 87%)
[09/17 19:11:29 UTC] adding: opt/var/cynara/db/_ (deflated 12%)
[09/17 19:11:29 UTC] adding: opt/var/cynara/db/_PRIVACY_OVERRIDE (stored 0%)
[09/17 19:11:29 UTC] adding: opt/var/cynara/db/_USER_TYPE_ADMIN (deflated 87%)
[09/17 19:11:29 UTC] adding: opt/var/cynara/db/_ADMIN (stored 0%)
[09/17 19:11:29 UTC] adding: opt/var/cynara/db/checksum (deflated 47%)
[09/17 19:11:29 UTC] adding: opt/var/cynara/db/_USER_TYPE_SECURITY (deflated 87%)
[09/17 19:11:29 UTC] calculate checksum...
[09/17 19:11:30 UTC] [09/17 19:11:30 UTC] backup-data.nochroot nochroot post script - end
[09/17 19:11:30 UTC] Create image by cpio.
[09/17 19:11:31 UTC] Create image by cpio.
[09/17 19:11:33 UTC] Copy cpio image from /var/tmp/mic/build/imgcreate-eyu_1uwy/tmp-cpio to /var/tmp/mic/build/imgcreate-eyu_1uwy/tmp-k4mpfzpk.
[09/17 19:11:33 UTC] Copy cpio image from /var/tmp/mic/build/imgcreate-eyu_1uwy/tmp-cpio to /var/tmp/mic/build/imgcreate-eyu_1uwy/tmp-k4mpfzpk.
[09/17 19:11:33 UTC] Resizing filesystem ...
[09/17 19:11:33 UTC] Checking filesystem /var/tmp/mic/build/imgcreate-eyu_1uwy/tmp-k4mpfzpk/rootfs.img
[09/17 19:11:36 UTC] Resizing filesystem ...
[09/17 19:11:36 UTC] Checking filesystem /var/tmp/mic/build/imgcreate-eyu_1uwy/tmp-k4mpfzpk/system-data.img
[09/17 19:11:37 UTC] filesystem size of system-data.img : 70049792 bytes
[09/17 19:11:37 UTC] filesystem size of user.img : 524288000 bytes
[09/17 19:11:37 UTC] filesystem size of rootfs.img : 1960599552 bytes
[09/17 19:11:37 UTC] filesystem size of ramdisk-recovery.img : 16391976 bytes
[09/17 19:11:37 UTC] filesystem size of ramdisk.img : 9457298 bytes
[09/17 19:11:37 UTC] Pack all loop images together to tizen-unified-toolchain_20260917.132101_tizen-headed-aarch64.tar.gz
[09/17 19:11:37 UTC] Running command: tar -C /var/tmp/mic/build/imgcreate-eyu_1uwy/tmp-k4mpfzpk -cf /var/tmp/mic/build/imgcreate-eyu_1uwy/out/tmpq8ca4l2r.tar system-data.img user.img rootfs.img ramdisk-recovery.img ramdisk.img
[09/17 19:11:52 UTC] Running command: gzip -f /var/tmp/mic/build/imgcreate-eyu_1uwy/out/tmpq8ca4l2r.tar
[09/17 19:13:05 UTC] Creating manifest file...
[09/17 19:13:07 UTC] The new image can be found here:
  /data/workspace/gbsbuild-ROOT/IMG_WORKSPACE/8812/WORKSPACE/mic/out/tizen-unified-toolchain_20260917.132101/images/tizen-headed-aarch64/MD5SUMS
  /data/workspace/gbsbuild-ROOT/IMG_WORKSPACE/8812/WORKSPACE/mic/out/tizen-unified-toolchain_20260917.132101/images/tizen-headed-aarch64/SHA1SUMS
  /data/workspace/gbsbuild-ROOT/IMG_WORKSPACE/8812/WORKSPACE/mic/out/tizen-unified-toolchain_20260917.132101/images/tizen-headed-aarch64/SHA256SUMS
  /data/workspace/gbsbuild-ROOT/IMG_WORKSPACE/8812/WORKSPACE/mic/out/tizen-unified-toolchain_20260917.132101/images/tizen-headed-aarch64/manifest.json
  /data/workspace/gbsbuild-ROOT/IMG_WORKSPACE/8812/WORKSPACE/mic/out/tizen-unified-toolchain_20260917.132101/images/tizen-headed-aarch64/tizen-unified-toolchain_20260917.132101_tizen-headed-aarch64.files
  /data/workspace/gbsbuild-ROOT/IMG_WORKSPACE/8812/WORKSPACE/mic/out/tizen-unified-toolchain_20260917.132101/images/tizen-headed-aarch64/tizen-unified-toolchain_20260917.132101_tizen-headed-aarch64.ks
  /data/workspace/gbsbuild-ROOT/IMG_WORKSPACE/8812/WORKSPACE/mic/out/tizen-unified-toolchain_20260917.132101/images/tizen-headed-aarch64/tizen-unified-toolchain_20260917.132101_tizen-headed-aarch64.license
  /data/workspace/gbsbuild-ROOT/IMG_WORKSPACE/8812/WORKSPACE/mic/out/tizen-unified-toolchain_20260917.132101/images/tizen-headed-aarch64/tizen-unified-toolchain_20260917.132101_tizen-headed-aarch64.packages
  /data/workspace/gbsbuild-ROOT/IMG_WORKSPACE/8812/WORKSPACE/mic/out/tizen-unified-toolchain_20260917.132101/images/tizen-headed-aarch64/tizen-unified-toolchain_20260917.132101_tizen-headed-aarch64.tar.gz
  /data/workspace/gbsbuild-ROOT/IMG_WORKSPACE/8812/WORKSPACE/mic/out/tizen-unified-toolchain_20260917.132101/images/tizen-headed-aarch64/tizen-unified-toolchain_20260917.132101_tizen-headed-aarch64.xml

[09/17 19:13:07 UTC] Finished.
